feature10,feature8
113.355862069,116.498666667
113.792222222,115.94
112.844102564,113.615294118
116.76125,114.3875
113.524324324,112.176470588
113.2225,110.9275
