feature10,feature8
0.351302204716,0.336439373175
0.345416190867,0.327386690339
0.351762381022,0.330468753915
0.355892477341,0.312072287185
0.343563327892,0.345910489225
0.313119428939,0.317126266024
0.330907502553,0.313977988539
0.297019250932,0.30885437863
0.355428962585,0.302570555836
0.33868240445,0.303949163514
