feature6,feature3
112.329411765,111.977647059
112.458181818,114.470588235
110.95875,110.887058824
111.647058824,112.056470588
108.644705882,112.313939394
112.396571428,110.192727273
