feature11,feature10,feature8
21.8948484848,21.8803030303,23.5957575758
22.050625,22.3709677419,24.2367647059
22.558125,21.3609375,24.5767647059
21.4715151515,21.2167647059,24.9348484848
,24.0166666667,23.5560606061
,25.4179411765,24.0142424242
,24.7721875,24.0272727273
,24.4078787879,24.51875
,25.2897058824,24.7366666667
,25.1615151515,23.9511764706
,23.5815151515,
,24.3153125,
,24.9642424242,
,25.0961764706,
