feature6,feature3
112.681142857,113.66
112.021935484,112.548387097
113.31030303,109.23
110.994871795,112.08969697
112.23030303,113.995151515
111.371428572,111.443428572
