feature6,feature3
27.9717647059,27.5847058824
27.73,28.3305882353
27.3682857143,27.6320588235
27.8872727273,28.1090909091
27.6326470588,28.093030303
27.6372727273,28.4705882353
