feature6,feature3
0.356509669792,0.347238960688
0.388578588018,0.297115364191
0.278287726074,0.332166020033
0.30009758549,0.407874666231
0.303565372602,0.319571484437
0.268186623484,0.329136295162
