feature7,feature6
15.79,15.084375
15.30296875,14.586875
16.36875,16.6690625
15.5365625,16.1996969697
15.73046875,15.0366666667
