feature6,feature3
23.873030303,23.9770588235
24.5761764706,24.6827272727
24.2875757576,24.4667647059
24.2184848485,25.7793939394
24.1242424242,24.2527272727
24.666969697,24.19
24.1217647059,24.6906060606
24.2770588235,24.6527272727
23.5790909091,24.2403030303
24.246969697,23.9154545455
