feature6,feature3
21.7939393939,21.4670967742
21.804516129,21.6467741935
22.1109375,21.5171875
21.324375,20.9515625
22.21,21.6161290323
21.1071875,21.2875
22.0040625,21.4565625
21.7125,22.185
21.6315625,22.1106451613
21.52,22.4221875
27.7618181818,27.663030303
27.3523529412,27.8941176471
27.6402857143,27.6514705882
27.6985294118,28.0923529412
27.9071428571,28.403030303
27.8579411765,28.0852941176
