feature6,feature3
113.788235294,112.024242424
113.072222222,111.943529412
112.197714286,112.78117647
110.668235294,113.183529412
108.946666667,112.12
113.295294118,112.483529412
