feature10,feature8
27.9517142857,28.4587878788
28.1223529412,27.6341176471
28.7114705882,27.8705882353
27.8944117647,27.7114705882
27.9861764706,28.2606060606
28.2208823529,28.5024242424
