feature6,feature3
27.8044117647,27.4202941176
27.5081818182,27.9806060606
27.4635294118,27.6270588235
27.6693939394,28.0554285714
28.523030303,28.1475757576
27.5148571429,28.0424242424
