feature11,feature10
0.34447609064,0.328321388025
0.343051124941,0.324314168106
0.308922704964,0.332224567087
0.309023269944,0.324216745118
0.333730201324,0.332040243678
