feature11,feature10
21.43,21.8085714286
22.4078125,22.3345454545
21.19625,22.2924242424
22.0903125,21.9803125
21.8681818182,21.781875
,24.3887878788
,24.8666666667
,24.9618181818
,24.8554545455
,25.1984848485
,24.3560606061
,25.2487878788
,24.8166666667
,24.6639393939
,24.5323076923
