feature6,feature3
28.965,28.0653846154
28.3671428571,27.9592307692
28.2729411765,27.9612121212
28.6754545455,28.3282352941
28.5032352941,28.3415151515
27.8693939394,28.0851428571
