feature10,feature8
0.398967076686,0.312443394688
0.402499808656,0.299322625651
0.366598536975,0.395132123962
0.321814770668,0.386016660983
0.30889106627,0.299194208509
0.351459251509,0.299762259288
0.428885199434,0.322089482946
0.419889189506,0.363767151085
0.340305909286,0.318272649892
0.388393448245,0.335713471307
