feature6,feature3
33.1325,33.33
30.71025,30.60375
32.0275,30.7342424242
30.6641025641,29.7888888889
31.1836585366,31.73875
30.2842857143,31.4933333333
31.1044444444,30.0638888889
31.62625,31.20375
30.328,31.065
,29.917027027
