feature6,feature3
31.2140625,29.76875
30.7048484848,30.3
30.3825,30.6415625
31.0975,29.810625
30.749375,30.4945454545
30.4266666667,30.0981818182
30.9384848485,30.0257575758
29.9915625,30.6421875
30.3138235294,29.8048484848
30.7778787879,30.343030303
