feature10,feature8
24.3851515152,24.943030303
24.3308823529,24.8748484848
23.6493939394,23.4329411765
23.7390909091,24.056969697
24.4021212121,23.846969697
23.8909090909,25.04
25.096875,23.9278787879
24.2621212121,24.793030303
23.6648484848,24.0760606061
24.083030303,23.8096969697
