feature6,feature3
28.3722222222,27.2136363636
27.9867647059,28.1061764706
27.7438235294,28.2781818182
27.2434285714,27.3654285714
28.0481818182,27.7954545455
27.8023529412,27.9422222222
27.6629411765,27.7212121212
27.5661111111,28.1470588235
27.6082857143,27.796875
27.8626470588,27.79
,28.0032352941
