feature6,feature3
28.4773529412,28.2962857143
28.1602941176,28.0041176471
28.6894117647,28.2754285714
28.4621212121,28.0051515152
28.21,27.6847058824
27.8620588235,28.0652941176
