feature6,feature3
29.5833333333,28.6992307692
27.7461538462,28.7627272727
27.995,27.4161538462
28.6709090909,28.2784615385
29.2081818182,28.5533333333
28.8275,29.94625
