feature6,feature3
0.436889207511,0.331605511448
0.362310068534,0.401946257926
0.330297082922,0.305824749477
0.369571507243,0.364044965553
0.317641535858,0.362562688809
0.386838516029,0.423706548425
