feature6,feature3
0.414724796234,0.347453059259
0.305341142087,0.406739615121
0.318497495038,0.414736471926
0.380761026651,0.42746459524
12.7525354745,0.414260005271
0.432414533547,0.408204528375
0.375641162768,0.357820150656
0.388313182458,0.381363904796
0.335214186482,0.418406474395
0.29926253076,0.382608932474
