feature6,feature3
0.287812936237,0.343420494889
0.303304681361,0.316079433051
0.356226959557,0.283870644596
0.317583647807,0.36875086687
0.300651790983,0.339705186355
0.316767773995,0.2988611098
0.278236089737,0.311564538464
0.303905900183,0.304240627221
0.268896957196,0.294980408413
,0.302225027489
