feature10,feature8
15.723030303,15.16
15.1395454545,16.8831818182
15.4536363636,16.8083333333
15.4510606061,16.7110606061
15.2247058824,17.1290909091
17.22296875,16.0425
15.6028787879,16.1157575758
15.1808823529,
14.9306060606,
