feature6,feature3
0.34027769233,0.356226599407
0.341162173666,0.328500273398
0.353491824683,0.320259579871
0.332012437414,0.385345253892
0.317542509528,0.333897723771
0.351390831817,0.324860673548
0.363560895321,0.374105327129
0.376035283978,0.364506627867
0.326949250741,0.338072980019
0.328346001171,0.345880926088
