feature6,feature3
28.1761111111,28.7006060606
28.0448571429,28.5267647059
28.2542857143,27.5158823529
27.8965714286,28.4015151515
28.096875,28.0996969697
28.2485294118,
