feature6,feature3
27.9588571429,27.9527272727
28.0541176471,28.7758823529
27.6167647059,28.2185294118
28.0648484848,28.3133333333
27.4576470588,27.6721212121
27.3538235294,27.7871428571
