feature10,feature8
0.326231282297,0.278729463695
0.423120822635,0.346757492614
0.473093902427,0.408222937512
0.459837035058,0.433624737101
0.41522762981,0.383252519856
0.493299581575,0.427751633775
