feature6,feature3
28.7185294118,28.2403030303
27.7058823529,27.5402857143
28.0187878788,28.1608571429
28.0285294118,28.2226470588
28.3025714286,28.0335294118
28.1934285714,28.2426470588
