feature6,feature3
113.180606061,111.07882353
111.184242424,111.3
109.335757576,112.278857143
113.36,112.370909091
112.371764706,111.957647059
112.502352941,112.550588235
