feature6,feature3
0.301478774926,0.347570682111
0.279473599225,0.353371164718
0.357018315603,0.302302235583
0.326727517933,0.361203908342
,0.326361470047
,0.299014659272
