feature10,feature8
0.318680752502,0.312976331871
0.306087706237,0.298767160944
0.419487317149,0.312644755496
0.330159470142,0.306689164219
0.331491408572,0.409109230012
0.324850429707,0.343107601707
0.391109011048,0.303573271043
0.400640800021,0.285307890619
0.294590808344,0.376040382356
0.401676462346,0.397334448625
