feature6,feature3
0.628091593272,0.732307985522
0.5980144429,0.735502113764
0.590283369166,1.01478192621
0.536811230742,0.65912767176
0.60150345437,0.544359220075
