feature6,feature3
28.3320588235,27.7722857143
27.826969697,28.6096969697
27.9221212121,27.9826315789
27.9260606061,27.9942857143
27.7651515152,27.8908823529
27.8391428571,28.1325714286
