feature10,feature8
27.9068571429,28.0257575758
28.4333333333,28.3639393939
28.5664705882,29.01
28.0665714286,28.5468421053
28.4477142857,27.905
