feature6,feature3
28.2928125,28.0836363636
27.9,27.6441176471
28.0057575758,27.8905714286
27.4742857143,28.0005882353
28.2552941176,28.1428571429
27.2897058824,28.1853125
