feature6,feature3
0.312185635927,0.317464388032
0.343676784549,0.309591038439
0.366354440869,0.32510194954
0.403402857442,0.328096337785
0.321365078441,0.403684373452
0.3189825684,0.331561098052
0.326107394946,0.296164930348
0.320271206916,0.322275210914
,0.412614079608
,0.337654006021
