feature6,feature3
27.2167647059,28.3275757576
27.5720588235,27.8637142857
28.11,28.5248571429
27.6265789474,27.8802941176
28.5451515152,28.7857142857
28.3138235294,28.3210526316
