feature10,feature8
0.277746302552,0.318224202025
0.306256967377,0.285783804397
0.313349808788,0.290055058187
0.388043266057,0.332185452457
0.315363270911,0.335748344327
0.393833785274,0.330584735868
0.3429259931,0.421250031121
0.322642620298,0.401280341117
0.397269261613,0.381751664154
,0.306513775124
