feature6,feature3
27.4765714286,28.0473529412
27.2437142857,28.0068571429
27.2673529412,28.1847058824
27.7721212121,27.9334285714
27.7854545455,28.1126470588
28.4211764706,27.6639393939
