feature6,feature3
27.8911764706,28.5505555556
28.168,28.5288235294
28.1428571429,28.2111764706
27.7148571429,27.7518181818
27.8320588235,28.2078787879
28.4670588235,28.4293939394
