feature6,feature3
27.9168571429,28.2210526316
27.9466666667,28.5027272727
27.9179411765,28.6747058824
27.5697142857,27.8145714286
27.6411764706,28.0585294118
,27.9281818182
