feature4,feature3
21.846875,21.6734375
21.1581818182,21.6328125
22.0484375,22.2028125
22.23,22.064375
