feature6,feature3
114.651111111,113.236097561
116.046486486,113.66
114.789189189,114.197837838
113.823809524,116.888648649
114.688648649,114.045405406
114.18,104.738461538
111.660952381,114.082
113.431111111,114.408888889
113.505555556,114.1
113.005,114.451891892
114.503333333,112.832653061
,112.984444444
