feature6,feature3
28.0517647059,28.1433333333
28.15,27.886
28.6105555556,28.4272727273
28.6970588235,28.574
27.7244117647,28.1688571429
27.9591176471,28.0662857143
