feature6,feature3
27.8991428571,28.0842424242
27.8977142857,28.1477142857
27.7702941176,27.9828571429
27.9609090909,28.3882352941
27.7008571429,27.9924242424
27.9441176471,27.6885294118
