feature6,feature3
0.332212379655,0.360205083263
0.324093760869,0.361903933534
0.391269357985,0.455836792622
0.323659869952,0.309751042011
0.316544337786,0.318550477713
0.321853110878,0.328024318102
