feature6,feature3
0.404579769568,0.349343341419
0.333069150699,0.42838463926
0.334821967388,0.393998358919
0.324651589878,0.321628359501
0.351126644036,0.33239370749
0.390154927446,0.340744920643
0.404158683296,0.352471910707
0.314524343538,0.397423198742
0.306254372337,0.348906055828
,0.361095562424
