feature6,feature3
0.41734008498,0.388875142007
0.33449375629,0.333330717973
0.357096084689,0.339582652633
0.412436205856,0.354226334386
0.360595529899,0.338414633311
0.370624903676,0.324646751789
0.334848490402,0.409770463832
0.342967404341,0.337854020149
0.33881884044,0.35068281219
0.349539514617,0.342556030585
