feature10,feature8
0.307184919086,0.368922987463
0.444110892392,0.32042847843
0.339309436055,0.347150503767
0.305122889802,0.327883456524
0.307065240502,0.327440568919
,0.341457967178
