feature6,feature3
0.435703068525,1.52840177321
0.319287503872,0.317022956862
5.20859125937,1.65162349442
0.27152546136,3.44528585924
3.5188306239,0.348349622557
3.65129410425,0.437114930751
0.419035070832,4.12927456332
0.452101494512,0.344249878064
1.1255855672,0.321979335077
,0.405690516096
