feature6,feature3
27.4644444444,28.2582352941
28.2552941176,28.1360526316
28.6135294118,28.7055882353
28.2557575758,27.6503030303
28.1102941176,
