feature10,feature8
24.5012121212,24.6936363636
25.353030303,23.6109090909
24.084375,25.2515151515
24.4335294118,24.1214705882
23.8524242424,24.5881818182
23.3121212121,23.7968571429
23.3736363636,23.9078787879
23.4660606061,24.346969697
24.5379411765,25.1690909091
24.8363636364,24.4267647059
