feature7,feature6
21.27875,22.295
21.0878125,21.3690625
21.555,22.0940625
21.5940625,21.7260606061
21.34,21.3754545455
