feature6,feature3
28.3347058824,28.1882352941
28.0090909091,27.8647058824
28.0054545455,27.6609090909
27.5577142857,27.6388235294
27.9755882353,27.9209090909
28.336969697,27.64
