feature6,feature3
0.319491783853,0.317872486628
0.299986060252,0.323710157098
0.280184364791,0.2960035879
0.316336078353,0.321096602033
0.310054114957,0.28217236679
0.328526042663,0.295159222678
0.293189059887,0.335221550834
0.337898093055,0.309852470131
,0.324949517834
