feature6,feature3
22.137826087,21.7586956522
22.4334782609,21.4273913043
21.8859090909,22.9491304348
22.0756521739,22.5813636364
21.2834782609,21.8777272727
21.4822727273,22.7508333333
21.9854545455,21.9065217391
22.1122727273,21.0447826087
21.842173913,21.1439130435
