feature6,feature3
27.7585294118,27.6020588235
27.9105882353,27.718
27.6972222222,27.2945454545
28.2791176471,28.3081818182
27.6790909091,27.605
28.0234285714,28.1703030303
