feature6,feature3
112.476470588,114.907058824
111.664242424,113.731764706
113.076470588,113.907058824
111.26,111.618181818
112.28969697,114.127058824
113.647272727,113.012571428
