feature10,feature8
24.4233333333,24.9015151515
24.1176470588,24.5066666667
24.5184375,23.4290909091
23.4703030303,24.3057575758
23.5621212121,24.6106060606
24.0318181818,24.7963636364
23.8551515152,23.6797058824
24.7348484848,26.0741666667
24.656969697,25.08
24.3666666667,24.4448484848
