feature6,feature3
0.385176533998,0.358345387204
0.379658913615,0.339810570804
0.356351350646,0.398442605469
0.254477240079,0.329617400391
0.372092021788,0.386662980729
0.384408523211,0.375019500008
0.4072259024,0.355779714057
0.394602265159,0.350300894886
0.347696590803,0.396095333554
0.351075986799,
