feature10,feature8
16.8906060606,15.5474285714
17.0904545455,16.4489393939
15.9024242424,15.6381818182
16.3109090909,15.4678125
16.5539393939,15.3837878788
15.0343939394,17.2039393939
17.21125,15.06828125
15.4322058824,15.8054545455
17.1387878788,16.9321212121
17.0913636364,
