feature10,feature8
24.4688235294,25.4375757576
23.9833333333,24.5424242424
24.9517647059,24.6393939394
24.7424242424,24.7239393939
24.8063636364,24.6642424242
23.8293939394,23.7918181818
26.2796969697,23.886969697
23.5057575758,23.8045454545
23.1424242424,24.3736363636
,24.1827272727
