feature10,feature8
14.9457575758,15.2084848485
15.3613636364,15.7377272727
15.44953125,15.6245454545
16.7530882353,15.8890909091
15.6657575758,16.7740909091
16.9887878788,15.9293939394
17.051969697,15.3333333333
15.5051515152,15.5846969697
16.935,15.5883333333
16.8024242424,15.6345454545
