feature10,feature8
0.369237736566,0.316925521626
0.304824931177,0.378479536764
0.367400334536,0.299887571611
0.349283201155,0.370123158685
0.2991734572,0.316733656849
0.299254729586,0.394820895468
0.353668351174,0.411947785319
0.386211288725,0.313599397164
0.380660784225,0.376878559981
0.40193835417,0.315335231262
