feature7,feature6
15.33484375,15.08390625
15.44734375,15.6009375
14.94640625,14.7153125
16.5124193548,16.7586363636
14.8209375,16.4984375
