feature10,feature8
15.6395454545,15.7242424242
16.3927272727,15.3517647059
15.0315151515,16.79921875
15.563030303,15.1959090909
15.8945454545,17.08
15.4309090909,15.9022058824
16.0159090909,16.6783333333
15.8112006579,16.045
15.0587878788,16.7062121212
15.5322727273,17.0213636364
