feature6,feature3
110.802285714,114.648235294
112.121212121,112.484705882
114.169411765,110.743529412
111.833142857,109.78117647
113.365882353,111.696470588
112.502352941,112.855757576
