feature10,feature8
14.9559090909,16.7933333333
15.6851515152,15.9931818182
16.8227272727,15.3281818182
16.0022727273,15.4972727273
15.73484375,15.6366666667
15.0093939394,15.6866666667
16.91171875,15.0739705882
15.1948484848,16.683030303
16.7602941176,16.4539393939
15.506969697,16.91484375
