feature6,feature3
27.6965625,27.8911428571
27.654,27.9561764706
28.2770588235,27.9877142857
28.2894117647,28.3217647059
27.4574285714,28.0906060606
,27.8526470588
