feature6,feature3
27.253030303,28.0893939394
27.543030303,27.7390909091
28.436875,28.066969697
27.7597058824,27.4494117647
27.7260606061,28.2977142857
27.8067647059,28.5124242424
