feature6,feature3
0.364304983978,0.351215589457
0.407510077325,0.38149892484
0.384691011245,0.367646786492
0.362798971082,0.314643184213
0.348642391216,0.343071976223
