feature10,feature8
110.597894737,114.330909091
114.075428572,112.698285714
113.470588235,111.103157895
111.007272727,111.547368421
111.544,110.916363636
113.250909091,112.0
