feature6,feature3
0.76872118524,0.782980805338
0.659545603291,0.714635135613
0.758941263053,0.725183408171
0.743556664601,0.764615385827
0.710125334092,0.748613690999
0.671585621678,0.698194984563
0.7270507416,0.706277334962
0.738666833471,0.691100611044
,0.773536428699
