feature6,feature3
111.058285714,115.48
109.858181818,112.689411765
111.124848485,112.871515152
112.0,111.381818182
110.212121212,112.443529412
110.22117647,110.117647059
