feature6,feature3
27.6426470588,28.3087878788
27.8411111111,27.8812121212
27.5642424242,28.2532352941
27.9818181818,27.6871428571
27.5208571429,27.8128571429
28.2808823529,27.6865714286
