feature6,feature3
27.79,27.6521212121
28.0897058824,27.8447058824
28.1320588235,27.8751428571
27.73,28.0229411765
27.438125,27.992
27.7017142857,27.8181818182
