feature10,feature8
0.403466328231,0.368887433546
0.424212453431,0.283152464563
0.447608261884,0.324614574977
0.37747402772,0.408407872556
0.309101108304,0.433987183322
0.45302785918,0.422204824839
0.413161057748,0.294102419252
0.275325989943,0.419419786507
0.374659731413,0.307397782237
0.293131162287,0.325458085486
0.405477949499,0.428667597047
0.306327581741,0.353983221442
0.33245217052,0.389686186119
0.452097492216,0.36675619316
,0.417033939055
