feature6,feature3
14.3893548387,14.613125
14.8229032258,14.418125
14.6712903226,14.0815625
15.22375,14.645483871
15.7901666667,14.085625
16.2859375,14.65875
14.6170967742,15.8545
14.7996774194,14.3860606061
14.87125,14.4996774194
14.611875,14.7662878788
13.9675757576,14.1323484848
14.2600735294,14.0134848485
14.2403787879,14.2805147059
14.3638235294,14.1992424242
14.1361764706,14.60875
14.6275735294,
