feature10,feature8
0.30621419952,0.309762977625
0.32534137429,0.399717322688
0.407051564002,0.333608781602
0.293974297372,0.312520137935
0.399736280502,0.34138699063
0.294324513506,0.380810269287
0.310000480155,0.318272722579
0.380002701257,0.451782194553
0.343908566502,0.291467487561
,0.352034614636
