feature10,feature8
0.324706681032,0.338995666292
0.365664528406,0.342652323225
0.338843136447,0.252923468822
0.344028392855,0.356950527099
0.357499749067,0.312710152973
0.333748537824,0.355219811709
0.297863921667,0.317346100516
0.351174050418,0.371027822752
,0.345804713896
,0.321466248772
