feature6,feature3
22.5023529412,23.0567647059
23.1620588235,23.1314705882
23.1273529412,22.5978787879
22.3946341463,23.4070588235
23.2552941176,22.6017647059
22.7117647059,22.18
23.0017647059,22.9920588235
23.0523529412,22.6388235294
,23.6035294118
