feature11,feature10
15.24734375,15.346875
16.44671875,16.6284375
16.894375,14.8775
15.1484375,15.6416129032
15.34125,15.1929032258
