feature6,feature3
28.7426470588,27.8554545455
27.72,28.5473529412
28.258,27.9014705882
27.892972973,28.3626470588
28.1563636364,28.5094117647
28.1102941176,28.3330769231
