feature6,feature3
111.506666667,113.388235294
113.223529412,110.917647059
111.945882353,112.675428572
111.230588235,113.542352941
110.948235294,111.798787879
110.386666667,112.922352941
