feature6,feature3
111.012121212,113.486857143
109.213333333,112.78
110.975757576,113.869090909
110.53125,111.867878788
108.134117647,114.95030303
112.690909091,112.764848485
