feature6,feature3
28.7818181818,28.6452941176
28.5387878788,28.5011428571
27.8155555556,28.1708823529
27.5648484848,28.5367567568
27.9312121212,28.4473529412
27.7715151515,28.4147058824
