feature6,feature3
111.64117647,110.947878788
111.735757576,113.615294118
113.4,113.01882353
113.709411765,114.056
110.14117647,109.991515152
110.806857143,112.305555556
