feature10,feature8
0.346393406584,0.313666389281
0.302111341581,0.324662118493
0.328248476157,0.353901576259
0.321203202239,0.344485296377
0.355034044801,0.346608541317
0.369959355415,0.328058939345
0.340313809362,0.330258704226
0.3567770487,0.329233058053
0.34104157828,0.333987643353
0.353692950839,0.315249521773
