feature10,feature8
118.510769231,112.066
116.012307692,112.396666667
118.671428572,111.276
116.254117647,116.068571428
116.287272727,117.8025
113.856,114.616842105
