feature6,feature3
27.5685294118,28.32
27.9472727273,28.8476470588
27.8,28.833030303
27.6641176471,27.4258823529
,27.38
,27.8888235294
