feature10,feature8
0.304429361462,0.280289495818
0.387010279789,0.314046923798
0.303754604769,0.317674319184
0.406148040941,0.37220399477
0.404303328164,0.327808027246
0.315948286789,0.332773189011
0.380764886199,0.396440295841
0.385903515914,0.333245729423
0.407784138986,0.331836488566
0.284560008721,0.413435466881
