feature10,feature8
28.1493939394,28.3566666667
28.2332352941,28.1888571429
27.6521212121,29.0028571429
27.4417647059,27.446969697
28.1779411765,28.465
28.1714705882,28.0748484848
