feature10,feature8
17.1551515152,17.3093939394
15.1821212121,15.8465151515
16.5159285714,15.2101515152
15.6364761513,16.1038235294
15.1272058824,15.9066666667
17.1074242424,17.2996969697
15.0140909091,15.5618181818
15.9148529412,15.6961764706
17.2031818182,17.1868918919
15.9715151515,17.2553030303
