feature6,feature3
113.03882353,113.372
113.2475,114.33
112.847058824,114.486060606
111.446060606,111.890588235
112.589189189,113.53882353
113.997714286,116.04
