feature6,feature3
0.362180375915,0.456124761255
0.303854277055,0.361097109594
0.40882836518,0.359445671236
0.317321053817,0.31035538563
0.356708029363,0.406092253826
0.379809597405,0.377175736413
