feature6,feature3
0.38647360093,0.341989994813
0.361407218018,0.332162066504
0.326218803733,0.349995747224
0.34775060947,0.337521132919
0.306335145592,
0.29382911988,
