feature10,feature8
0.315402412984,0.410913903849
0.330771690549,0.39439535073
0.286115096342,0.352677742239
0.401973524689,0.134348438517
0.374211959137,0.315621621269
0.380867672226,0.34346764174
0.341155730458,0.399845468885
0.344356260662,0.403815306472
0.400349164836,0.319335582113
0.312368572684,0.32294385148
