feature6,feature3
114.094117647,112.887058824
111.76,111.695294118
110.52,118.842
112.481212121,110.83030303
112.406060606,111.051578947
110.821818182,109.934117647
