feature10,feature8
0.387959289921,0.295180824017
0.411553029109,0.307611630765
0.396154331737,0.316095529794
0.370641511394,0.357621385064
0.309830513884,0.302232045155
0.404238877061,0.387664809829
0.323848756435,0.186756082083
0.329651810378,0.334790481595
0.33667876147,0.378110543718
0.311738791807,0.29907056654
0.383912843621,0.318027983929
0.391950768095,0.298139588024
0.314822866552,0.338148083723
0.414027264572,0.410697042573
0.325592298598,
