feature6,feature3
28.1155882353,27.964
27.6606060606,28.2663636364
28.3948484848,27.9661764706
27.8860606061,27.9141176471
27.9347058824,28.4505882353
27.8414705882,28.3657575758
