feature6,feature3
18.55625,20.7685714286
19.634,18.3753846154
19.41,20.173125
18.4894117647,18.9614285714
16.68234375,19.99125
16.9038333333,19.9544444444
18.5314285714,18.3225
18.171875,18.2783333333
19.1568,18.4825
18.495078125,
