feature10,feature8
24.511875,24.5409090909
24.0712121212,23.625
24.28,24.6842424242
24.18,24.3221212121
23.6796969697,24.3918181818
23.6264705882,24.1021212121
23.6863636364,24.5593939394
23.5861764706,24.9397435897
24.5645454545,23.7788235294
24.386969697,
