feature6,feature3
15.0025,15.3098387097
15.3735483871,16.6004545455
15.47421875,14.8817741935
16.3821212121,15.444516129
15.5596774194,15.4039393939
15.7006451613,16.1729032258
15.6284375,12.0132258065
15.0816129032,15.5415625
15.265625,15.1412121212
15.4206451613,15.2790322581
