feature4,feature10,feature3,feature8
0.337073773989,0.342008540134,0.332092967086,0.313607444842
0.322906409381,0.348999425201,0.320027110282,0.321806182273
0.323600757383,0.308904570484,0.337401549092,0.326820843739
0.326801418753,0.348627197231,0.314065572228,0.341663587107
,0.356640738162,,0.328772510171
,0.307333685085,,0.357816281398
,0.365378403631,,0.343266179383
,0.367719463587,,0.377000453468
,0.354947030486,,0.349519146293
,0.340207298774,,0.348874216894
