feature6,feature3
28.1052941176,27.9618181818
28.4182857143,27.98
28.3054285714,26.915
28.0457575758,28.3605882353
28.0885294118,28.2665714286
28.0397142857,28.5212121212
