feature10,feature8
0.226669901574,0.356870064097
0.373772597121,0.255239604953
0.308255613605,0.349534945269
0.378834260707,0.298828792526
0.42384488965,0.227876597841
,0.376852191327
