feature10,feature8
15.3488513514,14.9466666667
14.6265714286,14.8273529412
14.9601515152,14.6961842105
14.6381818182,14.9706060606
14.8851470588,15.126875
15.3646875,15.6846323529
