feature10,feature8
15.9278787879,14.87
15.133030303,15.55
16.1378787879,17.20078125
16.9023529412,15.2854545455
17.2109090909,16.5616666667
14.5895454545,15.5872727273
15.7145454545,16.0266666667
15.6225757576,15.8593939394
,16.86875
,16.8046875
