feature6,feature3
0.326250711328,0.280689779475
0.49655788405,0.421655316269
0.352425320692,0.2770046077
0.65742777662,0.243093394911
0.327199568218,0.259590218084
0.297989051781,0.650339196005
0.241124621239,0.388005100869
0.261510863007,0.963020731446
1.71384868881,0.247817912158
0.316139091813,
