feature6,feature3
27.425,28.2775757576
27.8591428571,28.2702857143
28.5851428571,28.2872727273
27.6672727273,28.31
28.404,28.573030303
27.3391176471,28.7597058824
