feature6,feature3
0.367416204821,0.535770561854
0.428269021917,1.03332479046
0.623679149643,0.577109404361
0.521036738286,0.400661444319
0.451747971829,0.31439341182
0.346025876782,0.392585296209
0.78707191032,0.339799004865
0.873349492994,0.42884964436
0.328990826124,0.375858396701
,0.307095293403
