feature10,feature8
25.1866666667,24.4590909091
23.9448484848,23.55
24.9124242424,24.9036363636
23.7426470588,24.5272727273
24.6710526316,24.1866666667
25.1651515152,24.5618181818
24.32625,23.4693939394
24.5375757576,24.623030303
24.3606060606,23.8409090909
24.3042424242,24.2978787879
