feature11,feature10
0.321519607051,0.316531854213
0.324182778099,0.310180880935
0.34046962659,0.300203086434
0.315520949166,0.283338853008
,0.357190578115
,0.315391363115
,0.355939087467
,0.352182125065
,0.336564938901
,0.341400618602
,0.356298448851
,0.328505026087
,0.301454646774
,0.320450103485
