feature9,feature10,feature8
22.1515625,24.1396969697,21.90875
22.1636363636,25.1681818182,21.576875
21.98375,24.32,22.2153125
22.4912903226,23.9915151515,22.2975757576
21.7125806452,24.2163636364,21.636875
,23.9433333333,24.196969697
,24.0575757576,24.2590909091
,26.9218181818,24.4339393939
,23.6593939394,24.7772727273
,24.8672727273,24.7006060606
,,25.1987878788
,,24.4939473684
,,24.3003030303
,,23.8242424242
,,24.435
