feature6,feature3
0.394309770737,0.330580991573
0.392685662885,0.340095086504
0.351558944649,0.317037613898
0.388924722968,0.41786978785
0.33716358591,
