feature6,feature3
28.0823529412,27.9944117647
28.1145454545,28.6176470588
27.7396875,27.7217647059
27.9117647059,28.0141176471
27.1611764706,28.0784848485
28.0991428571,27.5481818182
