feature6,feature3
14.8532142857,14.9523529412
14.3172727273,14.1729411765
14.6633333333,14.1721212121
14.2808823529,14.3092424242
14.5846969697,14.9786764706
14.3041176471,14.8395454545
