feature10,feature8
32.0717647059,32.6096969697
32.9027272727,32.2724242424
32.7624242424,32.2384848485
32.2712121212,33.50125
33.2121875,32.7090909091
33.0017647059,33.3142424242
32.2987878788,31.7421212121
32.0239393939,32.483030303
32.2552941176,32.7990909091
32.7015151515,33.9267647059
