feature10,feature8
0.328070145983,0.362101697164
0.28571262041,0.353113141105
0.362680813437,0.312894360484
0.360803492463,0.340426023221
0.364365216299,0.374334563493
0.32017607083,0.379529940696
0.370982121856,0.349395976755
0.349656034271,0.330129899456
0.357551001783,0.368127948713
0.35222226873,0.346331833996
