feature10,feature8
28.5206451613,27.9793939394
28.0678313253,28.1446666667
28.414375,28.4783870968
27.8146875,28.325862069
27.6904819277,28.1890909091
28.2992857143,28.3016129032
