feature6,feature3
0.298467154364,0.291546355939
0.45454792779,0.312572313173
0.34276275841,0.427852419703
0.395004050077,0.364309685905
0.409759437422,0.364984610068
0.418953049847,0.361895392074
