feature6,feature3
24.5609090909,24.5528125
24.8257575758,24.6190909091
24.1684848485,24.3687878788
25.39,24.4806060606
24.4611764706,24.4448484848
24.2921212121,24.6103030303
24.4354545455,24.6512121212
24.2360606061,24.6172727273
24.3126470588,25.7579411765
,23.8657575758
