feature6,feature3
14.1417647059,14.7273529412
14.2008571429,14.9475
14.8577142857,14.1590151515
14.2574242424,14.4065151515
14.3833333333,14.9005147059
13.9707352941,
