feature10,feature8
0.333160217005,0.368887877097
0.309607339188,0.334834883196
0.35792791352,0.286711458277
0.323916135257,0.350295029114
0.341560014632,0.338522992413
0.317166443704,0.34555971853
0.277531465166,0.349649238982
0.365420500775,0.348316115419
0.362742843619,0.364964394944
0.350862745557,0.362626302486
