feature6,feature3
111.252941176,113.92
111.417647059,110.96969697
111.789411765,112.675294118
110.435294118,113.34
112.007272727,112.28117647
111.890909091,111.814117647
109.842352941,112.472
112.367058824,112.192941176
113.966060606,111.250588235
112.872941176,112.824242424
109.989411765,113.275151515
111.198787879,113.190588235
