feature6,feature3
28.1046875,28.7503030303
27.9829411765,27.9420588235
28.22,28.8570588235
28.5214705882,28.0874285714
28.7785294118,28.2418181818
27.495,28.1931428571
