feature10,feature8
0.399419933235,0.396347784446
0.311861480927,0.313408260254
0.345172231729,0.382954849635
0.367897549944,0.301702650926
0.327129111456,0.39981457228
0.307282275415,0.303570419846
0.42440781956,0.303717874957
0.348826207496,0.390474519242
0.402724267926,0.309100618178
,0.427222468489
