feature10,feature8
0.377986887522,0.354391759237
0.304857162334,0.310535303588
0.397631570432,0.31617979791
0.349857400707,0.291496870122
0.305575195103,0.311478574546
0.323873654773,0.321402603126
0.395661949964,0.308137948803
0.349028692918,0.3147534821
0.350240457867,0.305773302993
0.417142961431,0.315519870714
0.291714562233,0.376689747202
0.385800968551,0.381046587164
0.297103496601,0.316787559501
0.290874355436,0.406083465209
,0.312090521555
