feature6,feature3
111.475294118,111.054117647
111.794285714,111.190857143
115.262352941,110.651764706
111.638787879,113.793142857
111.275294118,112.76117647
112.847058824,112.712941176
