feature10,feature8
0.337926371608,0.364318660424
0.324434922306,0.325379860691
0.347206411625,0.336970937991
0.356302272939,0.321693152536
0.334741171589,0.350048928789
0.332690259306,0.346143603684
0.342871909643,0.330284110071
0.358285202015,0.33897907489
0.344769591142,0.318662758292
0.325355460295,0.338959788179
