feature10,feature8
15.7056060606,16.8865151515
15.5133333333,16.7148484848
14.8610606061,15.9118181818
16.7940909091,15.2878787879
14.8190909091,16.9233333333
16.3625757576,15.8833333333
15.7687878788,16.9537878788
15.9758823529,16.5190909091
15.7081818182,15.46
,15.2157575758
