feature10,feature8
0.412361581511,0.318076099719
0.421143725046,0.420718349339
0.352929397806,0.397713695725
0.399204388672,0.420725384781
0.304335292695,0.39519072296
0.32064404351,0.302486504004
0.338633296948,0.396527541316
0.305291040571,0.416952235858
0.304778098632,0.367881499459
