feature6,feature3
0.377109825833,0.421760289861
0.311878929661,0.308354933265
0.393317763679,0.470672880206
0.366553998319,0.363718241783
0.325557539453,0.381756524256
0.423192133864,0.332089040872
