feature6,feature3
27.4371875,27.6972727273
28.4142857143,27.3293939394
27.9736363636,27.7747058824
27.5714705882,28.19
27.1142424242,28.2220588235
27.9188235294,28.4184375
