feature10,feature8
112.727058824,112.264242424
111.144,113.585454546
112.136,110.72
114.479,112.150588235
111.634285714,112.48
112.863030303,112.409142857
