feature6,feature3
109.312941176,111.987058824
108.025142857,110.505454546
110.4,111.342352941
112.602352941,113.13882353
116.0,113.198857143
111.39030303,112.505142857
