feature6,feature3
109.74875,110.789090909
113.657142857,109.317575758
111.894545454,111.09882353
110.285882353,112.76
108.456969697,112.888235294
111.675294118,113.67375
