feature10,feature8
15.4990909091,16.5577272727
16.7211764706,16.8412121212
15.2687878788,17.1048484848
16.9286363636,15.1824242424
15.7566666667,15.3933333333
16.6248484848,16.92921875
15.1903030303,16.2816666667
16.9618181818,15.7714705882
16.471,17.0951515152
14.8894117647,17.0701515152
