feature10,feature8
0.310215837968,0.335788586692
0.305836627555,0.347645274766
0.431991979558,0.374178732009
0.33648924607,0.318975094748
0.353804129776,0.292594858061
0.300481081679,0.308197146526
0.301209293611,0.394170932885
0.370795962258,0.342711736803
0.3171743534,0.301164530485
0.368884306287,0.336565805686
