feature6,feature3
0.380755877789,0.497284416676
0.40080539021,0.345872830259
0.392433801444,0.382464504034
0.455463611828,0.370712847152
0.462579080298,0.432812608291
0.443646620534,0.416681272487
0.384898144851,0.431415274541
0.40934909189,0.384610707162
0.34649725062,0.405834821165
0.405940073022,0.370405369106
