feature10,feature8
0.357895431033,0.346704299132
0.33689828064,0.375117523289
0.333844784597,0.335338273455
0.343543206076,0.319276354503
0.324524046,0.352787294331
0.356521315669,0.375968991944
0.348829485157,0.339402141544
0.345922057604,0.37626209521
0.34229443284,0.300328987212
,0.37607809373
