feature10,feature8
14.8754411765,15.7790909091
15.3192647059,17.3036363636
17.0821212121,15.1782352941
15.6072727273,16.6898484848
15.6566666667,16.10734375
16.835,15.3624242424
15.2248484848,15.6463636364
14.3918181818,15.7672727273
16.6294117647,16.3990909091
,16.906969697
