feature6,feature3
24.6718181818,24.8763636364
24.3836363636,24.6672727273
24.8360606061,24.1954545455
24.8824242424,25.163030303
24.2963636364,24.6775757576
24.5039393939,24.4753125
24.1236363636,23.7120588235
24.4442424242,24.6584848485
24.1955882353,24.0148484848
24.7403030303,24.5663636364
