feature6,feature3
24.8351515152,24.4711764706
24.7921212121,24.7536363636
24.3118181818,25.3203125
24.9424242424,25.2072727273
25.3429411765,24.2521212121
24.1275609756,24.8041025641
25.0313513514,24.654
24.48,24.9521621622
24.6878947368,24.9908333333
25.0657142857,25.9011111111
