feature10,feature8
28.4372727273,28.4063636364
29.16,28.2655882353
28.631875,28.0763636364
27.7223529412,28.3078125
28.543030303,28.7581818182
28.7545454545,29.0060606061
