feature6,feature3
15.09875,15.5182258065
15.3448387097,16.05328125
15.67609375,15.53125
15.4861290323,16.4918181818
15.349375,15.2915151515
15.1801612903,15.4819354839
15.2277419355,15.3084375
15.0175806452,14.691875
16.7928125,16.6682258065
15.12796875,15.27140625
