feature10,feature8
0.339772713173,0.325197124968
0.336068886981,0.347415460372
0.346954145475,0.349832635105
0.355190144517,0.349136593352
0.378017475125,0.35589350561
0.328916443252,0.346961093959
0.324940337084,0.349841550218
0.303242303295,0.346264279046
0.334229397478,0.345815668849
0.343304842308,0.337219951991
