feature6,feature3
14.8957575758,15.4451515152
15.2570588235,15.5756060606
14.7521212121,14.5678787879
15.0908823529,15.2233333333
15.7070588235,15.2494117647
15.5923529412,15.6999264706
