feature10,feature8
15.4313636364,17.33078125
15.5924285714,16.2936363636
15.9646969697,16.2936363636
15.3234848485,15.2912121212
15.2581818182,16.0865625
14.9563636364,10.421969697
17.0540909091,17.5587878788
17.0322058824,17.5057352941
16.8968181818,16.9746969697
15.9010606061,
