feature11,feature10
21.43,21.8085714286
22.4078125,22.3345454545
21.19625,22.2924242424
22.0903125,21.9803125
21.8681818182,21.781875
