feature11,feature10,feature8
0.321519607051,0.316531854213,0.328514671161
0.324182778099,0.310180880935,0.298659276428
0.34046962659,0.300203086434,0.332394801985
0.315520949166,0.283338853008,0.365814272059
,0.357190578115,0.342418614812
,0.315391363115,0.349618563833
,0.355939087467,0.348293690238
,0.352182125065,0.347896503601
,0.336564938901,0.315209924402
,0.341400618602,0.348469377748
,0.356298448851,
,0.328505026087,
,0.301454646774,
,0.320450103485,
