feature6,feature3
0.366043117206,0.293976076107
0.330444461427,0.336672309925
0.394191051286,0.457508084869
0.379647618602,0.339094940188
0.336527660628,0.312553917007
0.387148163604,0.462011073867
