feature10,feature8
0.410983903069,0.381652116563
0.421669976143,0.323495654167
0.388549580825,0.430084249786
0.426441943241,0.328690961156
0.31240043068,0.298485024682
0.299192247562,0.384073094121
0.395318014106,0.312650306644
0.314084088247,0.299625920382
0.386295717514,0.377043349393
,0.399769015322
