feature6,feature3
28.042,28.2173529412
27.8058823529,28.4735294118
27.7090909091,28.5214705882
28.1454285714,27.4648484848
28.0291428571,27.9555882353
27.9275757576,27.668
