feature10,feature8
0.340398896721,0.353866584566
0.321449596228,0.339493297191
0.328156592592,0.341965048014
0.31768156728,0.358844669311
0.35164014038,0.339332223115
0.335658772445,0.347946688261
0.331356918185,0.368372883024
0.337797441392,0.357110382469
0.299610093188,0.335344981405
0.347345424544,0.342544364784
