feature10,feature8
0.31138220185,0.378872328291
0.378994497484,0.396457769505
0.405290613141,0.312183310974
0.297611918518,0.311227630952
0.310706018481,0.333729858691
0.315807416767,0.397612745392
0.415278713937,0.410570467148
0.33401888065,0.338926222205
0.379535363174,0.412015321475
,0.31213449081
