feature6,feature3
0.322789899245,0.355961156401
0.370670812856,0.372529988066
0.354681878408,0.315832091339
0.351027918649,0.315150290831
0.326924444553,0.355042790367
