feature10,feature8
15.8181818182,17.0512121212
15.1022058824,16.5642424242
16.2513636364,16.6096969697
16.5068181818,15.0940909091
15.5403030303,16.7410294118
15.1739705882,15.6331818182
15.9175757576,16.9817647059
16.0084848485,17.0314705882
16.8178787879,15.4565151515
16.866969697,15.1539393939
