feature6,feature3
28.0208823529,28.0442857143
27.3494117647,27.9508823529
27.9541176471,27.7233333333
28.204,27.3306060606
28.0084848485,27.474
28.345,27.7933333333
