feature6,feature3
0.487597181192,0.51150947194
0.45672841014,0.48494835077
0.525218862036,0.539660845843
0.48033990025,0.529922418036
0.46907461307,0.453793754752
0.517324029822,0.486237802885
0.521144062793,0.468302860398
0.478941091616,0.486254869527
0.48218872235,0.465930668198
0.554770385964,0.479377221492
