feature6,feature3
27.5377142857,27.9490909091
27.4921212121,27.9661764706
27.9171428571,27.925
27.7068571429,28.0782352941
28.1397142857,27.9357575758
27.7803030303,28.2367647059
