feature10,feature8
32.0303030303,33.5796969697
32.5311764706,32.4487878788
32.8575757576,32.7460606061
32.4115625,32.7
33.2608823529,33.006969697
32.9515625,32.0011764706
32.9642424242,35.895
32.2858823529,33.0448484848
31.7078787879,33.1476470588
31.2257575758,31.8033333333
31.5655882353,33.1223529412
31.5681818182,32.2663636364
31.8687878788,32.4266666667
32.7018181818,32.6054545455
31.9267647059,
