feature6,feature3
28.8509090909,28.1245714286
28.2684375,28.0102941176
28.5264705882,28.2879411765
27.6964705882,27.9347058824
28.5623529412,27.8214285714
28.0126470588,28.3212121212
