feature10,feature8
15.5833333333,16.01171875
17.0224242424,17.4389473684
16.4018181818,15.3535294118
15.7113636364,15.9005882353
15.6487878788,15.9860294118
17.1562121212,15.3757575758
15.4030882353,17.3637878788
16.3201515152,15.7225
15.6590909091,16.6752941176
,17.2316666667
