feature6,feature3
28.3282857143,27.6933333333
27.7305882353,27.9148484848
27.8408571429,28.2523529412
27.7954545455,28.7508571429
27.8208823529,28.0308823529
,27.6117647059
