feature6,feature3
1.55521210458,1.74481083782
1.5021102991,1.67636395846
1.61394436769,1.74064743998
1.60871067096,1.59293718204
1.65026883282,1.58368931081
1.64659066566,1.6287447967
1.69330725434,1.7447041886
1.63212907292,1.71953157018
1.65564590461,1.65280082041
,1.63349438343
