feature10,feature8
0.313645686088,0.314075317673
0.41889136525,0.375765781005
0.344297863922,0.400244057129
0.441277301519,0.312725560686
0.436960692491,0.333502583869
0.321958578587,0.384744865108
