feature10,feature8
28.5291176471,28.4115151515
27.9417647059,27.9087878788
28.6152941176,28.5305714286
27.7551515152,27.4574285714
27.6214285714,27.8909090909
28.0023684211,28.6271428571
