feature10,feature8
28.2088235294,27.9611764706
27.8470588235,28.1194285714
27.4325714286,27.9505714286
27.8488571429,28.6541176471
27.3561764706,28.6081818182
28.166,28.2181818182
