feature6,feature3
0.504509443788,0.501826914051
0.576842999938,0.671741327932
0.60829282199,0.589409622604
0.594529405236,0.679244433522
0.582151569609,0.589160894511
0.534306845433,0.616603581176
0.600122481022,0.518103185331
0.586579624216,0.79246451837
0.796994181036,0.499844063915
,0.536109808271
