feature10,feature8
24.8260606061,24.5632352941
24.2464705882,24.3027272727
24.8172727273,24.6606060606
24.5278787879,24.9917647059
23.6463636364,23.9648484848
24.5681818182,24.4812121212
23.9987878788,24.9203030303
24.4157575758,24.8781818182
24.9548484848,24.8363636364
24.23,24.5360606061
