feature6,feature3
28.3091176471,28.4890909091
28.1364705882,28.3305882353
28.4362857143,28.4335294118
28.1757142857,28.5666666667
27.8854545455,27.8079411765
,27.9742424242
