feature7,feature6
0.319620865282,0.308057324249
0.331244358361,0.338579274761
0.342684371774,0.329971725344
0.324019149517,0.338336462771
,0.3335723673
