feature6,feature3
15.3462121212,14.9568181818
14.6728787879,14.3438235294
14.6018382353,14.7615
14.8586363636,14.6204545455
14.4069285714,15.08046875
14.5677941176,14.22796875
