feature6,feature3
1.70580158374,1.80499883715
1.82235179232,1.68743941884
1.84628230221,1.78014501467
1.73538377747,1.70564937765
1.81064310716,1.79945942789
1.91226534313,1.78286799144
1.73681847693,1.76008159655
1.78213655044,1.6900579939
1.79858818261,1.72983044415
1.77130594502,1.82899214892
