feature10,feature8
24.3063636364,24.7139393939
24.02,23.5963636364
25.246969697,24.0354545455
24.5621212121,24.4263636364
22.5018181818,24.3848484848
24.4624242424,24.059375
24.126969697,25.0433333333
23.9340625,25.16
23.9806060606,24.7065625
