feature6,feature3
0.32162032381,0.32296727046
0.344923632884,0.388779116672
0.398687383517,0.394494330123
0.347365415769,0.33185673436
0.338442615697,0.408110474181
0.386451017885,0.376981691189
0.323040936024,0.34090867835
0.446500721774,0.329875407963
0.327689865087,0.345137629623
0.401110253041,0.356231379461
