feature6,feature3
16.39359375,17.1021875
16.4,16.35796875
18.3509375,17.58375
17.07609375,18.371875
16.83078125,18.2362121212
16.571969697,18.8704545455
18.2014393939,18.1293939394
17.74703125,18.1275
17.3923529412,17.7613636364
16.1406060606,17.1203030303
