feature6,feature3
0.31180726889,0.3444564603
0.339794539166,0.33853942322
0.367055269382,0.349812775836
0.378301158182,0.396562832271
0.374382343899,0.331288206569
0.34214284219,0.353426328137
0.322708921903,0.335327880713
0.356101302771,0.358841295204
0.373012716569,0.343934384371
0.360883903161,
