feature6,feature3
111.887058824,110.33882353
110.92,113.322352941
109.473142857,110.528235294
111.549090909,112.436363636
110.530588235,112.372121212
110.549090909,113.882352941
