feature6,feature3
14.0131617647,14.577
14.2743382353,14.4775757576
14.7811764706,14.7000757576
14.0504411765,14.3921875
14.3681818182,14.2297058824
14.7209558824,14.2724242424
