feature6,feature3
111.140606061,110.111515152
112.709090909,111.454545454
110.512941176,111.514117647
110.80117647,113.396363636
111.122352941,113.77882353
111.867058824,111.516470588
