feature6,feature3
111.603529412,115.08117647
110.00969697,111.893714286
111.804571428,112.48
112.923428572,110.801142857
109.246857143,111.122352941
111.818181818,109.96
