feature6,feature3
111.539393939,112.76
111.724571428,111.465142857
112.371428572,111.027058824
111.02117647,112.525882353
111.268571428,114.025454546
,111.533333333
