feature6,feature3
27.8775675676,28.3472727273
28.3820588235,27.86
28.6872727273,28.9439393939
28.3882352941,28.385
28.0755555556,28.0257142857
28.2697058824,28.5902857143
