feature6,feature3
113.701818182,114.521142857
111.741818182,113.250285714
112.312727273,111.658181818
114.202424242,111.283529412
115.642285714,114.503030303
111.765882353,
