feature6,feature3
32.7022857143,33.9975
32.0577777778,33.7564705882
33.317804878,34.132
33.2390625,33.3526470588
33.1195348837,34.1254545455
32.9708823529,33.5367647059
32.4765116279,32.9667647059
33.3325641026,33.1193939394
33.4253846154,33.8708333333
,33.7838888889
