feature10,feature8
16.9975757576,16.181969697
15.913030303,17.0909090909
15.5460606061,16.5562121212
15.3172727273,16.4509090909
15.8959090909,15.7203030303
15.2418181818,16.678030303
16.3966666667,16.7631818182
17.2259090909,16.8718181818
16.9777272727,17.3303030303
