feature6,feature3
0.306854536214,0.359292984277
0.306112725801,0.447578652439
0.310982262844,0.355755550667
0.284707036136,0.34042394521
0.326894123845,0.378702075851
0.310043429993,0.330467343329
