feature6,feature3
31.3264285714,30.53
31.1911111111,30.2416666667
31.1654545455,29.835
30.1625,31.35625
29.33,29.8566666667
