feature6,feature3
27.9852941176,27.6524242424
27.7985714286,27.2473529412
27.7491176471,27.7338235294
27.5476470588,28.003030303
28.2617647059,28.078125
27.7264705882,28.0855882353
