feature4,feature10,feature3
15.490625,16.7563636364,17.1771212121
15.32375,15.398125,15.0553125
15.47734375,17.4877941176,15.019375
15.26796875,16.9725757576,16.3728125
,14.916969697,14.694375
,17.0684848485,
,15.0707575758,
,15.4458823529,
,15.4854545455,
,15.5284848485,
