feature6,feature3
28.2597058824,28.343
28.311875,28.5825
28.2117647059,28.6215151515
27.8615151515,27.9726470588
28.1472972973,28.3847058824
28.4994285714,29.01
