feature6,feature3
22.4061290323,22.3670967742
22.1672727273,22.6421212121
21.3559375,21.7148484848
22.119375,25.72
21.5558064516,21.7716129032
21.3284375,22.0446875
22.7416129032,22.04125
22.5884375,21.4815625
21.6303125,22.1358064516
21.571875,22.6322580645
