feature6,feature3
28.3582352941,28.1497142857
27.0125714286,27.9509090909
28.2238235294,28.2597058824
27.9917647059,28.6537142857
27.5693939394,29.5383333333
27.7455882353,
