feature6,feature3
0.303836502131,0.328250822349
0.342515540615,0.316492073529
0.336685189724,0.30226559158
0.278439470253,0.298624913165
0.344151999174,0.299253470835
0.344356045953,0.309604663482
0.308547748499,0.27143576389
0.298894900851,0.287749223933
0.296998606285,0.343491011433
0.352382460254,0.368101163571
