feature6,feature3
27.7974285714,27.9120588235
27.7387179487,28.26
27.6917142857,28.0385294118
27.9017647059,28.1726470588
28.2762857143,28.1564705882
28.0067647059,27.8105882353
27.4728571429,28.5741176471
27.9937142857,27.7407142857
28.2805882353,28.1926470588
28.3285294118,27.6829411765
28.465,27.9725714286
28.3138235294,28.7765714286
