feature9,feature10,feature8
22.3509375,24.8333333333,22.2319354839
21.2371875,24.6538235294,22.3078125
21.8096875,23.7,21.565
21.5134375,24.106969697,22.29
21.8171875,23.7660606061,21.8922580645
,24.1211764706,
,24.1094117647,
,25.1890909091,
,24.4139393939,
,24.1212121212,
