feature6,feature3
28.162,27.8925531915
27.2791666667,28.072244898
28.3474468085,27.1616326531
27.955,27.8416666667
28.1541666667,27.8260416667
27.6457446809,27.9914285714
27.7555102041,27.7520408163
27.8118367347,28.0240425532
28.41375,27.7951020408
,28.0765306122
