feature10,feature8
16.6815151515,15.3857575758
16.5406060606,15.4505882353
16.9503030303,16.8383333333
16.486875,15.4663636364
15.3881818182,16.8081818182
16.9057575758,15.7231818182
15.8227272727,16.795
16.1684848485,15.4334375
16.145,15.363030303
,16.111969697
