feature11,feature10
21.3984375,21.8603125
22.535,22.50125
21.170625,20.849375
22.22625,21.6174193548
21.6796875,21.7490322581
,24.7494117647
,24.2745454545
,23.7651515152
,23.3294117647
,25.1915151515
,24.0603030303
,24.1938235294
,24.3190909091
,24.8881818182
