feature6,feature3
1.12832719822,0.883872170923
0.561205378926,0.726208159924
0.8627344094,0.889435013589
0.523496769452,0.643657695239
0.698434658888,
