feature6,feature3
28.2109756098,27.475
28.014516129,28.16875
28.5609375,28.4709375
28.3484615385,28.0421875
27.9425806452,28.4896875
28.545,28.4509375
