feature10,feature8
0.339372960537,0.328173459256
0.344534419217,0.294724916421
0.325768044496,0.320854026186
0.363604884461,0.366304918156
0.376429945157,0.33596684319
0.343285971298,0.307929251003
0.332112300546,0.374982655985
0.333746692428,0.343449703373
0.317393992502,0.386376839921
,0.347521474187
