feature6,feature3
0.433096588698,0.345384452435
0.411774356932,0.416599032673
0.378524366178,0.38169690971
0.326121816117,0.370494044327
0.342787047807,0.335640659266
0.382544832343,0.368750985384
0.327292688666,0.322825924656
0.370107204896,0.327984050584
0.347246976796,0.414406775692
0.360649877059,
