feature6,feature3
111.51027027,113.389090909
113.528235294,111.44
114.749090909,115.775757576
113.552941176,113.54
112.302222222,112.102857143
113.07882353,114.361142857
