feature6,feature3
28.0428125,27.7961538462
28.0716666667,28.9723076923
28.0636363636,28.5030769231
29.0408333333,27.685
,28.4584615385
