feature6,feature3
27.5484848485,28.493125
27.4484848485,27.9197058824
27.4023529412,28.256969697
27.438,28.8638235294
28.0905882353,28.0662857143
,28.2823529412
