feature6,feature3
0.348186421698,0.332892866648
0.343258279617,0.494239915244
0.402896219816,0.379092472648
0.361648941987,0.372360720094
0.333256679622,0.300044077287
0.397152179221,0.316218623172
0.344216294991,0.327229211062
0.382038939321,0.39652484741
0.346826752997,0.299717594989
,0.392388639433
