feature10,feature8
15.9040625,17.0504545455
9.38,15.7198484848
16.9515151515,16.8181818182
17.0951515152,15.6804545455
15.0539393939,16.7115151515
17.4295588235,15.32265625
15.4618181818,15.601969697
16.7259090909,16.1330882353
16.7145454545,16.4892647059
15.6437878788,17.3081818182
