feature6,feature3
28.2905882353,27.954375
28.3214705882,27.8681818182
27.393030303,27.346969697
27.6591891892,27.7048571429
28.1741176471,28.0626470588
27.6125714286,28.2648484848
