feature6,feature3
14.1636764706,14.4484558824
13.9262121212,14.453030303
14.4701428571,14.8724285714
14.6825714286,14.3804411765
14.3887142857,14.7995588235
14.3662121212,14.024
