feature6,feature3
0.3567776032,0.328884387927
0.293855149403,0.338035485123
0.373034843029,0.346558386609
0.37072044498,0.324345635423
0.344073743999,0.312785235576
0.294651455844,0.362305346174
0.353009192835,0.276345939519
0.33202837861,0.3363156609
0.304369692956,0.32826439282
,0.340020428159
