feature6,feature3
16.8411290323,15.1251612903
15.4664516129,15.515625
16.72265625,15.0779032258
14.9567741935,15.554375
16.5774193548,14.86875
16.6834375,16.69234375
15.6678125,14.725625
16.0158064516,15.3903225806
15.3684375,14.8016129032
15.2925806452,15.13265625
