feature6,feature3
15.2946323529,14.9952857143
15.4596969697,15.2785294118
15.6909375,15.195326087
15.1539393939,16.2206060606
15.2039393939,15.3692647059
14.9310294118,15.3409090909
