feature6,feature3
0.37303216158,0.334519270265
0.323489415561,0.335455806451
0.313757080761,0.320040583108
0.327138751209,0.334046896052
0.404351594598,0.342518079706
0.385190457448,0.323773756295
0.309467555906,0.363413439998
0.311284913413,0.32379332659
0.384935404801,0.350969536047
0.322877463943,0.348934078849
