feature10,feature8
0.355895936395,0.370753304203
0.355776776451,0.340340235712
0.347221665338,0.36217742238
0.295200182067,0.324705111457
0.341824770926,0.324870801847
0.326763502048,0.330692960442
0.351802053894,0.321422932028
0.342112392899,0.29615020141
0.304320481948,0.367181204365
0.327798778717,0.354095902914
