feature10,feature8
28.1394117647,28.2190625
27.7493939394,27.748
27.8355882353,28.4070588235
28.235,27.1957142857
28.2944117647,27.8744117647
27.3684615385,28.2902857143
