feature6,feature3
21.708,22.91
22.8483333333,21.4863636364
21.3881818182,21.9036363636
22.0281818182,21.99
22.3554545455,22.4578723404
22.0874509804,21.1
23.58,21.8825
23.6141666667,22.8383333333
22.61,22.4796551724
21.43,21.944
