feature6,feature3
1.20534057184,2.05730522538
2.21951769662,1.97890620709
1.33050724704,2.03399917687
2.0984260456,2.32463684919
1.27320161362,2.91968575014
1.79475687973,1.47345175075
1.29067001563,2.138818895
1.28501928959,1.29707417263
1.12545389629,1.41570782051
1.39361670972,5.4002181373
