feature6,feature3
28.2852941176,27.985
28.5160606061,28.1920588235
28.0232352941,28.3117142857
27.7921212121,28.4873529412
28.1475757576,27.994
28.423030303,27.8205882353
