feature6,feature3
27.8755882353,27.8772727273
27.6411764706,28.1736363636
27.7579411765,27.4144117647
28.1832352941,27.6141176471
27.8984375,28.1113636364
28.0618181818,28.3484848485
