feature10,feature8
0.312328502069,0.303743891663
0.348407790202,0.379606260649
0.319689472166,0.399017080994
0.315370107631,0.38280519635
0.310502821518,0.300281714152
0.316683068174,0.320041022125
0.304875809644,0.325219739203
0.417992666034,0.397458250981
0.304388365561,0.303474728908
,0.32331610734
