feature6,feature3
0.27826885742,0.331364376165
0.425543430943,0.369040885247
0.456857509382,0.306182774069
0.293191080532,0.403527728857
0.397331719495,0.298875814868
,0.302039592362
