feature6,feature3
26.9688235294,29.0395
29.205,27.9528571429
28.6719512195,27.954375
28.0003846154,28.3855555556
27.3003333333,28.4338095238
29.0754545455,28.5715384615
29.6366666667,29.0186363636
27.3331818182,27.485625
28.179047619,27.7313636364
27.6666666667,28.7233333333
28.93,27.8158928571
29.2107692308,27.715
