feature6,feature3
0.338211683586,0.345096035685
0.34944563927,0.358860270469
0.35137442122,0.34256436915
0.334692815747,0.332023645538
0.334509384059,0.359116607755
0.325115638967,0.346992697179
0.368479372849,0.340483315825
0.332763915498,0.32171349608
0.309581647813,0.305057762939
,0.350790156933
