feature9,feature10,feature8
15.476875,16.7074242424,16.6065625
16.5665625,16.638030303,16.98125
16.5927419355,15.0721212121,16.4924193548
16.485625,16.1471212121,15.0284375
,15.8909090909,17.3792424242
,15.1048484848,15.4375
,16.8645454545,16.8595454545
,15.0209090909,17.17171875
,15.4718181818,16.0151515152
,15.2390909091,15.238030303
,,16.915
,,15.7990909091
,,17.0595454545
