feature6,feature3
27.8451428571,27.6939473684
27.7526470588,27.7755882353
28.2185294118,28.2011428571
27.7378787879,28.1596969697
28.0233333333,28.1972727273
28.2137142857,27.933030303
