feature6,feature3
27.8297058824,28.6048484848
27.6147058824,27.9502857143
28.4285294118,28.4185294118
27.9302941176,27.7551428571
27.7857142857,28.4923529412
28.0541176471,28.4117647059
