feature6,feature3
112.083529412,112.177142857
109.397647059,111.803529412
111.816470588,110.893333333
112.816,109.322424242
112.033939394,109.896
113.38,111.173333333
