feature7,feature10,feature6
16.0718607133,14.8657575758,15.3180645161
14.73265625,16.6148484848,14.90265625
16.3171875,16.4903030303,15.0357575758
14.655483871,15.9789393939,14.6
16.011875,17.1639393939,15.2903125
,16.7531818182,
,16.4986363636,
,16.7660606061,
,15.556969697,
