feature6,feature3
27.3488235294,28.42
28.4364705882,28.1828571429
27.7717142857,27.8211428571
27.8320588235,27.9832352941
27.9763888889,28.46
27.8079411765,
