feature6,feature3
0.339191064887,0.402930747039
0.35717563892,0.352133157955
0.296408815391,0.276143338225
0.317395103427,0.340317705879
0.42131843352,0.471184999236
0.372425481946,0.299672039367
0.336231583483,0.423948147891
0.364993810393,0.30670624751
0.357423319057,0.389085668369
0.316828118555,0.335998099709
0.3046011214,0.375910772955
0.406216434042,0.453387093224
