feature6,feature3
0.536860493455,0.48974456036
0.510031246164,0.566774151097
0.507315964164,0.556853878252
0.489279231972,0.565478083316
0.448093106735,0.562902216672
0.537015825139,0.450202724818
0.544004814074,0.521882274892
0.50017294125,0.51185921318
0.559764072846,0.486652983308
0.483074944428,0.501032440907
