feature6,feature3
27.9220588235,28.3447058824
27.9736363636,28.3785714286
27.5337142857,28.1424242424
28.3587878788,27.6047058824
27.8223529412,28.8251428571
28.2942424242,28.0685294118
