feature6,feature3
14.1403030303,14.74671875
14.3033333333,14.9405882353
14.8848529412,14.9122727273
14.4751428571,14.4715441176
14.5993382353,14.2650714286
,14.2283088235
