feature10,feature8
28.4655882353,29.0593939394
28.4839393939,28.2908571429
28.5504761905,29.041875
28.4485294118,29.2615151515
28.5082352941,29.2724242424
28.8754545455,28.1457575758
