feature6,feature3
0.304109862912,0.344956665914
0.343536733797,0.304340921443
0.31487529952,0.33769055818
0.355993334159,0.325373449845
0.323435116557,0.313304268098
0.3622306458,0.332858307467
0.325333984402,0.337432060862
0.346230003268,0.301765539926
,0.307922446506
