feature10,feature8
14.9581818182,16.7484848485
16.8289393939,15.1230882353
16.6896969697,14.9052941176
14.9770588235,15.3772727273
14.9334848485,16.9536363636
15.5563235294,15.7833333333
16.5796969697,16.7960294118
16.8983823529,16.865625
16.7665151515,17.0513235294
16.5492424242,15.8983333333
