feature10,feature8
0.313185593887,0.312045923453
0.393166728906,0.403201960566
0.349225503236,0.392812320862
0.307446357327,0.362557465664
0.415456268015,0.308074347432
0.400389342784,0.374857137472
0.384107128665,0.381944161087
0.312644956657,0.389833030672
0.393208419652,0.390677860763
0.331886936162,0.305079844108
