feature6,feature3
27.8761764706,28.0847058824
27.3547058824,27.7745454545
27.4627272727,27.6618181818
27.8839393939,27.9021212121
28.0673529412,28.5458823529
27.84,27.5041176471
