feature6,feature3
27.555,28.2587878788
27.9826470588,27.8644117647
28.283030303,27.8781818182
28.0748571429,28.0214705882
27.9034285714,27.4894117647
27.9048571429,27.9238235294
