feature6,feature3
16.9596875,14.8529032258
15.9358064516,14.554375
15.3275,16.6012903226
15.263125,16.8959375
15.29796875,14.8091935484
15.3132258065,15.4761290323
15.01828125,15.4793548387
15.52625,14.90875
16.5633333333,16.4115625
15.2278125,16.4759375
