feature6,feature3
23.7245454545,25.8524242424
24.893030303,24.4918181818
24.405,24.0181818182
23.7696969697,24.1584848485
24.6772727273,24.7293939394
