feature6,feature3
28.443030303,27.8554285714
28.204375,28.6334285714
27.3522857143,28.2285294118
27.7147058824,27.9533333333
28.0258823529,28.36
27.2293939394,
