feature6,feature3
0.310153630649,0.371729253587
0.393336470383,0.372343449799
0.396496139746,0.355116266513
0.322679532026,0.343749243973
0.320025891456,0.354603011509
0.335644782939,0.3142101114
