feature6,feature3
33.9275,32.29125
33.507,31.7872727273
32.45,33.2711111111
33.2644444444,34.1881818182
32.5122222222,32.461
34.0588888889,34.539
34.707,34.13125
32.1322222222,33.3264285714
32.928,33.52
,32.02
