feature6,feature3
15.2351515152,14.4472727273
15.29,14.2278787879
15.0046875,15.3448529412
14.7484285714,15.1158571429
15.2936363636,14.8746969697
14.8331617647,
