feature9,feature8
14.8203125,15.15875
15.2987878788,15.0003125
16.50359375,16.5915625
15.0941935484,15.7034848485
14.9285483871,15.57859375
