feature6,feature3
15.7073913043,15.2569565217
15.6117391304,15.537173913
16.1093181818,16.5769565217
15.0460869565,16.5277272727
16.1747826087,16.18
15.1752272727,16.60875
14.4918181818,14.7756521739
14.9618181818,15.6191304348
15.9476086957,14.59
