feature10,feature8
24.3229411765,24.0393939394
24.4827272727,25.193030303
24.2363636364,24.2590909091
25.2981818182,24.0772727273
23.5936363636,24.4372727273
23.9297058824,23.6860606061
23.6,24.2645454545
25.2272727273,24.3506060606
25.0951515152,23.8034375
24.5818181818,24.5575
