feature10,feature8
0.332391992937,0.326855882002
0.325220186446,0.362508484735
0.348432344718,0.359359202655
0.337179035463,0.347368540698
0.288433906265,0.297412420663
0.372354253247,0.34502807091
0.346564229339,0.298307477603
0.364803766958,0.335157655326
0.383975933963,0.352155437001
,0.316876739769
