feature6,feature3
28.1642,28.3514285714
27.6629787234,28.2291836735
28.0463829787,27.464375
28.0421276596,28.3342857143
27.7429166667,28.095
27.9216,27.9970212766
27.765625,27.8311111111
27.5872916667,27.8550943396
28.3379166667,28.48625
28.2145833333,27.803877551
