feature6,feature3
0.32271763474,0.343848632485
0.387303490127,0.320581003719
0.31004706233,0.317022186469
0.304204181102,0.315222684666
0.334809081929,0.395026896126
0.323198358015,0.30407989792
0.303443706721,0.305835311377
0.345256723019,0.320512559014
0.327030447621,0.295166904848
0.311304319336,
