feature6,feature3
30.9194117647,30.6588888889
30.1181818182,30.8463636364
31.7005882353,30.218
30.6292857143,30.6225714286
30.2788235294,31.4646666667
30.2472222222,30.542195122
31.5175,30.0120588235
31.9053846154,31.7927272727
31.118,30.7421621622
30.8552631579,
