feature6,feature3
0.381879703722,0.348469666921
0.320094664857,0.367822265147
0.346044999731,0.341512246215
0.341435575768,0.374642450097
0.390863278047,0.327315404192
0.355917504303,0.32930176313
0.428414530131,0.318196608732
0.330837349729,0.33102469264
0.374236297913,0.317655272877
,0.399961139637
