feature6,feature3
112.758857143,113.447058824
112.447058824,113.010232558
110.84969697,112.52125
111.499428572,112.103529412
112.68969697,109.755294118
111.763428572,112.653333333
