feature6,feature3
112.808484848,111.596571428
113.727272727,114.07625
113.854545454,112.393939394
112.192727273,113.086857143
110.303529412,112.227058824
113.185882353,113.061818182
