feature10,feature8
0.306936394603,0.351696718376
0.349066133106,0.349541275715
0.32562535727,0.335614921684
0.340899197021,0.363520497927
0.348966849971,0.359562016115
0.351025085825,0.294490607828
0.348907892517,0.326570761406
0.302832596413,0.359446535298
0.371691960653,0.338102487154
,0.342400948962
