feature6,feature3
0.322789899245,0.355961156401
0.370670812856,0.372529988066
0.354681878408,0.315832091339
0.351027918649,0.315150290831
0.326924444553,0.355042790367
0.363317621262,0.300721920697
0.323266555188,0.346465523928
0.328739657593,0.322324692619
0.330348617527,0.356662746609
0.332679645217,0.341930491214
0.323213172168,0.326063034221
0.337665211143,0.354836878876
0.315655849059,0.345889558131
0.367215267797,0.316147064518
0.3584421854,
