feature6,feature3
14.176969697,13.9965151515
14.5477272727,14.2430714286
14.055,14.6627941176
14.4369117647,14.7225735294
14.528,14.9203676471
14.1077142857,14.4842424242
