feature10,feature8
23.85,24.7321212121
23.9788235294,24.44
23.74,24.7723529412
23.8447058824,24.4191176471
24.0124242424,24.9729411765
24.1021212121,24.3333333333
24.1266666667,24.1436363636
24.5809090909,24.8475757576
24.813030303,24.1981818182
24.2793939394,24.5187878788
