feature6,feature3
28.485625,28.3228571429
27.5240625,27.9596875
28.3671875,27.9065625
28.1425,28.09
27.7209375,28.151875
28.0903225806,
