feature6,feature3
0.345184460613,0.327883091117
0.321211885796,0.369648986555
0.36949266995,0.452499089586
0.348896010416,0.358951331735
0.387733889665,0.373231484839
0.417848431575,0.317558156999
