feature6,feature3
111.278857143,111.235151515
111.193939394,111.569142857
110.357575758,112.60969697
111.850909091,110.90875
113.454117647,114.214117647
111.90117647,111.936470588
