feature4,feature10,feature3
16.714375,16.8846969697,15.195625
16.4363636364,15.54,16.398125
16.439375,16.5648484848,15.40546875
16.901875,16.5371212121,16.32984375
,17.5240909091,
,15.555,
,17.0953030303,
,15.59734375,
,15.8308823529,
,17.115,
