feature6,feature3
0.365022544759,0.325272260224
0.403353610999,0.343956626607
0.433857133007,0.391948582108
0.328015926913,0.320782105994
0.332144980003,0.323285058047
0.352572529912,0.312072783098
0.40073843399,0.335432968587
0.338359075351,0.354414731427
0.339163993392,0.337820357659
