feature6,feature3
27.9846875,28.1687179487
27.3817647059,27.1624242424
27.48,28.1105882353
27.6329411765,27.9787878788
27.5829411765,27.3976470588
28.5615151515,
