feature6,feature3
0.33666023383,0.374523232396
0.31970413036,0.316340730861
0.380387329208,0.353495287757
0.365408817394,0.309004059305
0.413439284059,0.315518059539
0.293972913101,0.357877289892
