feature4,feature10,feature3,feature8
21.12625,23.9912121212,22.1842424242,24.6257575758
21.9375,23.746875,21.586875,24.0815151515
21.2828125,23.8444117647,21.835625,24.8145454545
21.8640625,24.9236363636,21.686875,24.4557575758
,24.5242424242,21.845625,24.4412121212
,24.2021212121,,24.5985294118
,24.1818181818,,24.7447058824
,24.3152941176,,24.9512121212
,23.6963636364,,24.1648484848
,24.0578787879,,24.8784375
