feature10,feature8
32.813030303,32.2521212121
32.7623529412,32.8251515152
33.3303125,32.2987878788
32.9993939394,32.6645454545
32.0473529412,32.3575757576
32.7814705882,32.7157575758
32.6190625,32.5818181818
32.2047058824,32.0460606061
31.6367647059,32.1472727273
32.2,32.2448484848
32.0096969697,33.4528571429
31.7847058824,33.0503030303
32.3936363636,32.853030303
31.6718181818,32.3466666667
32.1709090909,
