feature6,feature3
27.4814705882,28.4705714286
27.5851428571,27.9354285714
27.9181818182,28.8778787879
28.2317647059,27.9305882353
27.8541176471,27.4261764706
28.0054285714,27.9994117647
