feature10,feature8
0.322879438046,0.324406709125
0.348712487261,0.325342275478
0.296850609971,0.335064624948
0.376627243117,0.343964504899
0.344720350411,0.335488123157
0.346133127123,0.344139116648
0.325333301166,0.315880059368
0.279953029035,0.318333376235
0.330434140641,0.340489048995
0.337714982138,
