feature6,feature3
0.338460133807,0.328478293312
0.345720371696,0.344138060581
0.343405452316,0.34255734864
0.368962947648,0.349970339611
0.331130081297,0.344990298793
0.321812550638,0.336443988393
0.36022932903,0.336038146548
0.339714236945,0.321368363829
0.350809153011,0.361122347397
0.357164788172,0.338116316064
