feature6,feature3
0.29497706635,0.398652200696
0.303088810062,0.311720641394
0.34945016507,0.368711048065
0.348126350545,0.322263394934
0.340054518949,0.302876251802
0.403699604631,
