feature6,feature3
28.1324242424,27.9351515152
27.8994117647,27.5257142857
28.2597058824,27.5852941176
28.223030303,28.5103030303
27.4654545455,27.8863888889
28.1848571429,27.8094117647
