feature6,feature3
1.05479517383,1.01896138159
1.12676400449,1.00306357856
0.9249495027,1.2386111565
1.33952255177,0.882234988484
1.04108784195,1.19833928653
0.98142245163,0.945932555338
1.0225053788,1.03264215379
1.12566191949,1.13100554819
0.943145026914,0.92042877424
1.10322629347,
