feature4,feature3
0.313238592309,0.336122497281
0.295645428453,0.328714357066
0.330029972689,0.337858071215
0.32418085427,0.324921418946
,0.332562908134
