feature6,feature3
27.1988235294,27.9032352941
27.8557575758,28.3551428571
28.2691176471,28.253030303
28.3444117647,28.2321212121
27.4694117647,28.5708823529
28.4363636364,28.6411428571
