feature10,feature8
25.1368421053,25.1927272727
24.1573684211,25.2078787879
25.3081818182,23.9105882353
25.0851515152,25.1633333333
24.91,23.8984848485
23.9893939394,23.7445454545
24.0445454545,24.8079411765
23.7863157895,24.2184848485
24.7815151515,24.0181818182
,24.1703030303
