feature6,feature3
28.4229411765,27.8308823529
28.3033333333,28.3148484848
27.6963636364,27.7985294118
27.4511428571,28.3917142857
28.7533333333,27.7266666667
27.9370588235,
