feature10,feature8
24.5533333333,23.8418181818
24.1533333333,24.4039393939
24.4051515152,24.4436363636
24.9339393939,24.2657575758
23.673030303,24.0606060606
23.9836363636,24.4318181818
24.9633333333,24.8354545455
24.3675757576,23.9645454545
25.2881818182,23.8060606061
,24.2681818182
