feature6,feature3
14.823030303,14.3431428571
14.9463636364,15.2575757576
14.9266666667,15.3125757576
14.861875,14.788030303
14.1741176471,14.4843181818
14.2328787879,14.1974242424
