feature10,feature8
15.6575,15.7361764706
16.5606060606,15.0903030303
15.5437878788,15.6248484848
15.216969697,16.6324242424
15.5966666667,15.8145454545
16.7223529412,15.4372727273
16.6593939394,16.8757575758
14.8421212121,15.8196969697
15.9812121212,16.1674242424
15.9462121212,16.6796875
