feature6,feature3
112.228235294,112.470588235
112.328235294,113.350857143
113.664242424,112.429411765
112.316363636,113.316129032
112.44,115.275294118
110.715428572,111.596470588
