feature10,feature8
0.333840281773,0.320913965872
0.39398964702,0.413060761836
0.303246847925,0.29227853751
0.339139926983,0.348846928305
0.368844355547,0.167945458033
0.394225619101,0.40566233806
0.337964584936,0.310612239038
0.397666284516,0.323283122278
0.301759778075,0.299290137205
0.336340905661,0.310103484127
