feature6,feature3
0.388568099072,0.626479129782
0.494341055432,0.500753650218
1.10269251494,0.862619646639
0.628686397904,0.371416095914
1.01455866313,0.422629386194
0.404733969479,0.40196156681
1.10503870133,1.14733835132
0.481154554227,0.421610674073
0.705131108111,0.380623997546
0.549748804689,0.362266304846
