feature10,feature8
0.342384183254,0.320345907832
0.359070826953,0.349910618783
0.315789783074,0.348112443284
0.382300668022,0.334561386677
0.346049366213,0.33577617409
0.339648549342,0.380438907307
0.338358549898,0.346858899827
0.340532872831,0.319416465152
0.320307917378,0.344538817305
0.310769413463,0.333468462526
