feature6,feature3
0.338247696799,0.34425772989
0.363243278486,0.379332665678
0.35225781692,0.348577910448
0.390564233457,0.429580178701
0.381060494916,0.348041874613
0.327760511416,0.341186208794
0.32102467033,0.400520200261
0.364982416092,0.341962518554
0.329959824079,0.375485511867
0.366705697122,0.3239192983
