feature6,feature3
113.328235294,111.089142857
111.307878788,114.438787879
111.688484848,111.930526316
111.704242424,111.977142857
111.060606061,111.563529412
111.356571428,112.530285714
