feature6,feature3
30.5127272727,30.004375
31.119375,30.8807894737
29.833125,29.7331428571
30.0933333333,30.778
30.2228205128,30.6970588235
30.0757575758,29.6796875
30.6776470588,29.8496875
30.7215151515,30.2324242424
30.5408823529,30.1260606061
30.6475,
