feature6,feature3
28.1897142857,28.3617647059
28.1117647059,28.2525581395
27.7124242424,28.1303125
27.8748571429,28.0258823529
28.1724242424,27.4388235294
27.9408571429,28.1633333333
