feature4,feature3
16.714375,15.195625
16.4363636364,16.398125
16.439375,15.40546875
16.901875,16.32984375
