feature6,feature3
16.0283333333,16.1289705882
16.261875,16.9861029412
15.8991176471,17.6797058824
17.8498484848,15.6257352941
17.3736764706,16.5795588235
15.3772727273,16.6245454545
15.2705882353,16.0842857143
16.2384848485,15.6738235294
16.9583823529,15.2659090909
,17.33828125
