feature6,feature3
27.5302857143,28.53
28.5584848485,27.765
28.7128571429,27.7317647059
27.5697058824,28.354
28.2914285714,28.4257142857
27.8348484848,28.1455882353
28.1123529412,27.4793939394
27.4394285714,27.9567647059
28.6041176471,28.5542424242
27.396969697,27.9811764706
28.0870588235,27.8966666667
28.3284848485,27.4733333333
