feature6,feature3
113.9425,113.291428572
110.09625,111.83875
113.46875,111.62625
112.57,112.36
110.88375,112.6075
112.361290322,
