feature6,feature3
113.304242424,113.831515152
110.985142857,113.054117647
112.391764706,111.88
112.472727273,110.990857143
110.882352941,111.052941176
110.94,112.242352941
