feature10,feature8
0.346381127379,0.317369323802
0.416871099642,0.298834146303
0.401624805644,0.306484417527
0.333764806063,0.300238484222
0.334480615459,0.404734942913
0.303653920642,0.393760568253
0.325237860121,0.395401794338
0.296010500646,0.295553262825
0.410432472123,0.301382058133
0.316186564462,
