feature6,feature3
28.0211764706,28.1863636364
27.9952941176,28.1048571429
27.6567647059,27.7808823529
27.6157142857,28.1221212121
27.4017647059,28.2026470588
27.9134285714,27.8388888889
