feature6,feature3
28.1871428571,28.5526470588
28.4258823529,27.9436363636
28.4409090909,28.046
28.2654285714,28.6239393939
35.6,28.2470588235
28.2805882353,28.346969697
