feature6,feature3
0.308712033785,0.318708030837
0.304162704765,0.340430483619
0.314364350814,0.373788147091
0.311864649519,0.381337093474
0.327350736359,0.336857444152
0.313282735306,0.321828434519
0.309014126237,0.298788837393
0.306578855737,0.318137829605
0.339855807918,0.324315749799
0.299183364637,0.320832507268
