feature6,feature3
27.4905882353,27.8544117647
27.9272727273,28.0006060606
27.9361764706,27.5652941176
28.2505882353,28.0882352941
27.3997058824,27.8844117647
,27.9717647059
