feature10,feature8
27.8806060606,27.9478787879
27.8897058824,28.2134375
28.2229411765,28.4075
28.0538235294,27.9257575758
28.0111764706,27.7090625
,28.1645454545
