feature6,feature3
110.717647059,112.152727273
113.243636364,112.638181818
108.247272727,113.0
115.342352941,111.65882353
112.741714286,109.365882353
111.7375,
