feature6,feature3
27.856969697,28.2177142857
27.8897058824,28.7726470588
28.0875757576,28.2797142857
27.9296969697,28.4811428571
28.0557142857,27.4825714286
28.1228571429,27.7482352941
