feature6,feature3
28.1632352941,27.6584848485
27.9312121212,27.695
27.9221212121,28.1545454545
28.2120588235,27.9978787879
27.7796969697,27.9412121212
28.6293939394,27.9076470588
