feature6,feature3
0.333092305885,0.344910681319
0.356895874033,0.304367738719
0.451922673931,0.321113079718
0.417989280178,0.299452524655
0.291982351177,0.343801500375
0.302454757708,0.321202653447
0.287275378495,0.316672067265
0.368227682347,0.316560543796
0.39438131881,0.325416690686
0.326464525911,0.353169191702
0.320744226871,0.38448217269
0.313825327378,0.284210041031
0.361501696119,0.306353374388
0.315601998436,0.368695075049
,0.317503885525
