feature10,feature8
0.375790798684,0.357720392999
0.349027961264,0.308898076036
0.346663041593,0.329653040573
0.353569194493,0.271084133796
0.320151833076,0.367022949898
0.369385686901,0.329453775134
0.291791045023,0.346296305892
0.343555334364,0.354181811625
0.354165083464,0.317527777141
0.316849325721,0.350500251665
