feature10,feature8
0.30651139448,0.316556095719
0.327579558055,0.329931027989
0.344330731167,0.339779402101
0.342909794122,0.339737411497
0.35492007873,0.379587259713
0.316567221734,0.300880737208
0.337375765974,0.321489884841
0.329847360856,0.361227814934
0.353569562331,0.339937990853
0.368978102347,0.287199186694
