feature10,feature8
28.9608823529,28.4985294118
27.9102941176,28.0675757576
27.7944117647,28.5977142857
27.3465714286,27.9175
27.5461764706,27.9991176471
28.0247058824,
