feature10,feature8
28.6564705882,28.4653658537
28.9305714286,28.1508571429
28.9491176471,28.8284848485
29.0757142857,28.2829411765
28.0163636364,28.5005882353
28.6366666667,28.6529411765
