feature6,feature3
33.9533333333,34.18
33.6585714286,33.7642857143
32.5228571429,34.1528571429
33.6275,34.055
34.482,33.0
34.68625,32.89375
34.1057142857,34.3422222222
33.5,32.86
33.5777777778,33.3157142857
34.3188888889,
