feature10,feature8
32.336969697,31.8641176471
32.2766666667,32.1348484848
33.4335294118,32.6745454545
32.2938235294,33.6592857143
31.5711764706,32.9333333333
32.7466666667,31.7412121212
33.0693939394,33.115
32.8791176471,32.4381818182
31.7839393939,32.156969697
32.2879411765,32.3421212121
