feature6,feature3
30.6003333333,30.1877777778
30.965,31.515
31.805,31.77125
31.389,31.39625
32.27125,31.925
30.184137931,32.26875
30.8922222222,30.73
30.6572222222,31.74
29.86,31.9777777778
,31.99625
