feature6,feature3
0.39618019417,0.334218679953
0.310533160409,0.423828090017
0.308391026127,0.318747140546
0.341429792189,0.32187542494
0.328333582113,0.332032395599
0.385492023685,0.289561142854
