feature6,feature3
110.785142857,111.845882353
112.149714286,111.289142857
112.08,111.071515152
110.557647059,112.461111111
112.455294118,112.484705882
111.002424242,113.208484848
108.734117647,113.187878788
111.189090909,109.909714286
111.868235294,111.827878788
110.607272727,108.823529412
110.588235294,113.552727273
,110.232941176
