feature6,feature3
22.6996774194,21.5190625
22.144375,22.2135483871
21.2512903226,21.7487096774
21.7339393939,22.6051515152
21.9153125,21.9628125
21.954516129,20.9475
22.1112121212,22.2267741935
20.496875,21.6990322581
21.801875,21.9587096774
22.2293333333,
