feature6,feature3
28.1796969697,27.2602941176
28.0535294118,28.32
27.7926470588,27.37
28.2570588235,27.7409090909
27.3585294118,28.0376470588
27.5840625,27.8282352941
