feature10,feature8
16.9975757576,16.181969697
15.913030303,17.0909090909
15.5460606061,16.5562121212
15.3172727273,
15.8959090909,
15.2418181818,
16.3966666667,
17.2259090909,
16.9777272727,
