feature6,feature3
28.13,28.3138235294
27.7891176471,28.1988235294
27.8860606061,28.1160606061
27.9461764706,27.324
28.8944117647,27.6508571429
27.9490909091,28.312
