feature6,feature3
21.7666666667,21.457037037
21.4755555556,21.0474074074
21.1792592593,22.1455555556
21.7640740741,21.55
21.3785185185,21.5819230769
21.9407407407,22.1735714286
21.2537037037,21.903125
21.7489285714,21.847037037
21.46,22.2153571429
,23.0862962963
