feature6,feature3
0.335505954367,0.329980894063
0.296681947773,0.348344870325
0.449911700869,0.372949602916
0.371753777315,0.316032245249
0.348051994313,0.343453444991
0.40845001376,0.309135779209
