feature6,feature3
110.919,112.803428572
112.001025641,109.807058824
112.885128205,114.375757576
112.715151515,111.722424242
112.204848485,109.524324324
111.850588235,110.915348837
