feature7,feature6
0.252106738384,0.316173592753
0.322950525136,0.325057892557
0.325486090384,0.326642603527
0.32827570925,0.343978667387
0.340276417306,0.329105814691
