feature6,feature3
15.4087096774,17.0146875
15.28921875,15.3409375
15.6232258065,15.3911111111
16.30296875,16.7888709677
15.534375,17.1146875
15.6746875,17.5111290323
14.9859375,16.7912903226
16.983125,15.79421875
15.6570967742,15.3125
17.1359375,15.5521875
