feature10,feature8
23.9945454545,24.8960606061
24.7267647059,24.766969697
24.0939393939,24.2742424242
24.0284848485,24.1603030303
25.3572727273,24.1006060606
23.9166666667,24.0575
25.0248484848,24.5387878788
24.756969697,24.1691176471
24.2791428571,24.976969697
23.9879411765,23.7596969697
