feature6,feature3
28.2755882353,28.2982857143
27.8168571429,34.6054545455
27.7954545455,27.9073529412
28.0035294118,28.7241176471
27.5744117647,26.6123529412
28.3496969697,27.4154545455
