feature6,feature3
27.6694117647,28.006969697
28.0923529412,27.2302941176
28.1747058824,28.0387878788
27.6779411765,28.46
27.6151515152,28.4512121212
27.8409090909,28.5867647059
