feature6,feature3
16.0403030303,14.8087096774
15.0087096774,16.0641935484
14.47546875,16.0003125
15.2765625,14.264375
15.3265625,15.3435483871
14.5996875,14.5915625
15.8859375,15.323125
14.9040625,14.70421875
14.7875,14.8824193548
16.2009677419,15.703125
14.0041935484,14.2003030303
13.8982352941,13.8897058824
14.4268571429,14.7714705882
14.7547058824,14.6272794118
14.9608571429,14.0642424242
14.0560294118,14.4794117647
