feature7,feature10,feature8,feature6
15.33484375,15.1683333333,16.8372727273,15.08390625
15.44734375,15.2222727273,17.0507575758,15.6009375
14.94640625,15.5593939394,16.7521212121,14.7153125
16.5124193548,15.9560294118,17.0625757576,16.7586363636
14.8209375,17.17203125,15.6157575758,16.4984375
,15.0512121212,15.206969697,
,14.81,16.12875,
,16.6621212121,15.3983333333,
,15.4969117647,15.7324242424,
,15.0978787879,16.8353030303,
