feature6,feature3
0.320066615651,0.308412509448
0.31208973,0.313165988252
0.325304784421,0.317283915221
0.328706005349,0.319852335704
0.291536047662,0.295092875302
0.30661333758,0.303117903031
0.324351465709,0.325316826235
0.319551737307,0.30985366687
0.325713746097,0.332488003258
0.328172855743,0.322472892875
0.32655189395,0.322035125092
0.32267316066,0.317895774981
