feature6,feature3
15.765483871,16.1090625
16.894375,15.29125
16.1108064516,16.0574193548
17.31,15.056875
15.6571875,15.3721212121
15.2151612903,17.0220967742
15.65484375,16.5874242424
17.1919354839,16.9383870968
15.7509375,15.3903125
,15.199375
