feature10,feature8
28.8025714286,28.3408823529
28.326969697,28.1529411765
27.7926470588,27.6978787879
27.3341176471,28.9164705882
27.55,27.6831428571
27.5172727273,28.5032352941
27.8387878788,28.2644117647
27.8564705882,28.1588571429
28.2164705882,28.2523529412
28.0427272727,28.0112121212
28.344,28.0376470588
