feature10,feature8
32.2084848485,32.2670588235
32.7990909091,33.1555882353
32.5824242424,32.5860606061
31.7778787879,32.0987878788
32.9887878788,32.4475757576
33.253030303,32.3360606061
33.0532352941,32.7387878788
33.0272727273,32.3903030303
32.5324242424,31.7578787879
33.0881818182,32.8815151515
