feature6,feature3
0.32639057651,0.30203012306
0.30052376459,0.323177459824
0.312345954264,0.318524916105
0.323602662057,0.29508692076
0.30992393966,0.311119891716
0.313816554184,0.330490271111
0.321450413242,0.350947420538
0.304695477558,0.310535637114
0.297896246802,0.318886244202
0.303403051473,
