feature6,feature3
114.469090909,111.904242424
112.504705882,110.958947368
112.537142857,111.705714286
111.939393939,111.816842105
111.98,112.412571428
110.996363636,112.377
