feature6,feature3
28.2117647059,28.1029411765
27.8334285714,28.1011428571
28.215,28.0990909091
28.2085294118,27.7877142857
28.3454545455,27.8165714286
27.764,27.8590909091
