feature6,feature3
17.1808064516,17.68203125
15.2454861111,15.7037837838
16.1474193548,15.99984375
17.3832258065,17.4012903226
17.11484375,15.9696875
17.5222580645,15.9205743243
17.1438709677,15.7929032258
16.0216129032,17.3283870968
16.0490625,16.5734375
16.228125,17.2361842105
