feature7,feature10,feature6
0.252106738384,0.322410006988,0.316173592753
0.322950525136,0.373597500483,0.325057892557
0.325486090384,0.342492079884,0.326642603527
0.32827570925,0.299600848351,0.343978667387
0.340276417306,0.299463443747,0.329105814691
,0.323220956558,
,0.3461500844,
,0.359905995317,
,0.349134983743,
