feature10,feature8
18.6881818182,18.386969697
19.99,19.4812700321
18.8990789474,20.3509090909
20.3516666667,19.8610606061
18.5813636364,18.8581818182
18.2243939394,18.5804545455
18.4922727273,18.9598529412
18.7857575758,19.2396969697
20.0705882353,18.8142424242
19.18859375,19.3804545455
19.5178787879,18.9915714286
18.8156060606,18.903030303
19.6171212121,18.8365151515
,18.5957575758
,18.8043571429
