feature6,feature3
28.2590625,28.205
28.5908823529,27.8203030303
28.1373529412,28.596969697
28.4541176471,27.6715151515
27.8890909091,28.0085714286
28.3468571429,28.5058823529
