feature6,feature3
29.0267741935,28.0481818182
28.1525806452,28.3697142857
28.1216129032,28.1632352941
28.3470967742,28.1470588235
28.0526470588,28.3551612903
27.8894117647,28.1948571429
