feature6,feature3
28.3245454545,28.3654545455
28.1902857143,28.3785294118
28.5442424242,28.3367647059
27.7268571429,28.0585294118
27.7732352941,27.8561764706
27.6415151515,27.6808571429
27.3115151515,27.51
27.9651515152,28.0502941176
27.5651428571,27.6606060606
28.4885294118,27.6452941176
28.1374285714,27.4834285714
