feature10,feature8
24.6035294118,24.8215151515
24.326969697,24.276969697
24.9078787879,24.2191176471
24.228125,24.3206060606
24.3790909091,23.7176470588
24.8678787879,24.5663636364
24.3509090909,24.3508823529
25.0157575758,25.3288235294
23.7890909091,24.005625
24.5966666667,24.9047368421
