feature6,feature3
27.1976470588,28.1923529412
28.0438235294,28.1673529412
28.1605714286,27.6442857143
30.8321212121,27.5785294118
28.0821212121,27.5924242424
28.1285714286,28.373125
