feature10,feature8
0.324683981259,0.365487256889
0.313051837109,0.298647866577
0.332389775488,0.322291256779
0.346247831679,0.412701366432
0.294028983508,0.376140873752
0.306311803441,0.313300028334
0.315967362104,0.303658010453
0.290321258437,0.299295100663
0.391951493814,0.365657990962
0.384609767946,0.306235799647
