feature10,feature8
32.385,33.5527272727
32.0860606061,33.4642424242
32.27,32.0484848485
32.0145454545,33.5360606061
32.5326470588,31.694375
32.6438235294,32.6993939394
33.2839473684,32.4357575758
32.2087878788,32.6236363636
32.8551515152,33.0560606061
32.7587878788,
