feature6,feature3
27.9742857143,27.8367647059
28.3852941176,28.1052941176
27.622,28.4714705882
28.2484848485,28.2794117647
27.1866666667,28.54
27.7905714286,
