feature6,feature3
16.1906666667,16.6067741935
15.7866129032,15.8767241379
14.7893548387,14.9761666667
16.7468333333,15.0841935484
15.1190322581,15.2964516129
15.2348333333,16.7733870968
16.0306451613,16.8977419355
15.2233333333,15.633
14.829,15.746
14.7348333333,16.2186206897
