feature9,feature8
15.476875,16.6065625
16.5665625,16.98125
16.5927419355,16.4924193548
16.485625,15.0284375
