feature10,feature8
0.295306686516,0.361808811456
0.438994713446,0.320488306278
0.419480681058,0.300520805033
0.414142822342,0.311478545836
0.332047590009,0.356380828117
,0.451654935194
