feature6,feature3
14.2025735294,14.7572727273
13.8339393939,14.5776428571
14.0128125,14.1794117647
14.5833333333,14.1845714286
,14.5708571429
,14.8713235294
