feature6,feature3
27.3048571429,28.1829411765
27.9914705882,27.3076470588
28.2628571429,27.9170588235
27.9487878788,27.6508823529
28.4238235294,27.2690909091
28.1663636364,27.6138235294
