feature10,feature8
114.082580645,111.917575758
112.271325301,112.578666667
113.6575,113.913548387
111.25875,113.303448276
110.761927711,112.756363636
113.197142857,113.206451613
