feature10,feature8
112.778550725,114.436923077
117.562352941,110.712
115.3056,114.123076923
110.573714286,112.850588235
114.125517241,114.116190476
112.451358025,
