feature6,feature3
31.9915384615,30.15
29.7802777778,30.5155882353
31.2923809524,31.4605882353
31.0775,30.7707142857
30.5716216216,
