feature6,feature3
109.962352941,111.417647059
111.709090909,112.002424242
111.744705882,110.26117647
113.002352941,112.352941176
109.59882353,111.537647059
,111.887058824
