feature6,feature3
0.30607640015,0.276043119486
0.345585202631,0.314621941309
0.315757573172,0.29640153823
0.33083867163,0.313317939196
0.364901877512,0.324485278555
0.337093854416,0.329586106855
0.333070112847,0.329462145017
0.313727540333,0.285052026023
0.353036192301,0.286230274045
,0.326239218126
