feature10,feature8
0.407352245445,0.313411019617
0.324479591199,0.327419724586
0.300847108302,0.370038420398
0.393518733402,0.358744043537
0.313482171457,0.347355749653
0.328011279187,0.357698767237
0.405236880222,0.316583459736
0.408123185091,0.306202884011
0.295974173191,0.29703987539
0.304837602529,0.327303097369
0.395285653037,0.300560022259
0.405377408769,0.327292204647
0.313686287465,0.428111722579
0.387873479022,0.322150623116
0.320459268255,0.321870485852
