feature6,feature3
27.3718181818,27.7123529412
28.3303125,27.9341176471
28.0561764706,27.7239393939
27.9420588235,28.2270588235
28.1142857143,28.1776470588
28.4414285714,27.8139393939
