feature6,feature3
14.428030303,14.6279285714
14.5452941176,14.5393939394
14.9443571429,14.8443939394
14.0208571429,14.7978787879
13.8227205882,14.4021212121
14.9102941176,14.536969697
