feature6,feature3
27.6845454545,28.335
27.8303030303,28.3597142857
27.7817647059,27.4454285714
27.6332352941,28.3972727273
27.6512121212,28.055
28.5151515152,27.8755882353
