feature6,feature3
21.9987096774,22.5523333333
22.3275,22.148125
22.121875,22.0316129032
22.2143243243,21.8646875
21.355,22.5374193548
20.9665625,22.1721212121
21.7415625,22.3440540541
21.738125,21.9838709677
21.7596875,21.711875
22.556875,21.7348387097
