feature10,feature8
15.0795454545,15.1007575758
16.6713235294,15.4045454545
16.869375,15.5459090909
17.1346969697,17.0154545455
16.0442424242,15.5636363636
15.1396969697,15.9306060606
16.6360606061,16.9197058824
15.07,17.2498795573
15.2806060606,15.0409090909
15.4490909091,15.4946969697
