feature6,feature3
27.4958823529,27.95
27.4206060606,28.3665625
27.8827272727,27.9605714286
27.475,28.3097142857
27.8442105263,28.0352941176
27.7929411765,27.1555882353
