feature10,feature8
15.9413235294,15.4329411765
15.2629411765,16.0454545455
16.5690909091,15.6987878788
16.1048484848,17.615625
17.1191428571,15.8023529412
16.9416666667,16.2815151515
15.2143939394,15.8054545455
15.8557575758,17.01890625
15.8939705882,16.0357575758
15.6321212121,
