feature6,feature3
0.524796274645,0.613528922236
0.488558632655,0.57116134352
0.525912917452,0.515407306859
0.540776982615,0.489059749506
0.524275228156,0.484567935459
0.516094137404,0.512459332976
0.496784301063,0.510475645065
0.500484872329,0.505819803117
0.521057799653,0.546794465933
0.491210886723,0.496809902681
