feature6,feature3
14.3914705882,14.8337142857
14.4971212121,14.8922058824
14.6190909091,14.7413636364
14.5607352941,14.40359375
14.9177205882,15.0796323529
14.9325,14.0631428571
