feature10,feature8
0.351238680194,0.344169423503
0.326738948105,0.273049014372
0.35267869436,0.333020669852
0.373868751815,0.358717019652
0.341172902201,0.327829801691
0.342789433982,0.306527050864
0.353081039112,0.34810113436
0.357696548923,0.341967914238
0.3406079163,0.356288386542
,0.315603572109
