feature6,feature3
28.3863888889,28.3828571429
29.4711111111,27.8254545455
27.86475,28.1841666667
28.2563888889,27.465
28.865,28.8507142857
28.4665714286,29.2688888889
28.3911627907,28.0762857143
28.4888235294,28.62475
28.2204166667,28.2051162791
28.6181818182,27.8428947368
28.2252777778,27.5390384615
27.7295238095,27.5344736842
28.3267567568,
29.4025,
28.6318918919,
