feature10,feature8
15.5451515152,15.7710606061
16.1109090909,17.1133333333
17.1137878788,17.2283333333
17.1678787879,16.3642424242
16.8739393939,17.53875
15.9160606061,17.5675757576
17.68234375,15.6730769231
15.8510606061,15.1831818182
15.8440909091,16.0268181818
16.8901515152,17.1221212121
15.6413235294,16.1826470588
15.9760606061,
17.1101515152,
16.2054545455,
15.5726470588,
