feature6,feature3
27.5735294118,27.6420588235
27.578,27.8523529412
28.0814705882,28.1893939394
27.9621212121,27.8226470588
28.1688235294,28.15
27.4767647059,27.5726470588
