feature10,feature8
0.332130615333,0.334084595579
0.410225425726,0.416346334326
0.300579450849,0.373814635363
0.423779505092,0.363532422918
0.378805466953,0.344550220685
0.279891707571,0.370320701102
