feature6,feature3
14.2458823529,14.6930882353
14.0902941176,14.9548484848
14.0527205882,13.8623704268
14.2511764706,14.344469697
14.556969697,14.4701515152
14.0977941176,15.1285606061
