feature6,feature3
27.06,28.0911428571
28.6290909091,27.8154285714
27.6808823529,27.9929411765
28.1054285714,28.43
27.2036363636,28.4711764706
27.8973529412,28.5512121212
