feature6,feature3
28.3114285714,28.1802941176
27.9541176471,28.7575
27.6805714286,28.2982352941
27.9025714286,27.8875757576
27.6745714286,28.0772727273
27.8497142857,28.3333333333
