feature6,feature3
28.5270588235,27.9509090909
28.6367647059,28.6788235294
28.09,28.5757142857
28.1711764706,28.4515151515
28.3629411765,28.6060606061
