feature6,feature3
27.9667647059,28.2276470588
28.4263636364,27.9437142857
28.2761764706,28.8178787879
27.9160606061,27.7420588235
28.2776470588,27.7271428571
28.314375,28.53
