feature10,feature8
0.360615885257,0.268534564774
0.353037973537,0.400026700683
0.319045134982,0.428838378098
0.310784051113,0.358810177727
0.351861584231,0.352919757912
0.341573705909,0.38120196895
