feature6,feature3
0.328150495019,0.387405262514
0.306111494952,0.353632796621
0.350245471627,0.352529491927
0.353647021456,0.325225505301
,0.32461600739
,0.363626810131
