feature10,feature8
28.1817647059,28.0660606061
27.786,28.3963636364
28.034,27.68
28.61975,28.0376470588
27.9085714286,28.12
28.2157575758,28.1022857143
