feature6,feature3
0.360073555798,0.324898673767
0.332850916047,0.337627080572
0.340306918822,0.38293453489
0.384463706446,0.334465703654
0.344991926824,0.33306597567
0.344594089951,0.32192205294
0.331305701866,0.283196244802
0.419443051079,0.32649864839
0.326427068671,0.373141547028
0.387522188619,0.339044777087
