feature10,feature8
24.1839393939,24.3951515152
24.2175757576,24.6897058824
24.3727272727,24.3787878788
23.8921212121,24.3591176471
24.5675757576,23.8221212121
23.8918181818,24.6172727273
23.7581818182,24.4784848485
25.4593939394,24.3009090909
24.0218181818,24.2720588235
24.5703030303,
