feature6,feature3
27.7797368421,28.3036363636
28.0076470588,27.9996969697
28.0813513514,27.9429411765
27.5937142857,28.1975757576
27.6878787879,27.8117142857
27.8617647059,28.0381818182
