feature6,feature3
31.7481818182,32.496969697
32.1170588235,32.4832352941
32.768125,33.5725
33.1024242424,33.1725
33.2578787879,32.53125
33.07625,33.0084375
33.536969697,33.0878787879
32.5453658537,33.1865625
,31.9875757576
,33.39125
