feature10,feature8
0.325803916631,0.298059362287
0.329821925647,0.319617421278
0.356097825736,0.353663722253
0.349239498198,0.334228728717
0.345609476356,0.32528433442
0.327758918827,0.334981518814
0.339908495569,0.381500813849
0.357390708466,0.327672363107
0.327054624352,0.33837328096
,0.351244436633
