feature6,feature3
0.353681970312,0.386419511015
0.342695187818,0.335612983644
0.27626817169,0.437579312721
0.319537322299,0.381837373525
0.330376313466,0.315994659436
0.402832216822,0.385714073621
