feature6,feature3
15.3627705793,15.0588709677
15.5643548387,15.4634375
15.4384375,15.256875
17.0187019231,15.48546875
15.1091935484,15.46203125
15.2877419355,15.9640625
