feature10,feature8
15.5439393939,15.0737142857
14.9403125,15.0651470588
14.9115151515,14.8315
15.0884285714,14.9820588235
15.3792647059,15.6911764706
14.9383333333,15.2032352941
