feature6,feature3
28.486969697,28.1344117647
27.8021212121,27.2890909091
28.1979411765,27.8211764706
27.8697058824,28.1288235294
28.0932352941,28.1771428571
27.7148484848,27.8805882353
