feature10,feature8
0.325252180449,0.294669437832
0.305592087601,0.344366388441
0.332603516993,0.328127828473
0.342843280661,0.337649091667
0.351331395029,0.289372813456
0.339428800132,0.340576286329
0.323264060899,0.33110223863
0.338683062433,0.302100520507
0.35724609159,0.360692236574
0.365642364224,0.294655563917
