feature6,feature3
28.0048571429,27.7711428571
27.7026315789,27.4982352941
28.2882352941,28.0018181818
27.8473529412,28.5670588235
28.1909090909,28.5411764706
27.7921212121,
