feature6,feature3
112.652941176,110.633939394
111.724848485,110.78
111.688484848,112.618181818
112.848235294,111.991515152
111.118787879,111.764848485
114.517575758,111.630588235
