feature4,feature10,feature3,feature8
21.846875,24.2884848485,21.6734375,23.9681818182
21.1581818182,24.6172727273,21.6328125,23.5527272727
22.0484375,24.5663636364,22.2028125,24.4106060606
22.23,24.3709090909,22.064375,24.2351515152
,25.1209090909,,24.4833333333
,24.8748484848,,23.6274358974
,24.5709090909,,24.4293939394
,23.561875,,24.9884848485
,24.1967647059,,24.7893939394
,25.5278787879,,24.7023529412
