feature6,feature3
0.341581779288,0.322162831931
0.325238494054,0.357655902824
0.329652703141,0.318993752145
0.357688138907,0.333591590222
0.322960241595,0.330595712818
0.314805115541,0.307559881352
0.38718624243,0.364990934733
0.326257741033,0.296222383815
0.380191864714,0.378896493816
0.327111936188,
