feature6,feature3
112.169142857,112.304705882
113.757647059,112.26
110.503589744,110.607058824
111.929411765,112.7
110.309090909,
112.641142857,
