feature6,feature3
28.4254545455,28.6302857143
27.9354545455,28.3125714286
28.0781818182,27.9145454545
28.5506060606,27.8208823529
28.9105714286,28.6257575758
27.9414705882,
