feature6,feature3
28.3863888889,28.3828571429
29.4711111111,27.8254545455
27.86475,28.1841666667
28.2563888889,27.465
28.865,
