feature6,feature3
27.9387878788,28.1791176471
27.8548484848,27.9176470588
28.2374285714,27.7603030303
27.8514705882,27.5647058824
27.6876470588,27.5944117647
28.4270588235,28.3242857143
