feature6,feature3
21.8519354839,21.314516129
22.3721875,21.8871875
21.795,22.6203225806
21.3322580645,21.4146875
21.4187096774,22.6770967742
21.6990625,22.469375
22.1919354839,21.4019354839
22.1161290323,22.6206451613
23.0351612903,21.7128125
22.6009090909,22.3596774194
