feature6,feature3
0.406919634065,0.327270664169
0.459223696375,0.368536651721
0.401393602721,0.312699072787
0.381758523068,0.357013166797
0.356022884826,0.412419380336
0.308201874219,0.344309255243
0.317878816234,0.348825028938
0.379692342128,0.327043062826
0.373419177111,0.421646783605
0.335661407905,0.387750265062
