feature6,feature3
27.2044117647,27.6654545455
28.0211764706,28.0621212121
28.0952941176,27.7045454545
28.08,27.7576470588
28.1203030303,28.16
28.2736363636,27.5426470588
