feature10,feature8
23.7372727273,24.7039393939
23.9754545455,24.7887878788
24.5657575758,23.5918181818
23.7896969697,
24.6236363636,
23.8472727273,
24.3539393939,
24.2582352941,
23.8748484848,
23.9366666667,
