feature6,feature3
16.1583870968,15.3490625
14.805483871,14.41375
15.149375,15.4374193548
14.9978125,16.3787096774
15.0058064516,14.5966666667
16.41609375,14.9216129032
14.9774193548,15.9793548387
16.23625,15.2753125
16.08984375,16.19703125
14.7770588235,16.353125
14.9117647059,14.819375
14.905530303,14.22
14.1247058824,14.4692424242
,14.0395588235
,14.4079411765
,15.3192424242
