feature6,feature3
28.2121212121,27.5438235294
27.8102941176,28.18
28.5155882353,28.3979411765
27.6894285714,28.2737142857
27.9882352941,28.2362857143
,28.4229411765
