feature7,feature10,feature6
15.33484375,15.1683333333,15.08390625
15.44734375,15.2222727273,15.6009375
14.94640625,15.5593939394,14.7153125
16.5124193548,15.9560294118,16.7586363636
14.8209375,17.17203125,16.4984375
,15.0512121212,
,14.81,
,16.6621212121,
,15.4969117647,
,15.0978787879,
