feature10,feature8
16.4353030303,17.54875
16.7743939394,16.5004411765
15.4124242424,17.1707575758
16.4895454545,17.4822516026
15.7316666667,15.6796969697
15.2342424242,15.8128787879
15.9565441176,15.8892647059
17.2942424242,15.2648484848
16.2257575758,17.7336363636
15.3214705882,16.696969697
15.5736363636,16.9737878788
15.1536363636,16.2370588235
15.8543939394,15.5576470588
15.4654411765,16.4034848485
,15.4474242424
