feature10,feature8
0.434585990631,0.389352490598
0.398793813133,0.353678625179
0.391806994503,0.351212119623
0.384882211633,0.412260468073
0.411863992969,0.304447704864
0.322778814168,0.353445065724
0.292394430401,0.404603727123
0.411295939209,0.351459383336
0.415010168772,0.336928308953
0.333216833199,0.325879583676
