feature6,feature3
111.128421053,113.852941176
111.387058824,112.064242424
112.375757576,113.189411765
111.495294118,111.634117647
114.334545454,111.88
112.188571428,110.047272727
110.723529412,114.228235294
112.414117647,112.875151515
114.60969697,111.316363636
111.545142857,113.016470588
111.183030303,112.394117647
112.862352941,113.207058824
