feature11,feature10
0.124160134159,0.387177871629
0.460797685517,0.257796275167
0.290706576747,0.454398829391
0.331766523843,0.372277982808
0.345477994,0.323496995101
,0.29584119648
,0.293483920148
,0.331812563988
,0.313607022446
,0.33790290311
,0.288661833009
,0.347159584535
,0.309892437774
,0.283719262586
,0.326295085623
