feature6,feature3
28.1215151515,27.8676470588
27.3129411765,27.5139393939
27.96,27.6851428571
27.6742857143,28.52
27.6482857143,28.3408571429
27.7641176471,28.2702941176
