feature6,feature3
27.7305882353,28.5088235294
28.1422857143,28.4360606061
27.7423529412,29.2178571429
27.9684848485,28.4717647059
28.0891176471,28.5684210526
,28.8115151515
