feature6,feature3
25.0787878788,24.2853125
24.4502941176,23.833030303
25.0315151515,23.8757575758
24.2972727273,24.4206060606
25.4175757576,24.0057575758
24.9870588235,24.4457575758
24.5458823529,23.806969697
23.8545454545,24.7173529412
23.8058823529,24.5596969697
24.2324242424,24.9636363636
