feature6,feature3
27.7005714286,28.6620588235
28.0303030303,28.1211764706
28.5423529412,27.6858823529
27.9582857143,27.4452941176
28.3414705882,27.9241176471
28.1255882353,28.2139393939
