feature10,feature8
15.5703030303,16.8557575758
16.835,15.5803030303
15.5339393939,15.3662121212
15.5048484848,16.8836363636
15.1015151515,15.8821212121
15.4866666667,15.666875
15.1481818182,15.3018181818
16.89375,15.1198484848
17.045,15.32609375
