feature6,feature3
31.9915384615,30.15
29.7802777778,30.5155882353
31.2923809524,31.4605882353
31.0775,30.7707142857
30.5716216216,32.0590909091
30.76,31.3682608696
32.0575,31.8711111111
31.0044444444,30.6075
30.2223529412,30.8666666667
31.1066666667,30.3692105263
30.59,30.8190625
30.5494444444,30.696
31.334,31.5231428571
30.9395,
