feature6,feature3
27.943030303,28.9509375
27.9248571429,28.4405882353
27.99,28.2976470588
27.8376470588,27.7572727273
27.8777142857,27.2485714286
27.8697058824,28.0102941176
