feature4,feature10,feature3
16.63703125,15.1160606061,16.469375
15.4175,15.4709090909,14.6840625
15.00828125,16.8575,16.6665625
15.71,17.0254545455,14.6878125
,15.5948484848,
,16.7822058824,
,15.7965151515,
,14.7957894737,
,15.2562121212,
,15.5639393939,
