feature6,feature3
28.0318181818,28.5187878788
27.386,27.8894117647
28.2318181818,28.1173529412
27.775,27.386
28.023030303,28.2714705882
,27.585
