feature6,feature3
0.357582674615,0.348583190766
0.355335965542,0.347148119819
0.319074966412,0.355417608531
0.39988875795,0.377375824771
0.381176843305,0.348771371842
0.328522482335,0.354994776845
0.409536889227,0.358404090473
0.356632053816,0.367172441912
0.352813479729,0.376067542647
0.44848402535,
