feature6,feature3
14.00125,14.2306060606
14.0978787879,14.7662121212
13.9939705882,14.4211764706
14.7590625,14.4793382353
14.6977941176,14.0900757576
14.6772058824,
