feature10,feature8
0.321303771938,0.335445435267
0.338600379372,0.324893452653
0.349126489288,0.341487105577
0.309912801268,0.317576196084
0.295002830273,0.3406604255
0.334622348074,0.328910742977
0.342134158789,0.327074118728
0.350742773217,0.320280743364
0.35699689282,0.357816303022
0.336825397429,0.325024118398
