feature6,feature3
111.118947368,113.214545454
112.030588235,111.998787879
112.325405406,111.771764706
110.374857143,112.79030303
110.751515152,111.246857143
111.447058824,112.152727273
