feature6,feature3
17.5884375,16.334375
16.5709677419,17.46359375
16.10125,17.29671875
16.125483871,16.6646875
17.651875,17.3287878788
16.75859375,16.541875
16.41375,16.3240322581
16.5059375,16.3475
16.8171875,17.6146875
16.1606451613,16.7138709677
