feature11,feature10
15.4463636364,14.9872727273
16.495,16.5906451613
17.2271875,15.26390625
15.7192424242,15.6311764706
,16.7712121212
,15.80859375
,16.8581818182
,16.9645588235
,16.8448484848
,15.3857575758
,16.7384375
,16.6324242424
,15.8625
