feature10,feature8
0.354078063556,0.334651481102
0.332510534608,0.333701593799
0.356658792642,0.357992892144
0.309288019529,0.351550506628
0.299577709259,0.3358448704
0.330788546627,0.342609866708
0.337889245629,0.353008649276
0.316312556829,0.359763575261
0.321332940312,
0.319004397232,
