feature6,feature3
28.0689130435,28.0465217391
28.5085106383,27.5430434783
28.4008510638,27.7765957447
28.7304255319,28.017826087
27.9295744681,28.5423913043
27.6834042553,28.282173913
28.1393478261,27.6359574468
27.7572340426,27.6154347826
28.1251020408,28.0834782609
27.6347916667,27.8229787234
28.0145652174,28.4146808511
27.9611320755,28.3082608696
28.2506382979,27.5406382979
27.9167391304,28.1078723404
27.5981632653,27.4782978723
