feature6,feature3
21.3846666667,21.6170967742
21.174516129,20.7755172414
21.744516129,21.9866666667
21.8866666667,21.5651612903
21.4967741935,22.6148387097
22.1683333333,22.1183870968
21.965483871,22.2406451613
21.0596666667,23.0796666667
21.758,22.1003333333
21.2276666667,21.7572413793
