feature10,feature8
113.354285714,110.677714286
111.899428572,109.030243902
112.817647059,112.518857143
112.531764706,110.781714286
113.522424242,110.28
,114.958787879
