feature6,feature3
1.23604368238,0.866880756535
0.542873229773,1.11393267032
0.657205275353,0.379624299347
1.00643882777,1.18462814828
1.14030591225,0.910514978567
0.494676278967,0.890132626854
1.06689008493,0.598712250237
0.585711956076,0.663881475016
1.20239725572,0.971401003759
1.12257588984,0.611595607493
