feature6,feature3
27.4955882353,28.2151515152
27.6352941176,27.7097058824
27.6944117647,28.6242857143
28.0439393939,27.5833333333
27.514,27.6136363636
27.6444117647,27.811875
