feature10,feature8
14.9418181818,15.9704545455
15.5992424242,15.7114705882
16.4809090909,17.1733333333
16.0889393939,16.7116666667
17.3515151515,15.2525757576
16.1396969697,15.1486764706
16.6310606061,15.5946969697
17.07,16.8268181818
15.8736363636,16.3626090116
17.0327941176,
