feature10,feature8
0.378494857641,0.32698913039
0.292051215482,0.337059523477
0.348536049602,0.287237541078
0.302047799291,0.358908434476
0.326732245084,0.359225933564
0.325002826006,0.336360257812
0.349732836672,0.3840540453
0.334165792486,0.371362419858
0.32736717286,0.337233173732
0.346131927959,0.336532218674
