feature9,feature8
0.314329537496,0.317479947475
0.330583082963,0.33116905269
0.329222362681,0.310280863132
0.323129163159,0.297914184008
