feature6,feature3
27.954,28.3447058824
26.8851428571,27.6264705882
27.3711764706,27.904
27.3881818182,27.8160606061
27.7252941176,28.0211764706
27.4263636364,27.9278787879
