feature10,feature8
15.0732352941,15.5990909091
15.9178787879,15.8586363636
14.9678787879,14.8613636364
16.9336363636,15.77
16.0022727273,17.018030303
15.5917647059,14.6903030303
16.7962121212,15.4815151515
15.4266666667,15.6387878788
15.576969697,15.45375
16.6860606061,15.5484375
