feature6,feature3
28.2525714286,28.6815151515
27.9426470588,28.2923529412
28.1939393939,28.9515625
28.3025,28.3445454545
28.5641176471,28.1085294118
28.17,
