feature6,feature3
0.35078415816,0.40471248611
0.394204098542,0.290268981076
0.360609336793,0.429960035327
0.385748022889,0.38275669179
0.364342301534,0.45080920525
