feature6,feature3
112.4,111.830857143
111.928484848,111.654857143
109.362424242,107.355555556
114.055294118,111.033939394
112.381818182,110.647058824
110.763428572,110.66
