feature10,feature8
0.299838704173,0.32068864817
0.323349642081,0.342393676635
0.36092491516,0.310081837911
0.32077105035,0.378616294982
0.307932116143,0.412670439956
0.322926940595,0.358464399076
0.306797004857,0.331931540165
0.308437791126,0.348384896074
0.286310217939,0.295184107908
0.305492014506,0.391136235459
