feature6,feature3
15.889375,15.7996774194
15.95203125,15.3738709677
16.0787096774,15.7370967742
14.5329032258,15.561875
16.26625,14.5048387097
14.6528125,14.8453125
16.315483871,16.0175806452
16.28328125,16.2
16.1629032258,15.75625
14.8421875,
