feature10,feature8
24.91125,25.2111764706
23.8203030303,24.9221212121
24.6032352941,23.9090625
24.3933333333,24.0957575758
23.9693939394,23.9624242424
24.6432352941,24.6736363636
24.9224242424,24.0188235294
24.3506060606,24.7845454545
23.3193939394,24.0721212121
24.0027272727,24.4287878788
