feature10,feature8
0.2966539129,0.365143201379
0.336191077206,0.335009621027
0.347599803633,0.30625328937
0.32042514756,0.349545450434
0.33577618833,0.372866990558
0.354429259184,0.366677985615
0.345792440889,0.348098533111
0.342445463914,0.339766780231
0.366419572261,0.357627766353
0.316265493733,0.320612524011
