feature4,feature3
22.7116666667,21.655
21.8447058824,22.3475757576
22.2123333333,21.9862068966
22.3144827586,21.9051724138
22.5453333333,22.0089655172
