feature6,feature3
28.0236363636,27.8144117647
28.2634285714,28.3051428571
27.9988235294,28.4232352941
28.1258823529,28.1720588235
28.4096969697,27.4702941176
28.0203030303,28.2308571429
