feature6,feature3
28.2102857143,27.3845714286
27.8697058824,27.9845714286
27.406,28.0876470588
28.4724242424,28.4594117647
28.3697058824,28.3848571429
28.146969697,
