feature6,feature3
15.2692424242,16.4277272727
15.7057575758,15.2245454545
15.2546875,15.8871212121
15.3681818182,14.9224242424
,16.8660606061
