feature6,feature3
14.6693382353,14.3239393939
14.376969697,13.9710294118
14.8757857143,14.2756818182
14.3805882353,14.1768382353
14.1791176471,14.1997142857
14.523030303,14.7748484848
