feature6,feature3
14.6248484848,14.68703125
14.4277272727,14.9654545455
14.5024264706,14.6719285714
14.5544117647,14.0745454545
13.5005,14.8373484848
14.2784375,14.5771323529
