feature10,feature8
32.4593939394,31.9252941176
31.691875,31.5727272727
32.4475757576,32.2654545455
32.2090909091,32.5996969697
32.1,33.2184848485
32.9327272727,33.0827272727
32.1015151515,33.6206060606
31.8534285714,32.9148484848
32.0084848485,32.4272727273
32.5506060606,32.6893939394
