feature6,feature3
27.6163636364,27.8585714286
28.4133333333,28.4561764706
27.6797142857,28.3567647059
27.8460606061,28.1247058824
28.2332352941,27.9590909091
28.273030303,28.2141176471
