feature6,feature3
27.7645714286,28.87
27.4645454545,28.1723529412
27.7812121212,28.2178787879
28.0,27.8454545455
27.553030303,28.1108823529
27.5552941176,27.5294117647
