feature6,feature3
0.343497924913,0.326825141763
0.344412496955,0.330511686061
0.288701196271,0.323038327277
0.328518653706,0.369769844029
0.317114294718,0.320076734078
0.334320608294,0.297122506012
0.341060678583,0.333367462001
0.354388724642,0.377975058872
0.336998296298,0.322629277273
,0.316359203072
