feature6,feature3
111.795294118,111.247058824
112.9,112.518857143
111.886060606,110.526857143
112.153142857,111.859393939
110.894117647,113.143529412
,110.630588235
