feature10,feature8
114.116470588,113.646060606
111.767058824,111.635151515
114.46117647,114.122285714
111.020606061,109.829714286
110.485714286,111.563636364
112.009473684,114.508571428
