feature6,feature3
28.1588571429,27.8305882353
28.6211764706,28.2948571429
27.918,27.7547058824
28.2923529412,28.6428571429
28.4877777778,27.5384848485
