feature4,feature3
21.1403448276,21.6728571429
21.4168965517,23.1893103448
21.3485714286,21.6960606061
21.655,21.1038235294
22.28,21.9931034483
