feature10,feature8
16.6953030303,16.5272058824
14.9460606061,17.2956060606
15.188030303,16.1297058824
15.9357575758,15.2092424242
15.7796969697,15.9175757576
17.328030303,15.8346969697
17.4313636364,15.3534848485
15.7801515152,15.4625735294
15.6714102564,15.2572058824
,17.1683333333
