feature6,feature3
28.0912121212,28.1817142857
27.5982857143,28.4114285714
28.4954545455,27.9265714286
28.5244117647,27.7817142857
28.0041176471,28.1587878788
27.8477142857,28.1788235294
