feature4,feature3
0.337073773989,0.332092967086
0.322906409381,0.320027110282
0.323600757383,0.337401549092
0.326801418753,0.314065572228
