feature6,feature3
0.285092627729,0.32237886696
0.374480730079,0.321723120642
0.37085908604,0.357020891942
0.316781332181,0.331298526127
0.339967238525,0.34622799091
0.345029055914,0.335969953733
0.336352758757,0.4090658639
0.344158521366,0.360796218226
0.338469875083,0.352091899439
0.331536566003,0.381837791126
