feature11,feature10
0.335904974733,0.354482676148
0.31684791776,0.327729278549
0.323568810274,0.322205542405
0.326845417515,0.334166235394
0.311448922854,0.321222160112
