feature6,feature3
15.0248484848,14.7353030303
14.7177857143,14.7696969697
14.1416176471,14.1612857143
14.8360606061,15.0525
14.2019117647,14.7309090909
13.9054411765,14.7165151515
