feature6,feature3
27.6794117647,28.0381818182
28.3109090909,28.1595454545
27.0618181818,28.25
28.8355882353,27.9147058824
28.1854285714,27.3414705882
27.934375,
