feature6,feature3
28.036,28.1023529412
28.1797058824,28.3028571429
28.4522857143,27.72
27.8579411765,27.5132352941
28.9066666667,28.3434285714
28.7114705882,28.6444117647
