feature10,feature8
32.465625,32.4509090909
32.6287878788,32.4542424242
32.1352941176,31.8439393939
31.8309090909,31.2460606061
33.1555882353,33.3206060606
32.8887878788,32.2086842105
31.951025641,32.6602941176
32.8042424242,32.3918181818
33.103030303,33.0893939394
32.316969697,32.3520588235
32.7933333333,32.5511428571
32.5839393939,31.2975757576
32.7473529412,33.1246666667
32.2871875,32.5981818182
,32.7739393939
