feature6,feature3
111.256969697,110.591515152
113.258181818,110.356571428
110.67030303,114.262352941
110.304242424,113.578181818
112.123636364,110.900571428
113.030588235,110.969411765
