feature6,feature3
24.8252941176,24.2452941176
25.6357575758,24.9266666667
24.5203030303,25.7123529412
25.2682352941,24.6879411765
24.4567647059,25.3372727273
24.4524242424,24.9673529412
24.9488235294,24.9790625
24.4966666667,26.0109090909
25.1517647059,25.0812121212
24.4547058824,
