feature6,feature3
0.298350347131,0.318477552359
0.371806674221,0.329647500766
0.322984448523,0.352007345201
0.364729678114,0.332533268234
0.352271956494,0.322306995586
0.657018079558,0.648932889342
0.63039338692,0.751947126078
0.549315429155,0.435428998081
1.10911122976,0.599101254639
0.629450565146,0.501676157755
