feature6,feature3
15.34625,15.3654166667
16.3332758621,16.3066176471
16.3987121212,16.3405743243
16.6834285714,14.8858333333
15.646875,13.8014583333
14.9664,15.2803703704
15.7941,14.480625
14.8820967742,15.8918939394
16.23745,15.9809615385
15.4525833333,14.8712916667
