feature10,feature8
0.372230228777,0.339576798099
0.377423800385,0.324962829801
0.35102875103,0.360675935523
0.331240721796,0.342528685083
0.328228677104,0.374650399928
0.361477992153,0.337300274113
0.340714194814,0.296772850125
0.316673741542,0.323598400304
0.371683069312,0.305557828214
0.319066307973,0.341729721551
