feature10,feature8
0.388533297662,0.392633841201
0.404903267571,0.299679310418
0.289304119202,0.314029364957
0.323014812205,0.348646582797
0.342933236135,0.31339851316
0.312074142995,0.390618425543
0.294880172988,0.397228697208
0.326539940346,0.352064434567
0.310651524579,0.315859267012
0.326379448194,0.311294311477
