feature6,feature3
22.0482758621,21.8172413793
22.5125,22.0117241379
22.3010344828,22.1255172414
22.7275862069,22.0767857143
21.6165517241,22.1142857143
22.1546428571,21.7596551724
21.9057142857,21.9664285714
21.1075,21.4544827586
,21.17
