feature6,feature3
1.19485602665,0.552911903755
0.943165729872,0.782847772744
0.919727761666,0.810191441026
0.743856580785,0.388830485271
0.464251703728,0.666435876909
0.53208074979,1.15496453329
0.605097184427,0.847925629183
1.04375146173,0.609895179864
1.20865216281,0.925567275538
0.589284835275,
