feature10,feature8
0.337578650433,0.3053643669
0.378184197199,0.407220260383
0.307413409359,0.374834517197
0.354000839817,0.415116367501
0.387704345817,0.381348308642
0.302910998761,0.324457811852
0.317234992668,0.296777835812
0.310029978947,0.406270892118
0.316608293964,0.370876703464
,0.374052993455
