feature6,feature3
28.2794117647,27.9648571429
27.7794117647,28.4551428571
27.3703030303,28.3415625
28.74,28.8090909091
28.1455882353,27.6002857143
28.8637142857,27.8418181818
