feature10,feature8
15.5367647059,15.4884848485
16.5710606061,16.7175757576
15.6326470588,15.6063636364
17.4406060606,15.5583333333
15.9747058824,15.3910606061
15.03296875,15.1648484848
15.4353030303,15.6075757576
14.9587878788,17.1839393939
15.4122727273,16.8683333333
17.0203030303,15.9993939394
