feature6,feature3
27.2745714286,27.6244117647
27.3981818182,27.8345454545
27.6197058824,27.6721212121
27.9870588235,27.5555882353
27.6536363636,27.5972727273
28.1136363636,27.5363636364
