feature10,feature8
0.370848115961,0.341730777573
0.329700885614,0.328829739846
0.327433223564,0.337549420073
0.34493902904,0.33085356666
0.352584589038,0.344924797252
0.341184276891,0.381041354528
0.362140446485,0.351743662668
0.337012150081,0.343527367759
0.346047775789,0.35030432335
0.306263049959,0.285020136742
