feature6,feature3
109.906285714,112.189411765
108.974857143,112.027428572
109.069411765,112.73882353
111.088484848,111.733714286
111.141818182,112.450588235
113.684705882,110.655757576
