feature6,feature3
27.8229411765,27.7794285714
27.8214285714,27.0760606061
27.0539393939,27.8845714286
27.5420588235,27.8042857143
28.7191176471,27.6736363636
27.6129411765,27.8864705882
