feature6,feature3
18.4483333333,17.879
17.924375,19.138
18.52375,16.9622222222
17.4344444444,18.3355555556
20.0775,20.37
