feature10,feature8
0.335710386569,0.355531801684
0.341448851461,0.341640703735
0.360300071706,0.352825661662
0.335200560038,0.322091040347
0.360782815934,0.331776508606
0.348708739297,0.395702358331
0.316907286405,0.333283981546
0.35770155632,0.350220076147
0.333052488401,0.331823898812
