feature10,feature8
31.4178787879,32.7857575758
32.0782352941,32.2145454545
31.2451515152,32.6745454545
32.4260606061,33.4393939394
32.8909090909,32.6241176471
33.3729411765,32.5054545455
32.0396969697,32.616969697
33.5327272727,32.0006060606
33.2055882353,33.0290909091
32.1221212121,32.5514705882
