feature6,feature3
27.8318181818,28.5874193548
28.0040540541,28.732972973
28.3833333333,28.264
28.02375,28.538125
28.3715,28.6739393939
28.1690909091,27.6740625
