feature6,feature3
24.3461764706,24.6133333333
25.1988571429,25.1045454545
25.198,24.45
24.5894117647,24.4361764706
24.3897058824,25.1357575758
25.1658823529,24.5388571429
24.9852941176,24.7711764706
25.1661764706,25.4177777778
25.4432352941,24.9375757576
24.8288235294,24.63
24.595,24.8321212121
24.2176470588,27.8872
25.78,23.9014705882
25.1205882353,24.8529411765
24.7142424242,
