feature6,feature3
33.0377777778,32.03
32.092,31.07
30.2,30.84
30.633,31.0355555556
31.3653333333,29.845
31.23375,31.8333333333
31.0252941176,30.9775
31.5266666667,30.196
30.89,31.018
31.3515384615,30.80875
