feature10,feature8
0.303672001234,0.37504665456
0.417693646429,0.331264686656
0.307861620774,0.398283923248
0.343396144307,0.353644920103
0.393141586261,0.323254215203
0.300171401571,0.386225580848
0.333141259663,0.400942809756
0.398134029261,0.359589562513
0.327296827199,0.347606153074
0.313866721454,0.328064292161
