feature10,feature8
14.8926470588,15.035
14.8475714286,15.297503811
14.8359090909,15.1217647059
15.2190909091,14.6752857143
14.7090909091,14.7591176471
,14.9196969697
