feature6,feature3
28.0747058824,28.2842857143
28.1388235294,27.5447058824
28.0367647059,27.6323529412
28.1335294118,27.7782352941
28.4429411765,27.9262857143
27.8873529412,27.8417142857
