feature10,feature8
0.397737744658,0.350602089218
0.322132271611,0.389470876147
0.341752834133,0.409252915415
0.365241878177,0.287921564919
0.324697033269,0.32785284294
0.308792782989,0.305893537774
0.408927039465,0.417845526268
0.358026393729,0.412661999278
0.284862976266,0.314662007085
0.313369349529,0.408608652504
0.330403926047,0.170866726811
0.282951978547,0.308093032316
0.403714084656,0.404037178277
0.337136294234,0.320752406557
0.305856042413,
