feature6,feature3
0.344183516209,0.318337208963
0.35395603335,0.336951552347
0.359761186276,0.353929680216
0.354164943397,0.354241622799
0.385696279239,0.343793373716
0.319476343345,0.332088719722
0.356879692487,0.348371640583
0.333222657467,0.313413424984
0.37333182299,0.350261645494
,0.336304083792
