feature6,feature3
22.0596774194,22.3096774194
21.7261290323,21.4965625
22.3606451613,21.9129032258
22.1615625,22.2890909091
21.735483871,22.3616129032
22.5080645161,21.1028125
22.0391176471,22.1459375
21.7990909091,21.6528125
22.3215625,21.3178787879
22.0867741935,
