feature10,feature8
0.32405897196,0.332648203305
0.255355819102,0.34619504835
0.228282697734,0.276651678088
0.246992053902,0.337548673457
0.324838954277,0.357816068389
0.272008110553,0.290264134817
0.311669730423,0.295850801312
0.303395378486,0.327703854134
0.332074746055,0.266120611913
0.304959238043,0.319183296945
0.256247220204,0.338773231696
