feature10,feature8
27.2802325581,28.2331428571
27.3766666667,27.777962963
28.0935897436,27.7158139535
28.2165384615,28.2608571429
28.0885294118,27.9347222222
27.4308823529,
