feature6,feature3
28.5367647059,28.1987878788
27.5511428571,26.9016129032
28.3897058824,28.3071428571
27.6822857143,28.2093939394
28.2954545455,28.8284210526
28.2108823529,28.6697058824
