feature10,feature8
0.348744152748,0.386320965974
0.345517954148,0.341682504369
0.381257029941,0.326763856471
0.324476358491,0.328157124773
0.321345771032,0.351503755478
0.319239345376,0.354836859458
0.312318524126,0.368076470631
0.321539011484,0.310944677127
0.331134748208,0.336272307194
0.344696402106,0.339877976902
