feature6,feature3
28.0257575758,28.3251515152
28.0857575758,27.9451428571
27.8609090909,27.712
27.8109090909,27.9652941176
27.3963636364,28.3742424242
27.2185294118,27.9705714286
