feature6,feature3
21.5746875,22.9771875
21.98,21.899375
22.3406451613,22.1809375
22.1721875,21.8112903226
21.2803225806,21.755
21.9509375,21.6096774194
21.2964516129,21.52
21.7212903226,21.9729032258
22.1805882353,22.18625
21.2224242424,21.884375
