feature7,feature6
16.0718607133,15.3180645161
14.73265625,14.90265625
16.3171875,15.0357575758
14.655483871,14.6
16.011875,15.2903125
