feature4,feature3
0.211194273825,0.430486939471
0.242017814459,0.231715358284
0.383462698278,0.26792477751
0.232157299349,0.271677652175
0.409772900825,0.28583474451
