feature4,feature3
0.326674977845,0.308825253129
0.360960671588,0.356303901805
0.325082500991,0.332646538753
0.310076095851,0.34085537962
