feature10,feature8
0.356578404712,0.36779936414
0.350204308879,0.351138548396
0.326240714132,0.354813126407
0.370865455403,0.347305885741
0.322071754942,0.346585252787
0.351124651407,0.34969543648
0.357629328091,0.332886891914
0.321895683112,0.347498586686
0.32494185031,0.344213786274
0.304735155906,0.307226159597
