feature6,feature3
113.126060606,112.448484848
112.224705882,111.971764706
112.287272727,111.996470588
112.35882353,114.772941176
110.667058824,111.437647059
113.40625,112.465882353
