feature10,feature8
17.0003030303,17.1989705882
15.6244117647,15.795
16.2231818182,13.0021212121
15.836969697,16.3645454545
17.0956060606,15.5216666667
15.9487878788,15.27046875
16.2818382353,15.3824242424
,15.1635294118
,15.6988235294
