feature10,feature8
0.38997825473,0.433863933876
0.280003331157,0.312610248763
0.27806453655,0.36664102778
0.396896277054,0.367135498687
0.395238545803,0.390272490678
0.332690395854,
