feature10,feature8
24.593030303,24.2421212121
24.8978787879,24.2173529412
24.4993939394,24.8048484848
24.033030303,24.4927272727
24.1412121212,24.0839393939
24.096969697,24.3358823529
24.4181818182,24.5590909091
23.8145454545,24.8696969697
24.3690909091,24.8520930233
24.0314705882,
