feature6,feature3
28.5160606061,27.9802857143
28.1233333333,28.2148571429
27.7736363636,28.4561764706
27.6631428571,28.4539393939
27.5890909091,28.6497058824
28.3505882353,
