feature6,feature3
0.406217410797,0.318502408772
0.317680213509,0.34275460578
0.406261830965,0.318267231918
0.415298671351,0.350443987275
0.323579929712,0.32173423176
0.416074226203,0.309275197171
