feature6,feature3
17.6546875,17.5503125
16.9809375,17.97234375
16.8390322581,17.315483871
18.4862903226,17.2128125
17.4542424242,17.5470967742
16.1391935484,16.3896774194
16.2622580645,17.695625
16.7612121212,16.698125
17.3069354839,16.59015625
17.0446875,
