feature6,feature3
22.04,21.6048484848
22.4624242424,22.328125
22.2565625,22.01875
22.7359375,21.915483871
21.9135483871,22.2991176471
21.8124242424,22.43875
21.39375,22.0496774194
22.3753125,22.0380645161
22.26875,22.6212903226
22.363125,
