feature4,feature3
15.1306060606,16.5765625
16.3821212121,15.64578125
15.045,15.4535483871
15.66671875,15.6365625
15.845,
