feature10,feature8
16.5793939394,15.3093939394
15.2123529412,15.4727941176
16.7256060606,15.3824242424
15.9486363636,16.9992424242
15.5727272727,16.9812121212
16.7214705882,17.15
15.4302941176,15.6456060606
16.6183333333,15.336875
14.8709375,15.6785294118
,16.1819117647
