feature10,feature8
32.4826470588,32.1175757576
32.3678787879,33.45
33.3944117647,32.7066666667
32.3875757576,33.8240625
32.865,32.2942424242
33.0827272727,33.3763636364
32.3403030303,31.7906060606
32.1803030303,32.4260606061
31.7648484848,33.2563636364
31.5578787879,31.7038235294
