feature6,feature3
28.3447058824,28.1788235294
28.3860606061,28.7523529412
28.3285294118,28.0579411765
27.6824242424,28.4126470588
27.4018181818,27.9482352941
,27.994
