feature6,feature3
28.1229411765,27.7822857143
27.443030303,27.3305882353
28.5354545455,28.4427272727
27.3723529412,27.7503125
27.5197058824,28.3097058824
27.8873529412,28.0168571429
