feature6,feature3
15.4233214286,15.7013636364
15.0625714286,14.8110294118
15.2767142857,15.0734558824
15.5371428571,15.5114393939
14.94375,15.0075757576
15.4909090909,
