feature6,feature3
27.5676470588,28.4988235294
27.7,27.296969697
27.6245714286,28.24875
27.7351428571,27.7924242424
28.1224242424,27.9626470588
27.7285294118,27.7214705882
