feature10,feature8
0.408722821456,0.340939443341
0.306074520169,0.416908069718
0.327302477752,0.370175261383
0.372380504285,0.313848308891
0.358619921555,0.314432982879
0.304018498512,0.375227379902
0.306801919471,0.297428950654
0.312940667659,0.402141824386
0.387953890546,0.386671831681
0.333105210755,0.317601795399
