feature6,feature3
14.4281428571,14.2474242424
14.2834848485,14.9910606061
14.1630882353,14.3295454545
14.7127941176,14.1854411765
14.8298484848,14.0943181818
14.99875,14.94578125
13.9965,13.8701515152
14.1092424242,14.2698484848
14.191969697,14.6718181818
14.4562121212,13.9616176471
13.9715151515,14.8899242424
14.575625,14.3263235294
