feature6,feature3
111.413714286,111.034117647
111.404705882,113.244705882
112.40117647,112.121142857
113.586666667,110.791764706
114.981818182,116.215757576
111.682352941,111.518857143
