feature10,feature8
28.3960606061,27.5186486486
28.2378787879,27.8270588235
27.7327272727,27.908
28.2511764706,27.7504081633
28.7535294118,28.7279411765
27.7229411765,28.5478787879
