feature6,feature3
27.4644444444,28.2582352941
28.2552941176,28.1360526316
28.6135294118,28.7055882353
28.2557575758,27.6503030303
28.1102941176,27.9435294118
27.57,27.4181818182
27.3214705882,27.8329411765
27.9811428571,27.2876470588
27.7027272727,28.4067647059
28.0088571429,
27.7308823529,
