feature7,feature10,feature8,feature6
0.321320581181,0.346104929085,0.373847748269,0.32447318005
0.317850198906,0.351015596628,0.315566601101,0.345749661325
0.329460953135,0.314608412395,0.334789607956,0.325014064298
0.33610850674,0.315830232619,0.359047894418,0.336347553052
0.341383992388,0.34000755823,0.323950090875,0.307605349938
,0.352172159743,0.357339322035,
,0.338086031044,0.344151669628,
,0.275962327845,0.341915694562,
,0.356861784247,0.313641947549,
,0.33389728934,,
