feature6,feature3
1.12542893701,1.03775566662
0.918127792266,0.849179041377
1.04399052697,0.968738524959
1.06494144848,1.20805420205
1.12687825872,0.949895801303
1.05281549292,1.09938339718
0.907717985568,0.93975770278
0.991059575777,1.01106938796
1.07209908069,1.04926317294
,1.10501294073
