feature10,feature8
0.323515723401,0.333935965021
0.33554165425,0.308184200014
0.331613052611,0.330885245712
0.28673299299,0.346230389177
0.335044393469,0.332077441406
0.31678007878,0.334957188796
0.335523480671,0.317246630382
0.342070039155,0.340592158077
0.329013619229,0.361535592848
0.343947400664,0.350173145319
