feature7,feature10,feature8,feature6
16.2911290323,15.518125,15.2765151515,14.86203125
15.32734375,15.9251515152,17.0431818182,14.961875
16.6434375,16.1013636364,17.0277272727,15.1896875
15.14109375,15.21,16.7327272727,15.3009375
,15.6596969697,17.3395454545,16.2765625
,16.438125,16.083030303,
,15.8612121212,17.7082352941,
,15.7571875,16.7107575758,
,15.4778787879,15.3059090909,
