feature6,feature3
24.8068571429,24.0557142857
24.3031428571,25.2663636364
24.9726470588,24.3511764706
25.2597142857,25.2009090909
24.8611428571,24.7076470588
24.6411764706,24.385
24.7018421053,24.4554545455
25.2711764706,24.2502777778
25.1477142857,24.3597142857
24.1503030303,24.6574285714
