feature10,feature8
24.1893939394,24.7221212121
24.5603030303,24.2718181818
23.893030303,24.4057575758
23.676969697,24.4639393939
24.8742424242,24.5639393939
23.7048484848,25.0066666667
24.6609090909,24.1926315789
24.1966666667,24.7890909091
24.6978787879,25.0648484848
24.4081818182,
