feature6,feature3
28.3009756098,27.9333333333
28.0010526316,27.9270588235
29.089,27.7186153846
28.5746666667,28.3314705882
27.9065217391,28.4355172414
28.4897435897,28.1564516129
