feature6,feature3
15.156969697,14.4906060606
14.7763235294,15.4624285714
14.5922058824,14.9382352941
15.0445454545,14.6848484848
14.8496212121,15.6336111111
14.8158823529,15.1639705882
