feature10,feature8
0.310921098279,0.371522611266
0.311862377879,0.295857483403
0.306417497824,0.328726801084
0.369028138999,0.407548982549
0.395524939911,0.330634569266
0.348702277232,0.370430107647
0.335746087465,0.321389536366
0.382476718969,0.331443999374
0.298323165594,0.386084993165
0.37685594961,0.424640327467
0.319329043963,0.299417947817
0.347271472556,0.327597027475
0.361394014127,0.302513039712
0.365735384774,0.313825668832
,0.315746646685
