feature10,feature8
16.3825757576,16.3601470588
16.9792424242,16.9517647059
16.873030303,17.0562121212
15.4157575758,15.8001515152
16.3478787879,16.7551515152
17.2554545455,16.0701515152
17.4301470588,15.8224242424
15.8968181818,15.5108333333
16.4495454545,16.3557575758
15.2654545455,16.9365151515
