feature6,feature3
27.753030303,28.3717142857
27.3033333333,28.195
27.7439393939,28.4672727273
27.6328125,27.966969697
27.0335294118,28.7375757576
28.1727272727,28.1912121212
