feature6,feature3
1.57576779067,1.20279872442
2.01053569394,1.35014670885
1.96465729425,9.0674333589
0.9256455067,1.41190793265
1.47963255749,1.15284864318
1.88356647935,1.81505087908
1.32267703497,1.04398035964
1.55897041764,1.31494893427
1.58322594192,4.57697498597
1.83298156416,0.884570778626
