feature6,feature3
0.373568988907,0.377973706736
0.347816760381,0.343285954361
0.318934160471,0.384079782064
0.34980564153,0.404252069335
0.322668994854,0.354944108982
0.365228524228,0.301925458656
