feature10,feature8
113.0625,111.192727273
113.709411765,113.287368421
111.402424242,111.790857143
111.984242424,111.6
110.211764706,113.059393939
,113.61882353
