feature6,feature3
28.4251724138,27.7338235294
28.4158823529,28.1497142857
28.3188235294,27.6597058824
28.2079411765,28.2636666667
27.9816666667,27.7983783784
27.7138235294,27.7853333333
