feature10,feature8
27.7405714286,29.0460606061
28.2097058824,27.992
28.7377142857,29.1582857143
28.6971428571,28.8603030303
28.73625,28.3559375
28.506,27.9761764706
