feature6,feature3
14.761875,14.40484375
15.6996774194,14.6729032258
14.3164516129,14.8867741935
16.4190625,14.4562903226
14.5309677419,14.42
14.6041935484,14.55796875
15.8003225806,14.7324242424
16.0326666667,14.77796875
14.6566666667,14.5665625
16.1648484848,14.06828125
13.971969697,14.9047058824
14.4043571429,14.7460294118
14.6220454545,14.6358653846
14.3445454545,14.3463235294
14.1945454545,14.5260714286
13.8455882353,14.2361764706
