feature6,feature3
14.8902857143,14.5463235294
14.5532142857,13.9268055556
15.0147142857,14.5816911765
14.0542647059,14.62
14.8491176471,14.4589393939
14.8405147059,13.9492647059
