feature6,feature3
28.224375,28.1985714286
28.1857575758,27.9988235294
28.6935294118,28.3817647059
27.8994117647,28.4105882353
28.2985294118,28.4178787879
27.064,28.5938235294
