feature6,feature3
28.2462857143,28.1534285714
27.7073529412,28.3184848485
27.5424242424,27.9121212121
27.9112121212,27.76
28.2070588235,27.7112121212
27.8029411765,27.9514705882
