feature6,feature3
21.9338461538,21.9136363636
22.366969697,21.8960606061
22.07375,22.1140625
21.7015151515,21.4227272727
20.9345454545,22.58875
22.2709090909,20.4714705882
21.2775,21.420625
21.9709090909,21.3071875
21.2545454545,21.0609677419
22.0051515152,21.2493939394
27.7564705882,27.0063888889
27.8354285714,27.4491428571
,28.4576470588
,28.4455882353
,27.695
,28.034375
