feature10,feature8
31.6215151515,32.8975757576
31.9315151515,33.0275757576
32.0994444444,33.0645454545
32.335,32.4551515152
32.5211764706,32.2851515152
31.5427272727,32.0055882353
32.3581818182,33.0987878788
32.4160606061,31.9939393939
32.1693939394,31.0047058824
,32.4939393939
