feature6,feature3
27.8848484848,28.19
27.9311428571,27.8662857143
28.0928571429,27.7567647059
27.7552941176,28.1314705882
27.8171428571,28.5063636364
,27.8833333333
