feature6,feature3
27.6241176471,27.8347058824
27.7232432432,27.7751515152
28.0077142857,27.7471428571
28.4782857143,28.525
27.7197142857,28.065
27.8787878788,29.0635
