feature10,feature8
31.4126470588,31.9254545455
32.87,32.1508823529
32.0112121212,31.7473529412
32.8778787879,31.9393939394
31.8521212121,33.6279411765
31.7857575758,31.6266666667
32.2363636364,33.2187878788
32.3802941176,32.3712121212
33.0994117647,33.3991176471
32.4267647059,32.1260606061
