feature6,feature3
28.0552941176,27.8814285714
28.2190909091,27.9558823529
27.4742424242,27.6976470588
27.4793939394,28.0429411765
28.1421212121,28.57
27.3808571429,28.5567647059
