feature6,feature3
21.8593548387,22.3190322581
22.0496774194,22.071875
22.571875,21.4109677419
21.4574193548,21.4484375
21.5390322581,22.104375
21.535625,22.3753125
21.909375,22.1659375
21.9119354839,21.6322580645
22.3346875,21.755483871
22.325483871,21.9471875
