feature6,feature3
0.405495229975,0.34521209391
0.318193959928,0.418202530205
0.401124888189,0.358557859638
0.356153828949,0.357346923233
0.34575443343,0.34582394993
0.328396697858,0.329104268496
0.327160243097,0.326348175632
0.371148280554,0.322637833077
0.369646384182,0.319402623905
0.322760501869,0.345105370697
