feature6,feature3
1.21489735332,2.87977585544
2.60380130975,1.48665869597
1.28577781595,1.17558768032
1.4852134157,2.43172325444
1.03597863626,1.41810169612
1.36625756841,7.89696175362
1.05535543167,0.991756352525
0.93552384242,1.40829563752
1.2634470703,2.88993424886
1.3732565724,2.15080364905
