feature6,feature3
110.702352941,112.885882353
111.414545454,112.933333333
111.916571428,113.205714286
109.461714286,112.271764706
113.489142857,113.890588235
113.792941176,112.576
