feature6,feature3
15.5512121212,16.8785294118
15.4965151515,15.1581818182
16.8989393939,15.195
15.8681818182,16.631969697
16.7652941176,16.7103030303
15.6585365854,16.2665
16.0689189189,16.5624324324
17.14125,17.815
15.7684210526,18.4666666667
16.2273809524,
