feature6,feature3
0.447205978715,0.403035915057
0.36331183629,0.408970444004
0.349915974242,0.476587713389
0.428891137862,0.426248487716
0.330544907967,0.401700978398
0.527519751508,0.292074628298
0.344360040677,0.361270477668
0.366083597887,0.357307733128
0.423733969213,0.384168744143
0.309484481631,
