feature6,feature3
1.04071235822,0.905757772053
0.897809301431,0.861664787794
0.86471827,1.02014084457
0.917399990467,0.968151998879
1.03395549114,0.915872876621
0.918836841055,0.956335392863
0.858511477063,0.911989548985
0.908443290335,0.993049089229
0.881300136318,0.920871193107
0.897842081561,0.857890671569
