feature10,feature8
0.2830685809,0.306856817158
0.298426968706,0.384360033922
0.345115221545,0.310892910397
0.385721187032,0.392192020863
0.408358628279,0.31178623536
0.437987629325,0.344850663851
0.305030674732,0.429432383976
0.403273502558,0.378902464473
0.365045093852,0.34476697873
0.309586991351,0.392293388294
