feature10,feature8
0.348194688793,0.31601127361
0.32944286744,0.35906543596
0.348139113018,0.325101517977
0.337552560781,0.332207222627
0.348029867504,0.32522040111
0.348530110957,0.339837875482
0.316801765073,0.361727534441
0.334355158046,0.312653464225
0.37713149104,0.339179487415
0.335784629827,0.327865880808
