feature6,feature3
17.395,18.2018181818
17.3788571429,18.8531818182
16.736,16.6787142857
18.0185294118,18.5176470588
18.4761764706,
