feature6,feature3
28.7433333333,27.4051515152
28.0345454545,27.5047058824
28.0781818182,28.0338235294
28.7287878788,27.8591176471
28.0912121212,27.7496969697
27.9764705882,27.70875
