feature6,feature3
14.885530303,14.9344285714
14.49203125,14.259
14.4021428571,14.3125
14.28875,14.2216666667
14.4214705882,14.6412121212
14.3598484848,
