feature6,feature3
28.4566666667,27.3255882353
27.55,27.9894285714
28.0124242424,27.975
28.4939393939,27.8844117647
28.0017647059,27.4811764706
27.7023529412,27.7045454545
