feature6,feature3
0.329246699639,0.331686482109
0.312370355221,0.320270929615
0.320323183713,0.334251313264
0.384495315805,0.433830802872
0.313551369164,0.341384128456
0.338805605847,0.361121389037
