feature10,feature8
16.9257575758,15.4839393939
15.6120588235,16.8292424242
16.4133333333,15.8457575758
16.6110606061,15.3278571429
16.7433333333,15.3040909091
15.4078787879,16.56421875
17.814,16.8877941176
15.7959090909,15.3609090909
15.7840909091,17.1439393939
16.8753030303,17.3615151515
