feature6,feature3
0.341467881087,0.309437866006
0.446845884929,0.330514257848
0.350911871347,0.337153081384
0.343743495737,0.313481412212
0.314016781715,0.349886463815
0.322490946654,0.423132045866
0.347658299976,0.312936315979
0.324705353194,0.334876965854
0.347339117565,0.333928501592
0.351521012823,
