feature6,feature3
13.8902941176,14.449
14.3416176471,13.8962121212
14.2879411765,13.8216176471
14.9851470588,13.9516176471
14.2205147059,14.9132857143
13.9147058824,14.8634375
