feature6,feature3
14.22578125,14.0553787879
14.0818181818,15.0422058824
14.4581060606,15.1587142857
14.4845,14.6277205882
15.1088235294,14.3534285714
14.9682352941,15.04015625
