feature6,feature3
15.1982857143,14.5804411765
14.5142647059,15.2516176471
15.0526362179,14.4051470588
14.4927205882,14.3908823529
14.8157575758,
14.8616176471,
