feature10,feature8
0.366493956357,0.343023587973
0.333946226757,0.378588021226
0.330499837504,0.355952596334
0.335478837029,0.332535423286
0.337417258444,0.336890109722
0.356386339757,0.341490551444
0.307217797932,0.301942751889
0.321574291251,0.347229639923
,0.338134119357
