feature10,feature8
0.342347177711,0.346634313924
0.410663436547,0.34893074565
0.433017068415,0.308793798134
0.435751218697,0.337629056691
0.364230120224,0.430523477627
0.343376712934,0.314559872946
0.30313083948,0.312774821231
0.366531661919,0.352493359397
0.400477252755,0.393340946241
0.431609824865,0.315200171152
0.363924931629,0.302778980811
0.399589534443,0.374928382794
0.41237749825,0.2974286649
0.304838819324,0.332064377605
0.402153223719,
