feature6,feature3
0.320420847786,0.342380604049
0.440673841366,0.352629899544
0.447274200412,0.33609673259
0.341993417043,0.426056083802
0.328923244213,0.366859522019
,0.339483531316
