feature10,feature8
16.2706060606,15.2575757576
16.9180882353,16.468030303
17.1912121212,16.6015151515
15.3196969697,16.2442424242
15.9115151515,16.3517647059
17.3119117647,15.6427272727
15.7121212121,15.2831818182
15.12,15.8268181818
15.4010294118,17.8560606061
16.2481818182,16.0214705882
