feature6,feature3
27.7627272727,28.0694117647
28.0685294118,28.67
28.0597058824,27.6955882353
27.9588235294,27.1752941176
28.3958823529,27.7781818182
27.7955882353,27.4328571429
