feature10,feature8
0.317629636517,0.359583852399
0.289521213791,0.392450050652
0.4199465116,0.31470266315
0.419455632972,0.339608736799
0.41547420787,0.309195129691
0.298271547999,0.30613969499
0.335204852772,0.29313320818
0.299891817338,0.41073499965
0.313817077976,0.299207886852
