feature7,feature10,feature6
24.2648148148,24.0354545455,22.1316129032
20.6446875,23.9087878788,21.629375
21.7665625,24.8709090909,21.6990909091
21.4548387097,24.7327272727,21.4859375
21.6184375,23.7096969697,21.845
,23.9848484848,
,24.2084848485,
,24.3136363636,
,24.7521212121,
