feature6,feature3
28.0608823529,28.2918181818
27.5631428571,27.6732352941
27.5720588235,28.182
27.0426470588,27.8817647059
27.5166666667,27.8781818182
28.1267647059,
