feature6,feature3
22.466875,21.9235483871
21.3790322581,22.3696875
21.6515625,21.779375
21.6058064516,21.246969697
22.555625,21.6151515152
20.8622580645,22.5219354839
22.5290322581,22.00625
22.7338709677,22.79
21.9146875,22.0090322581
22.2834375,22.026875
