feature6,feature3
27.6435294118,27.6896969697
27.7733333333,28.1737142857
27.4675,27.9091176471
27.5578787879,28.0434285714
28.1176470588,28.056969697
27.7997142857,28.2335294118
