feature10,feature8
0.31804681165,0.303053221687
0.313100025737,0.374440076841
0.310391888071,0.308726254476
0.383132146141,0.343011047144
0.324628633709,0.29194021915
0.394720710788,0.327892199266
0.357683862694,0.315470292058
0.326767767657,0.385014476342
0.311237426564,0.336453598648
0.314220361537,0.388121477747
