feature6,feature3
0.319114140297,0.331762307455
0.320039883872,0.304224088769
0.346096186463,0.337791854314
0.33848002892,0.354591528087
0.324695812766,0.430273100195
0.32819618565,0.305139845394
