feature10,feature8
15.3472727273,15.3485294118
15.7818181818,15.7062121212
15.1583333333,15.1468181818
15.7775,17.2892424242
15.6904545455,17.493030303
15.5013636364,16.39515625
15.4528787879,16.1907352941
15.6566666667,17.2278125
16.1125757576,15.4398484848
15.3887878788,15.8869117647
