feature6,feature3
21.7629032258,22.23375
22.2321875,21.926875
20.798125,21.4977419355
21.1596969697,21.7565625
22.376875,21.6125806452
20.7490625,21.3925
21.1857575758,21.3264516129
22.0497058824,22.2551515152
22.0096875,21.314375
21.5912903226,21.7429032258
