feature6,feature3
28.198125,27.3252631579
28.265,28.4105882353
28.3462857143,28.1240909091
28.5142424242,28.1857575758
28.3505714286,27.1717647059
28.4490909091,28.5868571429
