feature10,feature8
15.6196969697,15.1213235294
15.6203030303,15.5048484848
16.6922727273,15.9596969697
15.386875,15.636969697
15.1715151515,15.3192424242
16.5722727273,15.2215151515
15.0624242424,15.9315151515
17.246969697,15.2551515152
16.4048484848,15.1334848485
,16.6190909091
