feature6,feature3
14.0835294118,14.66796875
14.5507575758,14.8812121212
14.0886363636,13.7306060606
14.34578125,14.2304285714
14.6448529412,14.3438970588
14.1261764706,14.5928787879
