feature6,feature3
0.354578443584,0.341533058825
0.359005359961,0.307572946648
0.331400742318,0.330875925642
0.354421903219,0.341305075204
0.345012032349,0.365637626866
0.326895075003,0.327730798425
0.361773020074,0.410584529288
0.349310698962,0.356805527528
0.369244170826,0.385400701067
0.368254329694,0.342463013428
