feature6,feature3
27.9402941176,28.1627272727
27.7533333333,27.8479411765
27.3197058824,28.2170588235
28.2344117647,28.0811764706
27.7861764706,27.6976470588
28.27,27.8444117647
