feature10,feature8
0.399179947449,0.417001245134
0.307071311144,0.311531940797
0.363422618956,0.399255336338
0.404978580784,0.314515639611
0.396715102451,0.312946482993
0.40284349149,0.409008021955
0.389558667528,0.333386061616
0.306193284523,0.343023901161
0.38331680404,0.38355810632
0.31022570285,0.317906488292
0.345024673895,0.306001001616
0.333143289645,0.310158034807
,0.307093399082
