feature6,feature3
14.3271212121,14.3334090909
14.1486363636,14.4583823529
14.3835714286,14.9851470588
14.3366911765,14.2421212121
14.5227941176,14.7407575758
14.3209090909,14.8603030303
