feature6,feature3
0.40882404656,0.34073330413
0.407840361213,0.313743776007
0.319285095231,0.344037225324
0.396180204663,0.333936858256
0.364645682061,0.408917874511
,0.300253623302
