feature6,feature3
0.341856670297,0.357493099171
0.325591413707,0.350201462065
0.349732965314,0.287863501974
0.33250655383,0.331876653978
0.347743000171,0.320303913807
0.333004131507,0.372127807012
