feature10,feature7,feature4,feature6,feature11,feature8,feature9,feature3
21.2734375,22.335625,21.5309677419,22.0903125,21.8791666667,21.5761111111,21.220625,22.024375
22.0324242424,22.099375,22.4665625,21.4340625,21.4640625,21.3975,21.5078125,21.31
21.5619354839,21.553125,21.2609375,22.4432258065,22.1153125,21.06,21.5471875,22.145625
21.8478125,21.3475757576,22.0259375,22.608125,22.41125,22.224375,21.3474193548,21.3125
21.9678125,22.2718181818,21.55375,21.9834375,21.5590625,22.37,22.21125,21.3975757576
,,21.1958064516,,,,,22.2121875
,,22.0834375,,,,,21.3271875
,,22.280625,,,,,22.59875
,,22.38375,,,,,21.4825
