feature10,feature8
113.749090909,113.625454546
116.64,113.062352941
114.5275,112.305454546
110.889411765,113.23125
114.172121212,115.032727273
115.018181818,116.024242424
