feature6,feature3
4.32990967283,3.96674477161
0.61912789398,4.34664672943
3.75600992049,3.97471683184
4.16648052033,1.96681008609
0.601313520514,
