feature6,feature3
113.726857143,112.703529412
111.015757576,111.496666667
111.790588235,111.661818182
114.146666667,109.991515152
113.708235294,111.370588235
110.814117647,111.668235294
