feature6,feature3
22.3922222222,22.0361904762
24.28,22.23
20.6253846154,22.160952381
21.6876470588,21.565
22.6075,24.18
23.0366666667,23.6266666667
21.9176923077,22.8314285714
22.9055,22.336744186
24.94,21.5076923077
21.8138461538,22.78
