feature11,feature10
14.71,17.3785714286
15.79,17.2781818182
15.6528125,15.0593939394
16.07921875,17.39
16.0134848485,17.2953125
