feature6,feature3
0.356718260149,0.373465705262
0.296145231645,0.380670321642
0.350594593175,0.361651280384
0.391527993334,0.322499363792
0.326775707437,0.364568137207
0.322035139055,0.368499773695
0.364078756888,0.443586876517
0.354779685213,0.321262984163
0.376051521368,
0.418646965185,
