feature10,feature8
0.33030018018,0.358195047473
0.332694943716,0.327419456071
0.35298718599,0.309596654433
0.355835614963,0.358633026981
0.38301495835,0.337497739457
0.373472621935,0.353042908327
0.344132030774,0.351786147677
0.361061232964,0.307242792576
0.385919376714,0.324603440126
