feature6,feature3
0.31645819978,0.306964357899
0.301295083395,0.409910438214
0.287322987793,0.249689269851
0.327057260502,0.295945971212
0.292368675559,0.346337850021
0.312135000458,0.24119829221
0.363035229263,0.306244297036
0.340684390174,0.32071803367
0.412184463001,0.293134928607
0.289701536682,0.314558015474
0.313299747586,0.265888884317
0.298168214151,0.268739146327
0.269659976004,0.239148614081
0.276800444962,0.313910033277
0.274737103643,0.25660330536
0.319249239084,0.282052779859
