feature6,feature3
18.5507692308,19.855
20.0281944444,18.4372058824
19.3030952381,20.1955882353
20.219375,18.7645535714
17.4024324324,
