feature6,feature3
28.4317142857,28.1758823529
27.7539393939,27.8741666667
27.9476470588,27.9154545455
28.5366666667,27.4978787879
28.4270588235,27.8426470588
27.7035294118,27.9170588235
