feature6,feature3
110.747428572,112.116571428
116.5,111.953939394
109.588571428,112.463030303
112.203529412,111.036470588
113.962352941,113.681025641
113.695757576,113.543030303
