feature10,feature8
15.7445454545,17.5459090909
17.0206060606,15.99796875
15.50921875,17.5681818182
15.7257575758,17.0953030303
15.398030303,15.8127272727
15.4989393939,17.4213636364
15.946969697,16.1107575758
,15.3836363636
,15.8177272727
,15.873030303
