feature6,feature3
1.21901497916,1.17811154967
1.20728891173,1.15921876715
1.13405136636,1.18419871794
1.13908404662,1.15837192003
1.17388506095,1.15554940796
1.21964449678,1.1225898991
1.11995120103,1.25731047107
1.26685021418,1.18429668601
1.24225811808,1.19278578348
1.3167435848,1.20657419607
