feature10,feature8
32.5503030303,33.0412121212
32.5242424242,32.7433333333
33.3481818182,31.8694117647
31.5079411765,32.53
32.9709090909,32.4642424242
32.8884848485,32.8536363636
31.9615151515,33.4309090909
32.0839393939,32.6655263158
33.2181818182,32.5221212121
32.0620588235,32.3981818182
32.9578787879,32.5890909091
33.0993939394,32.0445454545
33.1433333333,33.1984848485
32.6975757576,32.7521875
32.3384848485,
