feature10,feature8
0.335867687338,0.419541949025
0.353790165202,0.342682002593
0.424225470431,0.329532343273
0.0160918837801,0.349371582503
0.297462581217,0.40205566989
0.3030157226,0.333819545295
0.340922965912,0.319370054174
0.301180880081,0.301466087415
0.311870997906,0.295442140982
0.340608735063,0.380205088944
0.38482480999,0.319891360999
,0.399357850947
