feature6,feature3
21.4974193548,21.1140625
21.7480645161,21.264375
21.2109677419,21.068125
21.945,21.7958064516
21.548,21.3309375
21.695,21.670625
22.2,20.6486666667
21.2016129032,21.7927272727
21.84125,21.8570967742
21.4290625,28.2454545455
27.6542424242,28.4042424242
27.9326470588,28.7157575758
27.9393939394,27.5620588235
27.7320588235,28.1978787879
27.3302941176,27.7371875
27.8076470588,
