feature6,feature3
27.8066666667,28.0226470588
28.3367647059,28.218
27.86,27.2838235294
28.2173529412,28.8724242424
27.2588571429,27.8588235294
28.2402941176,27.9605882353
