feature6,feature3
1.29659727622,1.44908795497
1.00692976106,1.3393099038
2.96910855939,1.54544062952
1.25109295251,1.26258018928
1.22364220479,2.85890420648
1.05532575662,1.47344380544
3.23354598762,4.0867521063
1.854447529,1.62410294317
1.23581357253,1.02303177287
1.40597697372,
