feature10,feature8
25.2254545455,24.1896969697
23.6660606061,24.623030303
23.7772727273,23.9545454545
24.8084375,24.1678787879
23.3645454545,24.2757575758
23.8042424242,24.2415151515
24.5342424242,25.4654545455
24.5339393939,24.3178787879
24.0164705882,24.7415151515
23.8881818182,24.4060606061
