feature10,feature8
28.3389655172,29.1246666667
28.4480555556,28.985
28.211025641,28.4038235294
29.1903125,28.596875
28.3810810811,28.0441176471
28.305625,27.731875
