feature6,feature3
30.0675,30.6694444444
29.3294117647,30.1802941176
29.5988235294,30.1490909091
30.2845454545,30.6960606061
30.826,30.2594117647
30.4063157895,30.2460526316
30.5497142857,30.6902941176
29.4961764706,29.7161764706
30.6405714286,30.1323529412
30.6690909091,30.0406060606
