feature10,feature8
0.330319368565,0.336243218943
0.358522708144,0.349253758556
0.316899359295,0.29312942172
0.343980635621,0.335669874058
0.35897061592,0.293030565402
0.33726640726,0.339965607388
0.360142590617,0.346271200552
0.330731888675,0.305101531747
0.30642478581,0.36171898244
0.365215288644,0.353129507299
