feature10,feature8
0.348701697595,0.326872881862
0.350439766419,0.3442787499
0.367423709412,0.366185696082
0.367026530202,0.352157194092
0.320123202904,0.353136447785
0.359952968442,0.335395221409
0.32974225953,0.33522871706
0.324816639218,0.341415961233
0.352556589991,0.356745804209
0.333066699142,0.31715130649
