feature6,feature3
116.26117647,114.20972973
111.88,111.2
113.454545454,112.085882353
112.470588235,114.171764706
111.904210526,114.351764706
112.60117647,113.613333333
