feature10,feature8
17.0965151515,16.5127941176
15.186875,15.553030303
17.1754545455,15.9289393939
15.1110606061,16.5057575758
15.1518181818,16.0939393939
17.6104545455,15.29
16.7097142857,16.6090909091
17.0321212121,17.0195454545
15.9933333333,15.8306060606
,15.8454545455
