feature6,feature3
28.2987878788,28.5508823529
28.1533333333,28.0957142857
28.4647058824,27.8165714286
28.3168571429,28.7175757576
28.0117142857,27.9385294118
28.24,28.0239393939
