feature10,feature8
0.405940224136,0.370317650959
0.334977528813,0.403798481967
0.391860817119,0.409629983015
0.307259328845,0.379158801336
0.424868807617,0.4082435485
0.420472325424,0.425160846106
0.321819871256,0.310714489468
0.441418330654,0.318944755491
0.355643430488,0.288026476821
0.403675510426,
