feature10,feature8
0.312958658235,0.317932379448
0.333926580598,0.304801402558
0.323896888532,0.32894631542
0.344667004822,0.333988172232
0.314448510797,0.344535516024
0.342597216852,0.342635694121
0.348969139315,0.353572752564
0.331699071334,0.335699368094
0.321872846064,0.343919072522
0.36106005851,0.325377140125
