feature10,feature8
16.3346969697,15.1162121212
15.7327272727,15.7787878788
16.9163636364,15.6528787879
15.4953030303,16.2103030303
16.9495454545,15.4239393939
15.6506060606,16.921969697
15.1565151515,15.4475757576
14.9392105263,16.8606060606
16.3178289474,14.9539393939
15.1364705882,
