feature10,feature8
15.4746052632,14.9858571429
15.1461300872,14.6415714286
14.6934375,14.986969697
15.3748484848,14.8328787879
15.6589418248,15.3195608108
14.6027272727,15.9569010417
