feature6,feature3
2.24655058894,1.36894683183
1.37355498122,1.88574660168
2.8539906475,1.35778279532
1.53758698656,1.39874030191
1.45071731602,1.29077602324
3.10259906784,1.02356146903
1.32622564491,3.77848847737
2.46734735247,2.6073885276
3.21733684842,1.31220985663
1.19052744778,1.45470025106
