feature6,feature3
0.360784124528,0.345188014792
0.353820146176,0.340444595161
0.38268209257,0.353841992421
0.3412162535,0.376489247781
0.416568460181,0.325342591321
0.36710961748,0.357018621541
0.397839389795,0.346494986326
0.410739156112,0.36172821298
0.32047282286,0.349907970971
,0.364940146691
