feature6,feature3
34.0911111111,32.4081818182
33.75,35.0644444444
33.6942857143,35.5442857143
34.5414285714,34.45
33.5828571429,31.9322222222
33.393,34.7271428571
33.40375,31.8885714286
32.48625,32.8836363636
33.395,33.225
