feature10,feature8
17.3607575758,15.8834848485
15.2181818182,15.5781818182
15.3165151515,15.921969697
15.8081818182,15.8589393939
16.9243939394,15.6024242424
15.4736363636,16.1045454545
15.201969697,15.7995454545
16.9467647059,15.9972727273
17.2421212121,16.5520588235
,15.7510294118
