feature6,feature3
28.1702857143,28.415
28.005483871,28.1370967742
28.3275757576,27.3075
27.7487179487,28.0224242424
28.0575757576,28.4987878788
27.8428571429,27.8608571429
