feature10,feature8
0.307823002662,0.429536410039
0.331476659233,0.321804497122
0.451523734255,0.391848297299
0.34403093474,0.342498141675
0.317835053167,0.378391853882
0.366619277347,0.352239305664
0.416953501056,0.410867786243
0.319299059018,0.341726343047
0.366753319883,0.328592091747
0.321893091075,0.312602924323
