feature10,feature8
27.6828125,27.89
28.5315151515,28.6633333333
27.9633333333,28.0873529412
28.4421212121,27.5981818182
28.4020588235,27.9496969697
28.0811764706,27.7260606061
