feature11,feature10
15.2342424242,15.8172727273
16.086875,15.6309375
15.07125,15.58
15.2932258065,16.341875
16.5821875,16.7564516129
,15.8772727273
,15.0613636364
,15.9354545455
,15.0293939394
,15.5742424242
,16.748125
,14.9646969697
,15.8243939394
,16.5734848485
,16.7460606061
