feature10,feature8
16.5271875,15.8007575758
16.6804545455,15.8725757576
15.46484375,16.8437878788
16.4209090909,16.9066666667
14.8155882353,15.6066666667
15.2554545455,15.5212121212
17.0,16.6360606061
15.16,17.4540909091
15.5186805556,15.0018181818
15.2539393939,15.073030303
