feature10,feature8
23.6803030303,23.9485294118
24.8651515152,24.3081818182
24.5815625,24.4720588235
24.1318181818,24.6948484848
24.4003125,25.0681818182
23.4390909091,24.4433333333
24.2605882353,24.6924242424
24.0209090909,24.1003030303
23.1557575758,25.2202941176
24.0863636364,25.0045454545
