feature6,feature3
28.0947058824,28.3761764706
27.4445454545,27.6581818182
27.7047058824,27.43
27.4931428571,27.6721212121
27.7192105263,27.1308571429
27.3426470588,27.7979411765
