feature6,feature3
14.4993939394,15.5628125
14.9746428571,15.1474193548
14.8612121212,15.1722857143
15.204,14.4933333333
14.9504545455,15.3250657895
15.2915151515,15.2886764706
