feature6,feature3
0.440158719354,0.429477378872
0.431663621799,0.335517984796
0.433610215143,0.40534053624
0.28761662957,0.322571439593
0.371912393944,0.335270094748
0.382325357409,0.332818117776
