feature6,feature3
122.329230769,122.246363636
124.354117647,124.04
124.275151515,124.972173913
123.064705882,125.174736842
123.254545454,120.546666667
121.747692308,123.209411765
123.9275,122.615789474
129.890526316,117.521025641
120.014857143,122.267234042
129.865454546,121.884444444
