feature6,feature3
27.9008823529,28.7702941176
27.5024242424,27.9734285714
27.9511428571,28.12
28.2308571429,27.7002857143
27.3117142857,27.7805882353
27.9545454545,27.49
