feature6,feature3
30.5736363636,30.1966666667
30.0079411765,30.8363636364
29.6408823529,29.9787878788
29.516875,29.4755882353
29.8121875,30.8942424242
