feature7,feature6
0.321320581181,0.32447318005
0.317850198906,0.345749661325
0.329460953135,0.325014064298
0.33610850674,0.336347553052
0.341383992388,0.307605349938
