feature6,feature3
28.373030303,27.8051515152
27.343030303,28.3815151515
28.4937142857,28.1642857143
27.8202941176,28.4708823529
27.5411428571,28.4496969697
28.2767647059,28.7323529412
