feature6,feature3
27.9555882353,27.9006060606
28.1608823529,27.8979411765
28.048,28.1091176471
28.3711764706,27.7266666667
27.9173529412,27.7993939394
27.9466666667,28.5061764706
