feature10,feature8
0.291426689025,0.292329175146
0.350017213416,0.312664592801
0.346796645417,0.328105281923
0.35182762937,0.319607081271
0.340378270417,0.349491816292
0.318451200095,0.345126362096
0.359495152776,0.357901491234
0.351364199811,0.333437544081
0.380972800118,0.358101764732
0.355582698366,0.349082310452
