feature11,feature10,feature8
0.124160134159,0.387177871629,0.313375532042
0.460797685517,0.257796275167,0.360985715623
0.290706576747,0.454398829391,0.331219371137
0.331766523843,0.372277982808,0.348560694062
0.345477994,0.323496995101,0.317452151474
,0.29584119648,0.340215771887
,0.293483920148,0.303128505003
,0.331812563988,0.33588481876
,0.313607022446,0.277134660111
,0.33790290311,0.337351843073
,0.288661833009,
,0.347159584535,
,0.309892437774,
,0.283719262586,
,0.326295085623,
