feature6,feature3
0.29900109273,0.383994980133
0.36954909569,0.401878664262
0.414996664216,0.414746906754
0.296248005001,0.32579019729
0.40856987623,0.408685930793
0.415223367148,0.407946646133
0.304156225171,0.378666945003
0.406366089086,0.387709593625
0.359656157455,0.350108857046
