feature6,feature3
28.31,28.3173529412
28.0197058824,27.9809090909
28.3929411765,28.1471428571
27.8679411765,27.4744117647
27.8020588235,28.2476470588
27.9147058824,28.1408823529
