feature10,feature8
0.347351417361,0.330521995176
0.30801938054,0.37735273422
0.350104227393,0.330017514199
0.332616910429,0.351738217543
0.29344213051,0.331850145087
0.357216911948,0.347190028512
0.36192705011,0.318169227282
0.349847894078,0.347761628415
0.354862204772,0.312509974016
,0.316080617434
