feature10,feature8
32.233030303,32.1445454545
32.8978125,33.8051515152
32.0227272727,32.266969697
32.5145454545,33.626875
33.4136363636,32.9763636364
32.7611764706,32.3875
32.9747058824,31.8258823529
31.8387878788,32.5387878788
32.2276470588,32.1727272727
32.5608823529,32.8476470588
