feature6,feature3
28.086969697,28.1860606061
28.4405882353,28.1025714286
27.9,28.2032352941
27.845,27.9842424242
28.2512121212,28.4672727273
28.4231428571,27.953030303
