feature6,feature3
27.9102941176,27.736969697
27.9339393939,28.4038235294
28.35,28.2547058824
28.4273529412,28.514
27.5352941176,27.4978787879
27.7017142857,28.0763888889
