feature6,feature3
110.150857143,111.796363636
109.968484848,111.864705882
111.668571428,111.7
110.827428572,112.312941176
112.558857143,111.743030303
111.121212121,112.947058824
