feature6,feature3
0.378990653442,0.334233061371
0.325033528252,0.326675966348
0.291360371492,0.314077746037
0.304450833809,0.300596669451
0.332512762987,0.355375050241
0.350285272521,0.306142429981
0.295975699534,0.295012073052
0.340055058844,0.341947006852
0.313426161669,0.341409688283
