feature10,feature8
28.465,28.2524242424
28.6366666667,28.25
28.6951515152,28.5515151515
28.8965714286,27.7452941176
28.69,28.9976470588
