feature10,feature8
0.353190269869,0.361334398079
0.324471031817,0.316878778731
0.334131693758,0.291742243592
0.319670865312,0.336526057578
0.372158301358,0.335194231429
0.315625664077,0.342365371185
0.341098298036,0.348266984768
0.354245253563,0.359643439531
0.354837389805,0.359076158226
,0.324600775897
