feature6,feature3
16.4996296296,16.3
15.3211111111,15.095
16.3188888889,16.6572222222
14.9601851852,15.0877777778
16.5788888889,16.5684615385
15.2811111111,14.7217857143
15.2061111111,14.833125
15.9605357143,15.7692592593
15.4253703704,16.1453571429
,16.4514814815
