feature6,feature3
27.8557142857,28.6121212121
27.5711764706,28.4521212121
28.4990909091,27.7717142857
27.9468571429,28.6391428571
28.1348484848,28.2294117647
28.2055882353,28.1567647059
