feature6,feature3
5.91130282368,5.68092503376
5.56147232761,5.87416155429
5.81911656787,5.85856648414
6.34033717062,5.78791101038
5.73831120293,5.61323580763
5.54605167423,5.99423394952
5.81574955157,5.96219452411
6.02026480248,5.56645071559
5.68264485603,5.95957355557
,6.02150861165
