feature6,feature3
0.317107074692,0.373020118656
0.316028760846,0.357431849384
0.342187644425,0.369095833293
0.309780947553,0.412932956233
0.294324291254,0.315462570279
0.313192443991,0.334354269934
