feature6,feature3
27.6860606061,27.9054285714
27.7306060606,28.0793939394
28.0703030303,27.87375
28.0714705882,28.4102941176
27.9560606061,27.9882352941
27.8994117647,27.8463636364
