feature6,feature3
27.5033333333,28.1334375
28.3785714286,27.5667647059
28.243125,27.8028125
27.6329411765,28.1771428571
28.1405714286,27.8417647059
28.5014285714,28.0725714286
