feature11,feature10
21.6848484848,22.4384848485
22.224375,21.9971875
21.9496875,21.9267741935
22.1987096774,22.2728125
21.8296875,21.5148387097
