feature6,feature3
27.7537142857,27.1706060606
27.9548571429,27.1761764706
27.8333333333,28.2390909091
27.8467647059,28.3512121212
27.6908823529,
28.1668571429,
