feature6,feature3
28.0070588235,28.0103030303
28.3535294118,28.4582352941
27.9828571429,28.0888571429
28.3984375,27.9402941176
28.1929411765,27.5022857143
28.3376470588,28.57
