feature9,feature8
15.729375,16.6225806452
15.2525,15.8846875
15.37078125,16.5259375
15.03203125,16.551875
16.41703125,16.3106451613
