feature6,feature3
27.9376470588,28.1691176471
28.463030303,27.735
28.0415151515,27.9782352941
28.7244117647,28.4441176471
27.7411764706,28.084
28.4517647059,27.7866666667
