feature4,feature10,feature3,feature8
16.714375,16.8846969697,15.195625,15.2675757576
16.4363636364,15.54,16.398125,16.6506060606
16.439375,16.5648484848,15.40546875,15.8175757576
16.901875,16.5371212121,16.32984375,16.6628787879
,17.5240909091,,15.8692424242
,15.555,,17.3766025641
,17.0953030303,,16.9331818182
,15.59734375,,16.9072727273
,15.8308823529,,15.3912121212
,17.115,,
