feature6,feature3
30.1915151515,29.5282352941
30.5275,30.9397058824
30.3179411765,30.2602941176
30.5575757576,30.3414705882
32.623,29.9626470588
29.7767647059,28.9993939394
30.48,30.418
29.8391176471,30.6705882353
30.1496969697,30.4163636364
30.7597058824,30.3340625
