feature6,feature3
0.40132402858,0.389998409239
0.399732559372,0.43736283113
0.456379881817,0.339024867794
0.41691642428,0.363997962777
0.377189663132,0.415250438528
0.39946358083,0.349943802707
