feature6,feature3
14.8409375,16.1235294118
15.8045454545,15.9127142857
15.7154285714,15.5254545455
15.514469697,15.35375
15.0648484848,15.6963235294
15.2307575758,16.1573529412
