feature6,feature3
18.99,20.2475
19.3181818182,20.5229166667
17.9046875,19.61
17.15,20.70375
,19.0777777778
