feature6,feature3
28.6382352941,28.0172727273
27.3867647059,28.3251515152
28.2341176471,27.7654285714
27.9582352941,28.5967647059
27.8591176471,27.6994117647
28.2937142857,27.5994285714
