feature6,feature3
0.309167565396,0.40638887407
0.324628267566,0.317655738502
0.386526055762,0.366323118744
0.359492401562,12.7453129584
0.369279357719,0.320830073056
0.391115939804,0.325639028637
