feature10,feature8
16.3676470588,15.1712121212
15.9306060606,17.3053030303
17.211969697,16.0272727273
17.2454545455,17.853030303
15.5389705882,16.04109375
15.9007352941,16.0766666667
16.9788157895,15.1951515152
15.0951515152,15.7698484848
15.2887878788,17.2322727273
15.6007575758,
