feature6,feature3
14.1315151515,14.7572794118
14.6081617647,14.115
14.4810714286,14.3195714286
14.3889285714,14.5941666667
14.2791176471,14.848
14.8288235294,14.7341176471
