feature10,feature8
0.399473294971,0.340493057141
0.388400562406,0.323464984316
0.381469272913,0.290607690013
0.419811212298,0.31129742441
0.33703987429,0.384124751863
0.313290467365,0.341067066804
0.302158617341,0.359159291133
0.365879328001,0.325255305892
0.4130933816,0.373944308132
0.343805250178,
