feature6,feature3
0.392389168121,0.394160970704
0.39732321575,0.365870006947
0.372616973929,0.379329091815
0.373558717382,0.388116082426
0.376037385447,0.42423374108
0.384106700004,0.3596012829
0.339081145768,0.334855379529
0.345833977374,0.385229511018
0.332364188266,0.417031894602
0.356402232277,0.417315812531
