feature6,feature3
0.603939342199,0.865741154636
0.827843040871,0.859093150579
1.02712889896,1.24871879517
1.00365115333,0.609751705131
0.907369515565,0.977738488808
2.20629225319,0.868475200275
0.67779303408,0.810241214389
1.21397474181,1.69575353149
0.826888253413,1.18087147128
1.39603382551,0.875403119357
