feature6,feature3
28.1545714286,28.1985294118
28.2288235294,28.2285294118
27.93125,28.2863636364
28.6608823529,28.0014285714
27.9539393939,27.7162857143
28.6468571429,27.5487878788
