feature6,feature3
15.24015625,15.1151612903
15.8860606061,15.36171875
15.7140625,15.373125
15.439516129,16.3975
16.76,15.275625
15.5675,15.48359375
15.629375,14.90015625
15.2815625,17.32671875
16.63640625,15.7306451613
,16.5331818182
