feature6,feature3
28.065,27.9205882353
27.9672727273,27.9282857143
28.5793939394,28.1222857143
28.2381818182,27.7505882353
27.8588235294,27.5763636364
27.9797142857,28.1173529412
