feature6,feature3
0.336747091955,0.323199578751
0.321161424769,0.33424879966
0.312604663819,0.355276151017
0.376792993475,0.327106467157
0.323095852389,0.342247691935
0.372965662379,0.318885239744
0.3335509055,0.373975092928
0.269630448622,0.302117855638
0.294929926624,0.273827485635
0.357676765329,
