feature6,feature3
113.102352941,113.193142857
111.267428572,138.421818182
111.181818182,111.629411765
112.014117647,114.896470588
110.297647059,106.449411765
113.398787879,109.661818182
