feature6,feature3
30.7103030303,30.5267647059
30.7228125,29.9572727273
30.4940625,30.1010526316
30.5182352941,30.8479411765
31.7296969697,30.09
30.5767647059,30.4138235294
29.8976470588,30.4812121212
29.8151515152,30.5812121212
30.3755882353,30.3696969697
30.5603030303,30.8990909091
