feature6,feature3
0.325445626239,0.319607464595
0.341835406929,0.311284003923
0.364535657996,0.346795146377
0.373194660466,0.273246446387
0.379741564844,0.311254328761
0.325542834437,0.348210598103
0.332445877582,0.331058166901
0.309929985574,0.411368396467
0.344936641733,0.34499496938
0.383078713915,0.35451517424
