feature6,feature3
0.341773590786,0.304538113406
0.337065364876,0.343623573282
0.336937709445,0.308823167755
0.320039778973,0.368186844281
0.291836588197,0.415885123419
0.30403882792,0.310578121538
