feature10,feature8
0.341726882932,0.377463853656
0.402035230069,0.304203840697
0.336138527879,0.385478039215
0.302161029347,0.414490513231
0.394361932296,0.334041221336
0.390850458235,0.339421527953
0.329350417716,0.310339679841
0.401283158028,0.360842081718
0.309194681583,0.287196477798
0.399081301201,0.343636412173
