feature11,feature10
21.6848484848,22.4384848485
22.224375,21.9971875
21.9496875,21.9267741935
22.1987096774,22.2728125
21.8296875,21.5148387097
,24.2972727273
,24.1003030303
,24.5639393939
,24.463030303
,24.4209090909
,23.98125
,23.9054545455
,24.7690909091
,24.7484848485
,24.8190909091
