feature6,feature3
28.2251515152,28.3152941176
27.9621212121,28.0870588235
27.8984848485,27.9533333333
27.813030303,28.2464705882
27.6771794872,27.8135294118
28.3921212121,28.2097058824
