feature10,feature8
15.3290909091,15.5347058824
16.8966666667,15.76
16.5159375,15.8261764706
16.7359090909,15.5109090909
15.5603125,15.488030303
15.0593939394,15.6478787879
16.8711764706,17.0403030303
17.1766666667,16.9309090909
15.4457575758,16.1235294118
15.4024242424,16.21
