feature6,feature3
27.8126470588,27.8863636364
27.9294117647,28.8660606061
28.1242424242,28.2791176471
28.4505882353,28.0975757576
27.8161764706,27.8655882353
28.5897058824,27.6435294118
