feature6,feature3
28.1333333333,28.24
27.8145714286,28.0888888889
28.313030303,28.1228125
27.7994444444,27.7638235294
28.8176470588,28.43
27.8758333333,26.98875
