feature6,feature3
0.971671958904,1.00915071585
0.988787011821,1.13246495698
1.1377663525,1.02017659567
0.978054153759,0.986202858134
1.01566282168,1.07187778009
0.990437269075,1.01117931691
1.00298188839,0.994234409661
1.03455014785,0.963816860612
0.998368157223,0.994152640235
0.919205901805,0.950465370048
