feature6,feature3
111.7825,114.203636364
112.187878788,112.129411765
114.909090909,111.74125
111.71030303,113.61875
112.09945946,113.8375
113.46,114.121212121
