feature6,feature3
27.5009090909,28.5688571429
27.1302857143,28.0357575758
27.8506060606,28.8825714286
27.4254545455,27.3960606061
27.5278787879,27.7545454545
28.3066666667,28.413030303
27.6157575758,27.8096969697
27.7075757576,27.698974359
27.5942857143,28.0541176471
28.2121212121,28.2566666667
27.8121212121,27.4658823529
27.8117647059,27.7455882353
