feature6,feature3
27.5403030303,27.3323529412
27.0382857143,27.9455882353
28.3042424242,28.5503846154
27.7209090909,28.1691176471
27.9884848485,27.8865714286
28.3426470588,28.4385294118
27.9282352941,27.9293939394
27.6547058824,27.3568571429
28.4671428571,28.0658823529
28.1448484848,27.6387878788
27.7978787879,27.5424242424
27.9531428571,28.1290909091
