feature6,feature3
27.8520588235,27.9703030303
27.8329411765,29.1045714286
27.6552941176,28.4791428571
28.2752941176,28.4891176471
29.6766666667,28.3960606061
,28.4591176471
