feature6,feature3
122.828571428,120.41368421
118.653913044,129.277894737
125.134545454,124.392727273
125.496,122.168
120.824,123.199111111
124.668571428,124.316
123.356363636,123.952
125.456363636,121.622325581
124.436923077,124.771764706
123.575294118,124.315
