feature10,feature8
31.9287878788,31.68875
32.4665714286,32.2863636364
32.2239393939,32.7003030303
32.0536363636,32.63
32.156969697,33.2109090909
32.4412121212,33.280625
33.3703030303,37.4018181818
32.3391176471,32.6321212121
33.0339393939,33.2502941176
32.5463636364,32.3954545455
