feature6,feature3
27.7980555556,28.1767647059
27.7597058824,27.9355882353
27.3462162162,27.8982352941
27.7651428571,27.7238235294
28.1757142857,27.9552941176
