feature6,feature3
27.9479411765,28.396875
27.9635294118,28.0972727273
28.4175757576,27.1815151515
27.7876470588,27.5220588235
27.9388235294,28.1123529412
27.9236363636,27.7839393939
27.7178787879,27.2065714286
27.5405882353,28.1437142857
28.6839393939,27.9714705882
,28.2102857143
,28.1147058824
