feature10,feature8
32.6151515152,33.370625
32.5209090909,32.5754545455
32.4303030303,31.9921212121
32.9096969697,30.7396969697
32.2675757576,32.3938235294
33.0011764706,32.4324242424
32.1761764706,32.8012121212
32.4763636364,32.9014705882
31.9863636364,32.8133333333
31.5178787879,32.4875757576
