feature6,feature3
0.331486738858,0.344181895823
0.362850712236,0.361784363351
0.330827863119,0.340900532777
0.368287672868,0.325902067919
0.405801893293,0.396053791543
0.333091648232,0.340397278758
0.346542517104,0.332591686943
0.311653381365,0.330011374663
0.393791804477,0.3612641914
0.330178951706,0.376707340387
