feature6,feature3
28.5720588235,28.0275757576
27.9367647059,28.5444117647
28.5763636364,28.4362857143
28.3134285714,27.7151515152
28.0947058824,27.7791666667
27.8122857143,28.9093939394
