feature10,feature8
28.624375,29.2857142857
28.4322222222,29.5122222222
29.1154545455,29.2186956522
29.060625,28.9577777778
29.0816666667,28.4719298246
28.5263636364,28.565
