feature6,feature3
27.91,28.1775757576
28.3564705882,28.0308823529
27.7677142857,28.1006060606
28.3302941176,27.9797142857
28.1726470588,28.2439393939
28.1130555556,27.9973529412
