feature4,feature10,feature3
0.337073773989,0.342008540134,0.332092967086
0.322906409381,0.348999425201,0.320027110282
0.323600757383,0.308904570484,0.337401549092
0.326801418753,0.348627197231,0.314065572228
,0.356640738162,
,0.307333685085,
,0.365378403631,
,0.367719463587,
,0.354947030486,
,0.340207298774,
