feature6,feature3
27.9393939394,27.9184848485
28.3660606061,28.1342424242
28.7096969697,27.9240540541
27.8279411765,28.3085294118
28.0512121212,27.42
28.2685294118,27.8138461538
