feature6,feature3
14.7103571429,14.2956617647
15.1507352941,14.9806060606
14.6668181818,14.1993382353
14.3120588235,14.6395454545
14.5425714286,13.9668382353
14.8931818182,14.2897857143
