feature6,feature3
22.0093333333,22.5836666667
21.6509090909,21.8172727273
21.6613333333,22.482
22.0461290323,23.4702439024
21.9125,21.969
21.9946666667,22.2258064516
22.3953333333,20.9853333333
21.5678125,22.0973333333
20.9961290323,22.3246666667
22.2213333333,
