feature4,feature10,feature3,feature8
21.2393939394,24.5290909091,21.8328125,24.5284848485
21.6,24.886969697,21.275,24.4965625
22.399375,24.0424242424,22.0380645161,24.1687878788
22.1625,24.086969697,21.8534375,24.4790909091
21.4146875,24.1036363636,,24.2527272727
,24.0984848485,,24.7178787879
,24.6724242424,,24.4948484848
,23.9672727273,,24.1590909091
,23.8875757576,,24.903030303
,24.3315151515,,24.9275757576
