feature6,feature3
27.9955882353,28.256969697
28.1624242424,28.6518181818
27.7664705882,27.9797058824
28.3035294118,27.6802941176
28.1628571429,27.6057142857
27.5238235294,27.7670588235
