feature6,feature3
28.253030303,27.7458823529
28.29,27.8476470588
28.6608823529,28.5028571429
28.416969697,28.0563636364
27.9855882353,27.9797058824
27.426,28.2723529412
