feature10,feature8
0.287320008455,0.411882171998
0.333086163101,0.342280075252
0.286129036467,0.308955803417
0.348637421974,0.335298255507
0.30270739551,0.31714201241
0.415504064631,0.423673121416
0.448247649177,0.308074118394
0.346738407465,0.379367414882
0.395285275493,0.310542097802
0.341371535706,0.301255778654
