feature6,feature3
0.339586582295,0.336724632149
0.335899239603,0.337670452504
0.384368310195,0.362895578499
0.401257128964,0.363450455526
0.346191036066,0.322730637015
0.377412582901,0.3586123427
0.332246775176,0.354815777235
0.349737520762,0.397360835134
0.354944002234,0.37752068472
,0.362291665688
