feature11,feature10
14.71,17.3785714286
15.79,17.2781818182
15.6528125,15.0593939394
16.07921875,17.39
16.0134848485,17.2953125
,17.4612121212
,18.8187878788
,19.0568181818
,18.263030303
,19.163030303
,19.688030303
,18.4087878788
,18.44
,18.7739393939
,19.1805128205
