feature6,feature3
27.5548571429,28.155
28.1120588235,27.8414705882
28.15,27.9187878788
28.1851428571,28.0890909091
27.8685714286,27.6431428571
28.2002941176,27.8497058824
