feature6,feature3
0.424282977356,0.400126983047
0.354728087018,0.330062572968
0.391687567247,0.442204371558
0.512727516025,0.363337424645
0.435776212471,0.436858889898
0.509692235046,0.422688263833
0.355835488337,0.418450845319
0.423060306721,0.373488684864
0.478387693653,0.458325851494
0.477881712349,
