feature10,feature8
113.862352941,116.237575758
113.935757576,113.163428572
114.201904762,116.1675
113.794117647,117.046060606
114.032941176,117.08969697
115.501818182,112.583030303
