feature4,feature3
21.2393939394,21.8328125
21.6,21.275
22.399375,22.0380645161
22.1625,21.8534375
21.4146875,
