feature6,feature3
28.1,27.9577142857
27.9821212121,27.9137142857
27.3406060606,26.8388888889
28.5138235294,27.7584848485
28.0954545455,27.6617647059
27.6908571429,27.665
