feature10,feature8
15.1613636364,16.143030303
15.4340909091,17.3686363636
15.3015277778,16.0445454545
16.9532352941,15.6983333333
15.3291176471,15.6703030303
15.9492424242,15.9542647059
17.0951515152,15.2348484848
16.0001515152,17.8407575758
16.3615151515,15.6385294118
,15.9442424242
