feature6,feature3
28.0575,28.0111111111
28.0851515152,28.0772727273
28.0233333333,28.02625
28.0636363636,28.650625
28.6509375,28.3448484848
28.6663636364,28.0553125
