feature10,feature8
0.386464746759,0.319285064385
0.328066007371,0.358707074199
0.421276970927,0.362154592308
0.308063803065,0.397758526878
0.340472874243,0.323181716023
0.405790896243,0.318091347149
