feature6,feature3
28.4508823529,27.8838235294
27.524,27.8591666667
28.0588235294,28.0424242424
27.6597058824,28.0957575758
28.082,28.7562857143
28.1744117647,27.934
