feature6,feature3
0.350756005763,0.437593163705
0.340811077838,0.380633032979
0.308661473268,0.352074044873
0.290171334193,0.348342413439
0.346323031343,0.400288042366
0.32566531755,0.316987333359
