feature6,feature3
0.360668831654,0.440500998636
0.321699770913,0.415504534305
0.315519608914,0.330709296126
0.336085821867,0.326847810547
0.405219836681,0.311283829201
0.39910079649,0.343548911665
0.315903806806,0.378342663929
0.346079307008,0.337538172603
0.341481434637,0.420372369164
0.331706848404,0.344048594732
