feature6,feature3
21.471875,21.5697222222
21.4841935484,22.2783870968
21.3083870968,22.0025806452
21.8167741935,21.18
21.1271875,22.4170967742
21.5453125,22.0645454545
22.4846875,21.2634375
21.5314705882,21.245625
21.975,21.1075
22.0375,22.335
