feature6,feature3
14.3236805556,14.5223529412
14.4250735294,15.0124242424
14.46625,14.8887878788
15.2654545455,14.4722058824
15.1542424242,14.9198484848
14.7761764706,15.3165714286
