feature6,feature3
0.484398523361,0.437089878343
0.471987632896,0.498623598519
0.506359343128,0.499025439402
0.479247482103,0.482911397146
0.516140773735,0.481828995679
0.555938412741,0.507762816232
0.505813032323,0.49779616504
0.504077523569,0.47885550593
0.483884139267,0.544706146102
0.474944154804,0.425006385932
