feature6,feature3
28.0867647059,28.1232352941
27.3202857143,27.2988235294
27.4525714286,27.8293939394
27.8547058824,28.0317647059
28.0645454545,28.1397058824
28.045,
