feature10,feature8
15.3051515152,15.4915151515
15.5565625,15.8448529412
16.9804545455,16.0302941176
17.3863636364,15.2602941176
16.4551515152,16.623030303
15.655,16.2490625
15.8115151515,16.136969697
15.6348529412,15.321969697
17.0736363636,15.8827272727
15.8242647059,16.0463636364
