feature11,feature10
0.124160134159,0.387177871629
0.460797685517,0.257796275167
0.290706576747,0.454398829391
0.331766523843,0.372277982808
0.345477994,0.323496995101
