feature6,feature3
27.5758823529,28.3331428571
28.0657575758,27.9262857143
27.731875,27.3767647059
27.89,27.9764705882
28.1809090909,28.0952941176
28.2120588235,28.0
