feature6,feature3
27.5482352941,28.3703030303
27.4926470588,28.3121212121
27.9897142857,28.0764705882
27.9173529412,27.8633333333
28.2266666667,28.8726470588
27.9730769231,28.02
