feature10,feature8
0.337443297963,0.379616130886
0.321182805109,0.319981648842
0.319813989811,0.30885374693
0.394671320895,0.30229791684
0.304264189663,0.324925411523
0.378141657756,0.383627766102
0.37454887547,0.297575031774
0.362724920379,0.340587608121
0.292854301706,0.328898387736
0.319094117278,0.38567670468
