feature6,feature3
0.739476858187,0.415134669528
0.948567236102,0.480424428046
0.580234989709,0.528678864613
0.526869025115,0.342902102978
0.458242212968,0.512300731641
1.05766689702,0.584556847823
0.46037451597,0.465196960528
1.15298158214,0.650730546342
1.06627271242,0.748094838888
0.279109585758,
