feature10,feature8
113.576666667,114.665454546
111.932571428,109.622857143
108.434285714,112.368235294
111.05375,111.962051282
113.62,109.949411765
112.089142857,113.729411765
