feature6,feature3
0.309606934171,0.325845097481
0.300574235318,0.314949094915
0.398556995196,0.342748985135
0.47946792582,0.325735348998
0.318532323686,0.300635956798
0.298675602387,0.326476448696
0.320568874613,0.314505833473
0.309680096267,0.312526373544
0.388877741094,0.341376630702
