feature6,feature3
27.5860606061,27.5197058824
27.6993939394,27.7317142857
27.8366666667,28.2170588235
28.2314705882,27.5579411765
27.8114285714,28.0511764706
28.5745714286,28.2547058824
