feature6,feature3
33.1388888889,32.975
32.42,35.392
33.9314285714,33.4366666667
34.1107142857,33.2875
33.856,33.3521428571
33.4905263158,33.7036363636
34.7477777778,34.2811111111
33.304375,34.2776923077
34.4776923077,33.36
34.06375,34.1918181818
