feature6,feature3
27.9645454545,27.8693939394
27.6805882353,28.1635294118
28.0709090909,27.7811764706
27.9297058824,27.7132352941
27.9782352941,27.8845454545
28.0155882353,28.1205882353
