feature4,feature10,feature3,feature8
16.63703125,15.1160606061,16.469375,16.7210606061
15.4175,15.4709090909,14.6840625,16.1493939394
15.00828125,16.8575,16.6665625,15.6986363636
15.71,17.0254545455,14.6878125,16.6015151515
,15.5948484848,,15.5902941176
,16.7822058824,,15.6607575758
,15.7965151515,,17.09921875
,14.7957894737,,15.6041176471
,15.2562121212,,16.8712121212
,15.5639393939,,
