feature9,feature10,feature8
0.307615539792,0.339080543066,0.340054368855
0.319617191015,0.334523719056,0.369211314496
0.298813203243,0.3174381469,0.330086362481
0.332083582652,0.361460851238,0.322365951455
0.319917387939,0.33193096861,0.324440073562
,0.339911613887,
,0.330306549262,
,0.380113787213,
,0.316091126349,
,0.320851383022,
