feature10,feature8
0.298172608838,0.330478123681
0.387903891916,0.31053994585
0.352714155782,0.304488461373
0.349905216731,0.355410527141
0.362271751254,0.342211587157
0.344955028124,0.353818695248
0.340594327339,0.307899255747
0.367260651023,0.353612428554
0.336455356073,0.349269311517
0.367400217179,0.349221206183
