feature10,feature8
0.309118241689,0.455455198517
0.335966661296,0.457248885984
0.31204982367,0.348022890506
0.312451128088,0.364633337507
0.369862229793,0.333373110042
0.388807187998,0.384144886309
