feature10,feature8
0.407032109893,0.280676761553
0.291503520103,0.334112918541
0.359227198959,0.364457430835
0.281572893718,0.34500333314
0.398520408017,0.422198800408
0.356328135969,0.311835019019
