feature10,feature8
32.7963636364,32.6296969697
32.6721212121,32.6454545455
32.7873529412,33.0433333333
32.3912121212,32.3448484848
33.163030303,31.88
32.3066666667,32.6566666667
33.1547058824,32.3503030303
32.6827272727,32.6203030303
32.6927272727,33.1947058824
32.5258823529,32.6958823529
