feature6,feature3
30.0561764706,30.6005714286
30.8826470588,30.5811428571
30.3037142857,30.5805882353
29.8491176471,29.8528571429
30.6877142857,30.8579411765
30.5023529412,30.4222222222
31.0122222222,31.2062857143
30.2631428571,30.0482051282
30.3838235294,30.3191176471
