feature7,feature10,feature6
15.79,15.7827272727,15.084375
15.30296875,15.2996969697,14.586875
16.36875,15.3463636364,16.6690625
15.5365625,15.1091176471,16.1996969697
15.73046875,15.0607575758,15.0366666667
,16.5333333333,
,16.0048484848,
,16.0701470588,
,14.8548484848,
,17.0910606061,
