feature11,feature10
15.2342424242,15.8172727273
16.086875,15.6309375
15.07125,15.58
15.2932258065,16.341875
16.5821875,16.7564516129
