feature10,feature8
0.307291494788,0.392179437839
0.323551631682,0.332688424685
0.385987180634,0.32101501402
0.305370805128,0.314876108865
0.352666811957,0.390519201152
0.301148541239,0.423401394059
0.305457454953,0.322573789468
0.304282881718,0.298499298881
0.401034736498,0.311795302794
0.308104098208,0.313891319635
