feature10,feature8
33.1996969697,32.2097058824
32.8263636364,31.9903030303
32.1,32.6658823529
32.664375,33.158125
31.5615151515,32.8070588235
31.7860606061,33.1233333333
31.6090909091,32.963030303
32.2345454545,32.0445454545
32.4102857143,32.2161538462
31.9915151515,31.7703030303
