feature6,feature3
112.78117647,113.528235294
111.189411765,113.543529412
110.012571428,113.188235294
110.155428572,112.478787879
113.356470588,112.909411765
111.376969697,113.555294118
