feature7,feature6
24.2648148148,22.1316129032
20.6446875,21.629375
21.7665625,21.6990909091
21.4548387097,21.4859375
21.6184375,21.845
