feature10,feature8
32.5615151515,32.0220588235
32.9709375,32.6338235294
32.5691176471,32.5382352941
31.7829411765,32.5048484848
32.5967647059,32.0158823529
32.6142424242,32.82
32.4281818182,32.5951515152
32.8342424242,32.5787878788
32.6215151515,32.8039393939
32.6355882353,32.5167647059
