feature6,feature3
27.8688235294,27.7635294118
27.9485714286,27.7977142857
28.8155882353,27.6629411765
27.9096969697,28.4482857143
27.8188235294,28.1902941176
28.2117647059,28.1782352941
