feature4,feature3
15.549137931,17.0489285714
15.3127586207,15.1148275862
16.33,15.4051515152
15.5848529412,15.4205882353
15.1272413793,16.7148275862
