feature10,feature8
0.364322419609,0.299182185336
0.363527705407,0.364814465583
0.370973213582,0.359554806904
0.342763066815,0.337434983479
0.324660212455,0.338936432257
0.293146904898,0.348285246482
0.337081375078,0.322811219758
0.338333250222,0.35012396594
0.361260578759,0.344655507214
0.332365744343,0.327190983422
