feature6,feature3
112.197575758,113.021818182
111.056470588,114.210909091
112.91030303,114.976470588
113.91882353,111.11030303
110.731428572,109.993939394
112.594285714,112.135294118
