feature10,feature8
28.0016326531,28.1484848485
27.9052631579,27.9730188679
27.5174285714,28.3125
28.5009090909,27.2834210526
27.8993877551,27.7223255814
27.6986842105,27.77
28.4684615385,28.4918181818
28.5389583333,27.330877193
28.0872727273,28.3
28.0308571429,28.5047727273
27.664,27.563877551
28.6527906977,
