feature10,feature8
17.6083333333,16.3822727273
15.0909558824,15.9962121212
17.425,15.9004545455
17.256875,17.2257575758
16.1775,15.8539393939
15.574375,15.8641176471
16.4610606061,14.9170856585
15.0994117647,16.2709090909
17.1710606061,17.4251470588
15.9007575758,15.8245454545
15.6510294118,17.0101470588
15.2793939394,15.4236363636
15.4525757576,15.7159090909
15.7357575758,16.0616666667
15.5039705882,
