feature10,feature8
0.324805309292,0.332644010687
0.322021817164,0.346495660899
0.37350239296,0.324345159159
0.337580497908,0.343978658592
0.330269077703,0.352459481992
0.349688939108,0.313373327259
0.367673845754,0.352755043955
0.346389420059,0.371750038658
0.37639971058,0.312907982256
0.356097445908,0.322896930704
