feature6,feature3
0.327778094444,0.360240753843
0.350759909923,0.31167685765
0.439135430707,0.393170877536
0.306840332975,0.277270746652
0.362296036848,0.358235873734
0.383816880444,0.367339561685
