feature6,feature3
27.7851515152,27.5278787879
28.1772727273,27.8636363636
27.6282352941,27.8785294118
27.7002941176,28.3490909091
27.7805882353,28.4447058824
27.9667647059,27.8791176471
