feature6,feature3
33.1794736842,33.92
32.9677419355,33.418125
33.3914285714,34.895
33.8471428571,33.4458823529
34.5676470588,34.365
33.0294594595,32.8776923077
34.1995238095,33.79
33.6451612903,34.0933333333
34.2641176471,33.3627777778
33.3755,33.1171428571
