feature6,feature3
0.315841723275,0.240008376381
0.283714639702,0.435123314198
0.334596585099,0.433313854722
0.32057961429,0.337894439617
0.401834189932,0.349358191248
