feature4,feature10,feature3
0.313238592309,0.363819255597,0.336122497281
0.295645428453,0.297719108472,0.328714357066
0.330029972689,0.335533273156,0.337858071215
0.32418085427,0.345140432272,0.324921418946
,0.360763763599,0.332562908134
,0.289774606914,
,0.379261909857,
,0.32799995692,
,0.334648120615,
,0.354758565769,
