feature6,feature3
28.4767647059,28.3625714286
27.8882352941,27.9596969697
27.9638235294,28.02
28.2076470588,27.972
27.8402941176,28.4814285714
28.0474285714,27.8385294118
