feature6,feature3
111.380571428,110.775789474
111.010588235,111.102352941
112.874117647,112.804571428
110.951515152,112.638787879
112.093333333,112.789090909
112.854857143,111.732121212
