feature6,feature3
28.0422857143,28.0761764706
28.4394117647,28.065
27.6258974359,27.6517647059
27.9823529412,28.175
27.5772727273,
28.1602857143,
