feature6,feature3
0.544299635938,0.629140341322
0.612790085264,0.48426872661
0.60982377056,0.574338781689
0.555667096935,0.588526850644
0.619823602489,0.597516377604
0.636226898972,0.596367595567
0.576872340726,0.587432947197
0.572207438258,0.421876794976
0.545469165128,0.571772091965
0.573745802133,0.556782921807
