feature6,feature3
28.4718181818,28.205
27.8174285714,28.7027272727
27.842,28.1917647059
27.9212121212,28.3862857143
27.9067647059,28.0502941176
27.9764705882,27.9388235294
28.0272727273,28.3887878788
28.0817142857,28.1073529412
27.9466666667,27.3438235294
27.6617647059,27.9470588235
27.9427272727,27.9381818182
28.3917647059,27.3735294118
