feature10,feature8
27.7182352941,28.3060606061
27.7639393939,27.7426470588
28.0338235294,28.2194285714
28.5765853659,28.8047058824
27.9214285714,28.0081818182
27.6433333333,28.4239393939
