feature6,feature3
28.1373529412,27.4158823529
28.1767647059,28.6779411765
28.7089189189,28.5667647059
27.7447058824,28.1685294118
27.9808823529,28.1437142857
27.6861764706,28.3611764706
