feature6,feature3
16.4863636364,15.5871212121
15.5824242424,16.0821212121
15.4940909091,15.6783333333
16.0557575758,15.5103030303
15.2818181818,15.2703030303
15.4616666667,16.6221875
15.323030303,15.2557352941
15.0336363636,17.1472727273
15.3841176471,17.0527272727
16.2592424242,15.7616666667
