feature6,feature3
27.3757142857,27.5747058824
27.8185294118,28.0182352941
27.9632352941,28.6045454545
28.0085294118,27.8231428571
28.5045714286,27.8945714286
27.7045714286,27.9676470588
