feature6,feature3
0.615326875981,0.60532591479
0.574041944858,0.586777052433
0.570682694994,0.605700889102
0.565212895688,0.537453678354
0.549570412969,0.613343185521
0.579048570521,0.594618637814
0.605435128335,0.606731007295
0.606988499877,0.566411685594
0.64353271445,0.567737909204
