feature6,feature3
28.1924242424,27.915
27.8548571429,26.9521212121
28.1947058824,28.0251515152
27.9941176471,28.3948484848
28.0058823529,28.5067647059
28.1666666667,28.65
