feature6,feature3
28.1261764706,27.9187878788
27.3842424242,28.2870588235
27.8960606061,27.5906060606
28.3588571429,27.7844117647
28.5145454545,28.23
27.8588235294,27.9136363636
