feature6,feature3
15.7422727273,15.9657575758
16.4829411765,16.423030303
15.6865151515,17.3506060606
15.596969697,15.996969697
16.0509090909,17.44
17.6025,15.6663636364
15.3716176471,15.8835294118
16.0409090909,15.6921212121
15.8128787879,16.5968181818
,16.0729411765
