feature10,feature8
24.5228125,24.4896969697
25.9063636364,24.6890909091
25.3657575758,24.2796969697
24.3878787879,24.0648484848
24.6860606061,24.0345454545
24.3452941176,24.7053125
23.9345454545,25.0218181818
24.206969697,23.9373529412
24.0954545455,23.8614705882
24.9427272727,24.503030303
