feature6,feature3
0.517129589821,0.460883108079
0.491301181508,0.489580397058
0.513730183974,0.425609768162
0.516796622093,0.524735675179
0.477696328748,0.531447986059
0.459350030394,0.479844096908
