feature6,feature3
0.421817439219,0.457980475666
0.370464946775,0.42548795558
0.389623886404,0.418657553147
0.433988096349,0.43469207227
0.430625238602,0.390781000458
0.400527179716,0.360817603925
0.453672915164,0.413190895706
0.418689581045,0.404996764618
0.413199190249,0.383654534947
0.42414601394,0.419677991085
