feature6,feature3
112.883636364,112.825882353
110.913939394,112.849142857
112.604705882,111.056470588
108.317647059,112.766060606
109.764705882,111.487058824
112.10117647,113.58
