feature6,feature3
17.365,19.1311764706
17.7112121212,17.5325
20.9331578947,17.8152941176
20.90975,17.88
17.6681428571,18.4189393939
18.3651388889,19.19
18.0905882353,17.6359722222
18.7515714286,17.5276388889
19.8483333333,19.4915277778
19.3807142857,
