feature6,feature3
15.1923484848,14.6258823529
14.6988235294,13.814375
15.1505714286,14.5563235294
14.7001515152,14.3472142857
14.6528787879,14.8527941176
14.7601515152,15.0120588235
