feature6,feature3
27.3497142857,27.7629411765
27.546,28.0947222222
27.514,27.6958823529
27.4679411765,28.1597058824
27.4138235294,27.9524242424
27.7273529412,27.8226470588
