feature6,feature3
109.395294118,113.68
113.745882353,112.731428572
111.086857143,111.284571428
111.328235294,111.932941176
111.905555556,113.84
111.231764706,
