feature6,feature3
28.2563636364,27.2294117647
28.4636666667,28.3185294118
27.1379411765,28.2917647059
27.9771428571,28.3721212121
28.2406060606,28.13
28.4291176471,28.4111764706
