feature6,feature3
27.9488235294,27.8117647059
28.225,28.1297142857
27.9715151515,27.6317142857
28.0382857143,27.9648484848
27.7235294118,28.2858823529
,27.6576470588
