feature6,feature3
15.291875,15.2703225806
17.1067741935,16.38125
15.9238709677,15.77234375
15.09953125,15.1734375
15.91703125,16.3998484848
15.0670967742,15.1625806452
16.5487096774,15.2529032258
16.369375,15.26125
15.5261290323,14.94296875
16.6553225806,14.705483871
