feature6,feature3
28.2126470588,28.0718181818
27.8882352941,28.63
27.8123529412,27.8902941176
28.2838235294,27.6147058824
28.2936363636,27.5082352941
28.7473529412,27.943030303
