feature9,feature10,feature8
14.8203125,15.4845454545,15.15875
15.2987878788,15.6054545455,15.0003125
16.50359375,16.8851515152,16.5915625
15.0941935484,15.4959090909,15.7034848485
14.9285483871,15.6706060606,15.57859375
,14.9253030303,
,15.0824242424,
,9.66151515152,
,16.6742424242,
,15.3234848485,
