feature6,feature3
112.52969697,111.740606061
111.597647059,110.102857143
113.03882353,110.34117647
112.892121212,114.041212121
109.861818182,111.545555556
112.739428572,111.237647059
