feature6,feature3
27.8239393939,27.9220588235
28.3964705882,27.696
27.7168571429,28.2342424242
27.8096875,27.7239393939
28.4076470588,28.1141176471
27.8929411765,27.6837142857
27.8841025641,28.1284848485
27.636,28.065625
27.9782857143,27.8767647059
28.3323529412,27.8920588235
