feature10,feature8
0.322652151645,0.373086818052
0.316216462663,0.305702453759
0.366673955707,0.369142280002
0.346819085498,0.359515195337
0.356263249659,0.357698972032
0.372082587785,0.340473222183
0.300932353999,0.346368760789
0.31837277175,0.342671724786
0.362710487509,0.325456589713
