feature6,feature3
15.73671875,15.811969697
15.1838709677,15.7251612903
15.4646875,16.42875
15.82125,15.2146774194
16.8212903226,15.99984375
16.56890625,15.24671875
16.46375,15.1560606061
15.5675,16.43421875
16.7817741935,17.08
16.6228125,15.750625
