feature6,feature3
27.4708823529,28.6033333333
32.6390322581,28.1251515152
32.8339130435,27.9241176471
32.4673684211,32.6359090909
27.8254545455,28.1193939394
30.368,31.7068
31.3683333333,28.3685294118
27.9179411765,27.8274285714
31.325625,32.2552173913
27.855,31.770625
27.5639393939,27.9317647059
28.2512121212,32.4011111111
28.0257575758,31.1545454545
28.2212121212,27.425
,27.6802941176
