feature10,feature8
0.334464014313,0.28443103117
0.346442682971,0.326688286079
0.343507767234,0.345894442279
0.346598379614,0.322242806849
0.357432748424,0.367694004776
0.348276499908,0.334958907045
0.355610337168,0.345361845249
0.348309082917,0.314115784016
0.350013435228,0.348848751086
0.339864724928,0.349711705319
