feature10,feature8
32.723030303,31.8584848485
33.0105882353,32.7891176471
32.4842424242,33.3787878788
32.8214705882,32.9109090909
32.0554545455,32.6287878788
32.6484848485,33.1226470588
31.7839393939,32.3218181818
31.6021212121,33.2282352941
32.9793939394,33.0239393939
32.1933333333,32.3841176471
