feature10,feature8
28.265625,27.7981818182
28.4273529412,28.3218421053
27.8506060606,27.9477142857
27.9960606061,27.9
27.5529411765,28.2648484848
,28.4047058824
