feature4,feature10,feature3
22.316875,25.5142424242,22.005
21.52,23.6009090909,22.078125
21.8078125,24.788125,21.72375
21.2040625,24.5533333333,22.16375
,23.2866666667,
,24.2823529412,
,24.9136363636,
,25.13,
,25.0293939394,
,24.0651515152,
