feature6,feature3
27.72975,28.2008571429
28.0002564103,27.4517647059
28.2212820513,28.5939393939
28.1787878788,27.9306060606
28.0512121212,27.3810810811
27.9626470588,27.7288372093
