feature6,feature3
28.2222857143,28.5151515152
28.57,27.9432352941
28.0105882353,27.5091428571
27.4351515152,28.1423529412
28.2706060606,27.7684848485
28.5535294118,27.4152941176
