feature6,feature3
27.8197142857,27.8087878788
27.7984848485,27.8922857143
27.5893939394,28.1524242424
27.9627272727,27.7271875
28.3635294118,28.5535294118
27.9752941176,27.9841176471
