feature10,feature8
28.4567647059,28.3557142857
27.84,28.6011764706
28.1444117647,28.1731428571
28.5941176471,28.1323529412
27.4429411765,27.465
27.9171428571,
