feature10,feature8
0.368106395713,0.326394350968
0.316225644353,0.357331627413
0.398894655849,0.335552159708
0.322428430522,0.416721294088
0.351231924937,0.399817724034
0.330919953988,0.387332678345
0.338867729966,0.309320154696
0.433546559606,0.325141317007
,0.374664108
