feature10,feature8
17.0211764706,16.5972727273
17.4263235294,16.1192424242
14.9533823529,17.5784848485
16.5872058824,15.8451515152
14.8625757576,15.6623529412
16.7737878788,15.97265625
16.9177272727,17.233030303
16.6051515152,16.3987878788
15.0039864865,15.8765151515
,15.2339705882
