feature10,feature8
109.120930232,112.932571428
109.506666667,111.111851852
112.374358974,110.863255814
112.866153846,113.043428572
112.354117647,111.738888889
109.723529412,
