feature6,feature3
0.391175168473,0.361559333567
0.360910985527,0.323038072959
0.44033519914,0.330319602116
0.324722968152,0.337200964946
0.419102429524,0.340208190571
0.311341163439,
