feature6,feature3
0.372670436728,0.382284601697
0.386657492392,0.381265642057
0.415402510847,0.345295327136
0.338700464152,0.401695864528
0.39341641253,0.312594878874
0.371432413219,0.345395191636
0.311257946908,0.340672845167
0.382293590054,0.414602285329
0.378931909962,0.385224904761
0.31875000826,0.330085635762
