feature6,feature3
14.3421212121,14.5822727273
13.8944117647,14.8705882353
14.0028571429,14.8535
9.43787878788,14.7360294118
14.8513636364,14.0765151515
13.8927142857,14.31953125
