feature6,feature3
23.6979166667,21.7915625
22.0321875,22.4190322581
22.7134375,22.05875
22.3548387097,22.161875
21.9496875,22.145625
21.8845454545,21.6306451613
21.6596969697,22.07125
21.429375,22.243125
21.996875,21.9971875
21.9525,21.744516129
