feature6,feature3
27.2957575758,28.6976470588
28.3338235294,28.3687878788
27.9141176471,27.5063636364
27.7548484848,28.0844117647
27.735,28.4508571429
27.8415151515,27.5202941176
