feature10,feature8
0.335543402879,0.316996973151
0.340782822772,0.403155171484
0.302318903024,0.323911471585
0.32514391797,0.363186365566
0.309173379083,0.448320314664
0.385977975259,
