feature6,feature3
31.3264285714,30.53
31.1911111111,30.2416666667
31.1654545455,29.835
30.1625,31.35625
29.33,29.8566666667
30.0052941176,30.6480952381
32.771,31.01
32.0041666667,30.748
30.7041666667,31.3075
29.57125,30.8304761905
31.2755555556,31.126
30.6178571429,31.357
29.67125,31.764
31.1015384615,31.8457142857
30.2405555556,31.8235714286
