feature10,feature8
17.4825757576,15.9013636364
15.106969697,15.9595454545
16.1708823529,16.0818181818
16.9187878788,15.9195454545
17.248030303,15.8568181818
16.9887878788,15.6525757576
17.2362121212,15.6289705882
15.8939393939,15.5972727273
15.976969697,15.2945454545
15.3706060606,
