feature7,feature6
0.320749236624,0.324713057974
0.300325955963,0.294316443393
0.339004672151,0.355280349291
0.346070644576,0.296897055488
0.31363749214,0.323803568394
