feature10,feature8
15.3890909091,16.6737878788
15.0695454545,17.011969697
16.8690909091,15.7858823529
15.9853030303,15.39
17.0990909091,17.0471212121
15.6365151515,15.5257575758
16.1518181818,15.2085294118
15.6633333333,
16.6336363636,
