feature10,feature8
0.427546853608,0.329675459274
0.40091649523,0.314184366523
0.418064329605,0.301891827668
0.296248724442,0.380127655485
0.305366963577,0.323206204055
0.420615671787,0.432711254071
0.321906128159,0.308189672526
0.312760237509,0.366746860777
0.412802602595,0.337900113552
0.400387314512,
