feature6,feature3
31.0541176471,30.8014705882
30.4014285714,30.7685714286
31.6345454545,31.758
30.5345714286,30.5882857143
31.4885714286,30.2882051282
29.9429411765,30.6442857143
30.9265625,31.2650847458
30.9740625,31.5344736842
32.261,30.5432352941
30.2594117647,30.3882857143
