feature6,feature3
28.4990909091,28.3377272727
27.9962857143,28.5081818182
28.16,28.418
28.316969697,28.5074285714
28.0560606061,28.03
28.0679411765,27.7952941176
