feature10,feature8
15.8320588235,16.8533333333
15.6045454545,16.4445454545
16.8642424242,15.9758333333
15.7839393939,17.1787878788
17.2084848485,16.8812121212
15.4716666667,16.1435294118
14.9745454545,16.8712121212
15.7713157895,16.4831818182
,16.7724242424
,14.7042424242
