feature6,feature3
0.351122816738,0.384739255655
0.34413296216,0.31319005222
0.308653215596,0.310033959583
0.345469878257,0.304914740619
0.400354222705,0.348883145463
0.296506360085,0.406786884782
