feature4,feature3
15.490625,17.1771212121
15.32375,15.0553125
15.47734375,15.019375
15.26796875,16.3728125
,14.694375
