feature6,feature3
0.380016409951,0.256529985508
0.20215754472,0.268575932019
0.253432145193,0.264395479734
0.3470077356,0.368520645321
0.686963046197,0.385076348876
0.27887287954,0.316939571448
0.340542036568,0.43894933224
0.332683082436,0.349889282968
0.316574694371,0.254920438391
0.337731788621,
