feature6,feature3
0.352744874382,0.330522509373
0.335098688262,0.366880590804
0.329994584019,0.339776931751
0.376187697553,0.326021848764
0.336639644234,0.367089849734
0.334855587232,0.31981474059
0.350943654963,0.327934565587
0.34311310052,0.363707854455
0.392556122007,0.330265927181
0.323955358081,0.35387999391
