feature6,feature3
27.5271428571,28.2767647059
27.7475757576,28.1827272727
28.01875,28.4145454545
27.9776470588,27.5897142857
27.5876470588,27.8711764706
28.3823529412,27.862
