feature6,feature3
111.914117647,109.743529412
111.683529412,111.62
112.447058824,111.718857143
112.923636364,112.465263158
111.171764706,111.416470588
111.10117647,112.824242424
