feature6,feature3
28.4496969697,27.703030303
27.5393939394,27.6508571429
27.8544117647,28.1694117647
27.5770588235,27.7679411765
28.0666666667,28.0437142857
27.9291176471,28.1048484848
