feature6,feature3
0.41844697207,0.401889286018
0.241320981921,0.28056768556
0.239841102046,0.385466104819
0.356851881753,0.277920223722
0.309498926928,0.368359102181
0.308080376613,0.224499913471
0.374550160182,0.284164982454
0.358661906535,0.338516650653
0.260414419052,0.310193288022
0.371996059185,0.289164986337
0.348582249768,0.353400268384
0.268001496686,0.326114811937
