feature6,feature3
0.322284776624,0.307430868389
0.323464693849,0.328962702104
0.398948769563,0.346366706484
0.467942341855,0.309303006997
0.336450257093,0.320271706339
0.396147853603,0.451771220225
