feature6,feature3
14.71875,14.7582352941
14.6238235294,14.0952941176
14.6877272727,14.0482352941
14.983,15.1096212121
14.3878787879,14.319
,14.4242647059
