feature10,feature8
32.4951515152,32.7154545455
33.1790909091,33.7971794872
33.8484210526,33.1984848485
33.2894117647,34.0872727273
33.3284848485,32.6396969697
33.1678787879,33.8466666667
32.8087878788,32.4047058824
32.7836363636,32.6593939394
33.1496969697,32.9387878788
33.3623529412,32.6524242424
33.4846875,34.0654285714
33.4927272727,32.5448484848
33.4512121212,33.2293939394
33.4806060606,33.0384848485
,32.6837142857
