feature6,feature3
0.94497519931,0.94877902824
1.25887800231,1.30739448896
0.952031497075,0.907738882069
0.995277886764,1.1309479512
0.854945562124,0.695248303972
1.01137944229,0.859718345999
0.968499475832,0.932766644722
1.12255809206,0.964089499415
1.06794995162,1.2257164285
0.97809004422,1.01794175288
