feature10,feature8
0.332032629537,0.398499749052
0.346511528239,0.325208977194
0.370126554001,0.394032966681
0.418872113788,0.377756271933
0.314231133809,0.297473289578
0.3194720661,0.319458559105
