feature6,feature3
17.37796875,17.2133870968
15.4348387097,15.5262903226
17.1748387097,16.3748387097
16.8858064516,15.67796875
17.20625,17.6759375
16.0419354839,16.0359090909
15.3941935484,15.9161290323
17.1935483871,16.7608064516
15.54328125,16.9125
15.2175,
