feature10,feature8
0.384025003096,0.327162164241
0.323764435716,0.398315011074
0.389028835165,0.310594359414
0.42446969284,0.373919094615
0.395488069233,0.307746899878
0.318631192769,0.417349051068
0.402678280441,0.33735118118
0.390518804522,0.41077510147
0.318102106718,0.350813078412
0.405941495242,0.308029018779
