feature10,feature8
32.3260606061,32.1729411765
31.6436363636,32.2475757576
32.6190909091,32.1709375
33.5912121212,32.1384848485
32.659375,31.7309090909
33.0354545455,33.4466666667
33.3175757576,32.4339393939
32.6593939394,33.0664705882
32.655625,33.0347058824
31.9666666667,
