feature10,feature8
32.466969697,32.8284848485
31.7033333333,32.3125
31.3621212121,32.7293939394
31.7184848485,32.6811764706
33.2326086957,32.7936363636
31.5721212121,32.1606060606
31.9735294118,32.2693939394
32.7863636364,33.3554545455
32.3154545455,32.6433333333
,32.3708823529
