feature6,feature3
0.438697640738,0.464931886542
1.00246521858,0.457559242838
0.512047895687,0.422562823119
0.751535767885,0.63660542946
0.782311362535,0.384680104722
0.531043312964,0.468733055043
0.426665415527,0.537844810901
0.403847509299,0.533079958357
0.593294598679,0.486273558054
,0.566030702492
