feature6,feature3
22.4896875,21.9522580645
22.2493548387,22.6577419355
21.50625,22.80375
22.3016129032,22.063125
23.0593548387,21.773030303
21.4867741935,22.1341935484
21.8946875,21.865625
21.8465625,22.2290909091
22.3970967742,21.8840625
,21.6058064516
