feature9,feature8
22.1515625,21.90875
22.1636363636,21.576875
21.98375,22.2153125
22.4912903226,22.2975757576
21.7125806452,21.636875
