feature6,feature3
0.346484108527,0.333765552618
0.32003176754,0.339945127892
0.340160443821,0.291874229055
0.337836689619,0.357399840419
0.340142524847,0.323198268614
0.3282060284,0.317621414698
0.348122806881,0.383373163317
0.334375761799,0.35562919165
0.337842470432,0.310832875451
