feature6,feature3
28.6962857143,28.3867647059
28.9675757576,28.1335294118
28.4071428571,28.201875
28.1796969697,27.9348571429
28.0214705882,27.8391428571
28.2669444444,
