feature10,feature8
0.29951542855,0.309132707308
0.434173813296,0.342134250415
0.377000640864,0.307955998806
0.291203274416,0.325532074094
0.412955519995,0.316519978318
0.414925744943,0.307039197282
0.407790098153,0.329857362701
0.317353094165,0.345890551749
0.322734114213,0.306133629677
0.317496759325,
