feature10,feature8
0.352020210859,0.317306234329
0.298429861826,0.432021551154
0.312491735884,0.345893260301
0.385898481367,0.320422969273
0.342907357388,0.307016263774
0.29374129989,0.398031560147
0.328558925214,0.400004281421
0.311817809063,0.319342408025
0.397548656166,0.303730876857
0.309166326091,
