feature6,feature3
27.2690909091,27.65
28.0358823529,27.6358823529
27.12,28.2932352941
27.8557142857,28.0938235294
27.7865714286,27.6778787879
27.5585294118,27.4654285714
