feature10,feature8
32.6536842105,31.8063636364
32.5379411765,32.9951515152
32.3593939394,32.4190625
32.4109090909,33.95
31.7796969697,32.7205882353
32.7454545455,33.3087878788
31.7105882353,31.8724242424
32.3573529412,32.4512121212
32.4736363636,31.7573529412
32.7548484848,31.9933333333
