feature10,feature8
32.0357575758,32.4835483871
32.2696969697,32.3402941176
33.4875757576,32.7206060606
32.6109090909,31.9454545455
33.3154545455,32.6612121212
32.5190909091,32.2454545455
32.1463636364,32.323030303
32.6278787879,32.5564705882
32.0702941176,32.4165625
31.8558823529,32.2387878788
33.0503030303,33.1018181818
32.1584848485,32.6163636364
32.4957575758,33.1405882353
32.7494117647,32.2245454545
,32.9218181818
