feature9,feature8
21.815625,21.5996875
21.910625,22.1659375
22.3577419355,21.2151612903
21.6659375,22.184375
