feature6,feature3
28.0631428571,28.1314705882
28.3118181818,28.3139473684
27.9947058824,28.1051515152
28.5720588235,28.5052941176
28.0311764706,28.4168571429
28.1396969697,27.4634285714
