feature6,feature3
14.672826087,13.9807608696
14.2492819149,14.6447826087
14.3515957447,13.9745744681
14.1757446809,14.1317934783
14.599787234,14.5916304348
