feature6,feature3
28.3540625,27.2671428571
27.464,28.1520588235
28.3120588235,28.2203030303
27.6824242424,28.0946875
27.7072727273,28.2835294118
28.0211428571,28.1585294118
