feature6,feature3
34.9575,34.4442857143
33.684,33.2153846154
33.72375,33.695
33.3141176471,33.2071428571
33.1903125,32.8825
32.4053333333,32.8577777778
33.7171428571,33.5367647059
34.14125,33.402
33.2588,33.71875
33.469375,
