feature6,feature3
15.42375,16.0331818182
15.1678787879,16.0645454545
15.86,15.1607575758
15.5834285714,15.109375
15.6442424242,15.0784558824
15.9918181818,15.3743939394
