feature6,feature3
1.10931023022,1.13816970295
1.15601862855,1.00166393835
1.05685963323,1.04172657849
1.17359782654,1.05525892954
1.13225069601,1.23089922728
1.06042471233,1.08216317636
1.18635187748,1.28959554744
1.16930115888,0.985718052694
0.929226555469,1.15288802341
1.1439816228,1.12630254429
