feature6,feature3
15.4543939394,15.0681428571
14.5618181818,15.4760294118
14.9522727273,15.0656060606
15.0028125,15.0761764706
15.5415714286,15.2286363636
14.9877419355,
