feature6,feature3
113.798787879,110.812121212
110.157575758,110.603428572
111.417647059,112.677647059
110.308235294,111.071764706
112.266666667,112.174857143
111.716470588,112.419393939
