feature6,feature3
27.6673529412,28.0524242424
27.6042424242,27.7697368421
27.8619047619,28.1554545455
28.0829411765,27.6794117647
28.5448571429,27.6044444444
,27.9124324324
