feature6,feature3
28.1542857143,28.3276470588
27.8864705882,28.3058823529
27.9576470588,28.0105882353
27.9293939394,28.22
28.4191176471,28.1697058824
28.4094117647,28.0957575758
