feature10,feature8
16.7253125,16.5351515152
15.8215151515,16.6844117647
15.2090909091,16.7127272727
17.3925757576,15.2536363636
15.2,15.1115151515
15.3106060606,17.2010606061
15.2818181818,15.4690909091
16.8381818182,16.8948484848
16.8316666667,17.1322727273
,16.8037878788
