feature6,feature3
27.6542424242,28.2454545455
27.9326470588,28.4042424242
27.9393939394,28.7157575758
27.7320588235,27.5620588235
27.3302941176,28.1978787879
27.8076470588,27.7371875
27.9855882353,27.5521212121
27.5328571429,28.2103030303
28.0082352941,27.6721212121
27.8215151515,27.5821212121
27.68,27.8081818182
27.3657575758,27.906969697
