feature6,feature3
24.4481818182,24.9042424242
24.6855882353,25.1918181818
24.7775757576,23.9375757576
24.3766666667,24.7415151515
24.2263636364,24.7752941176
24.033030303,24.3939393939
24.3472727273,24.4196969697
24.3466666667,24.1114705882
24.8557575758,24.7670588235
