feature6,feature3
27.8534285714,27.7585294118
27.8511764706,28.3111764706
28.1002941176,28.0302857143
28.3966666667,27.6979411765
28.7454545455,29.0539393939
27.9205882353,27.8797142857
