feature10,feature8
0.396834849142,0.377491713303
0.405862484966,0.300774161386
0.376712132148,0.320452685316
0.335179534943,0.29577757451
0.36341993701,0.319153892459
0.349499767253,0.319240154554
0.444957190672,0.313012904102
0.3195402894,0.354068603828
0.300718868536,0.319232112066
0.389911149755,0.327586257356
