feature11,feature10
21.8948484848,21.8803030303
22.050625,22.3709677419
22.558125,21.3609375
21.4715151515,21.2167647059
,24.0166666667
,25.4179411765
,24.7721875
,24.4078787879
,25.2897058824
,25.1615151515
,23.5815151515
,24.3153125
,24.9642424242
,25.0961764706
