feature6,feature3
27.5388571429,27.7636363636
27.5691176471,28.0494117647
28.0175757576,28.5628571429
28.0075757576,28.4772727273
28.4560606061,27.9767647059
27.5397142857,27.77
