feature4,feature3
16.561,15.9172058824
14.9911764706,14.9677272727
15.3073333333,15.4120689655
15.3731034483,15.7462068966
15.1176666667,16.5668965517
