feature6,feature3
15.0059090909,15.7018333333
14.3566176471,14.5305882353
15.5718181818,14.7536764706
14.7832352941,15.0645
14.8031818182,15.5704545455
