feature6,feature3
111.422857143,114.448484848
110.284705882,113.808484848
113.996363636,111.086857143
111.787428572,114.556571428
112.539393939,112.917647059
112.822352941,112.627058824
