feature6,feature3
0.356894312903,0.368389029885
0.379024612145,0.363059431153
0.344273326439,0.353445978927
0.346983718601,0.379296378275
0.350344420315,0.325139194844
0.35953909483,0.308331617401
0.393153476493,0.322948285817
0.356235432565,0.326238569687
0.343045109096,0.340706745285
0.324571978421,0.36557863992
0.327143184138,0.37357151238
0.371514554331,0.350889251745
0.42943007071,0.371224855623
0.354048352491,0.368967853932
0.364976924502,0.338334336405
0.404770336082,
