feature6,feature3
0.39869629688,0.384791854229
0.324224669635,0.352125451017
0.352426762825,0.309754263133
0.341840283159,0.355636647685
0.351763329547,0.389642001755
0.330991314971,0.339451771408
0.370868505841,0.368744875608
0.324192124424,0.310419040439
0.363733198584,0.322865066003
0.390094714038,0.31698568555
