feature10,feature8
23.9763636364,24.1678787879
24.1861764706,24.6039393939
24.5163636364,24.7987878788
24.7554545455,24.4412121212
25.1963636364,23.8520588235
24.2108823529,24.7942424242
24.0706060606,24.5867647059
24.8824242424,24.4258823529
24.3745454545,23.9139393939
24.8506060606,24.206969697
