feature6,feature3
15.3615625,16.52328125
15.69703125,15.69
15.0924193548,15.2229032258
15.1570967742,15.9471875
16.5274193548,15.035483871
15.2190322581,15.625625
15.20140625,15.0851612903
14.9212903226,15.6681818182
14.9264516129,15.774516129
16.58,
