feature6,feature3
27.7779411765,28.3065714286
28.0257142857,28.1488235294
27.7831428571,28.1061764706
28.2264705882,28.0408571429
27.4790909091,27.6114705882
,28.4305882353
