feature10,feature8
28.0115151515,28.3897142857
28.1977142857,28.2314285714
28.6028571429,27.7711428571
28.0151428571,28.6242857143
27.9028571429,28.0961764706
28.4194117647,27.875
