feature6,feature3
18.2216129032,17.6966129032
16.64078125,18.59375
18.7025,17.9533870968
16.84375,17.0020967742
18.3909677419,17.685483871
16.8281818182,17.9553125
17.4228125,17.8270967742
18.8812903226,18.5874193548
18.5435483871,17.674516129
17.11609375,
