feature6,feature3
27.4402941176,28.0202857143
28.1421212121,27.888
27.76,27.9473529412
28.0711764706,28.5064705882
28.2327272727,28.3472727273
,28.6521212121
