feature6,feature3
27.6317142857,27.9282352941
27.7614705882,27.5123529412
27.4202941176,27.4714705882
27.5464705882,27.9317647059
28.1383333333,28.3574285714
28.0793939394,28.0909090909
