feature10,feature8
0.329010347679,0.350530422342
0.354043833145,0.372222365862
0.394950405881,0.314290351704
0.309595836877,0.316721182946
0.380678045071,0.309234250284
0.300924471935,0.364653391348
0.302741243891,0.398793745145
0.402759202777,0.357284790709
0.382579920056,0.401983101392
0.321125151862,0.370726575016
0.36272718755,0.302599170545
0.353440041349,0.378170774683
0.393250196922,0.302696901503
0.443508033287,0.336340868212
,0.39754967419
