feature6,feature3
15.3581818182,15.0317142857
15.0098529412,15.146
15.4382352941,15.3309558824
15.5005882353,14.2527272727
14.4726470588,15.023030303
,15.1843939394
