feature6,feature3
14.9591428571,15.1813235294
14.7969117647,14.9938235294
15.3207352941,15.4927941176
15.1155714286,14.6986764706
14.6875,15.5761764706
