feature6,feature3
110.078787879,110.246060606
110.829090909,114.84
112.020606061,112.336969697
109.194117647,108.517647059
113.926363636,110.615757576
111.345454546,
