feature6,feature3
27.61,28.0
27.4823529412,28.0194285714
28.3205714286,28.1608571429
28.2476470588,28.0133333333
27.6838235294,28.6072727273
,28.3447058824
