feature6,feature3
28.1679411765,28.7339393939
27.986969697,28.2676470588
27.9820588235,27.63
27.9679411765,28.2441176471
,27.9496969697
,28.0966666667
