feature9,feature8
0.332758200812,0.334158715568
0.324323195989,0.312833494097
0.317768152626,0.315734071902
0.334017853704,0.332959996352
0.321130379997,0.312750434436
