feature10,feature8
0.329363209398,0.337929950935
0.322863678497,0.283698786408
0.360076944503,0.366529198258
0.356098734331,0.332493088689
0.33859398676,0.320659418931
0.356081467993,0.34567797335
0.373352062583,0.308468980129
0.331141031788,0.30877197317
0.341522615739,0.319305755023
0.354159771447,0.319269730461
