feature10,feature8
0.341965228257,0.345821535749
0.37383305896,0.326022969753
0.322305248717,0.405621438946
0.401124202208,0.417979544345
0.320345408344,0.3275085713
0.315784443803,0.303967997138
0.308786565457,0.396720293399
0.360099506017,0.425518877404
0.306925286448,0.382659233635
0.307829271196,0.322462867941
