feature6,feature3
112.533333333,112.96
111.258285714,112.355555556
113.252121212,112.49125
111.197777778,111.055294118
115.270588235,113.72
111.503333333,107.955
