feature6,feature3
22.2509677419,22.5293548387
22.2078125,21.98375
23.354516129,22.275
23.8421875,22.5460606061
22.1058064516,23.254516129
23.0083870968,22.5658064516
22.4258064516,22.4896875
22.7022580645,22.385483871
22.0715625,22.8270967742
23.1358064516,22.79
