feature6,feature3
28.2509090909,28.2918181818
28.0411764706,28.2396969697
28.282,28.7673529412
29.1806060606,28.3958823529
28.7822857143,27.9696969697
28.3205882353,28.3638235294
