feature6,feature3
0.3765403301,0.320097383224
0.308805969069,0.402345775699
0.369914697611,0.325213343841
0.383056807537,0.331117076749
0.321840031192,0.42366879384
0.40373119959,0.322939720529
