feature6,feature3
111.822352941,111.602424242
112.643529412,111.591764706
112.192,112.436470588
113.484705882,110.906666667
111.669411765,111.197575758
111.786666667,114.024705882
