feature6,feature3
113.75,113.46625
107.118139535,109.245
113.1975,111.310967742
115.401290322,111.57125
111.187317073,111.7
112.52516129,
