feature6,feature3
28.3211111111,28.3767647059
27.4152941176,27.9778787879
28.48,28.4035294118
28.2166666667,28.8432352941
28.0876470588,27.8351515152
28.3184848485,27.4418181818
28.316,27.9531428571
27.6491176471,28.08275
28.1455882353,28.1626470588
28.6437142857,27.7609090909
28.0008571429,
27.569375,
