feature6,feature3
0.349708187409,0.355894233076
0.258776159517,0.353649660144
0.351082296494,0.276488645278
0.332054051504,0.390040216245
0.327702856446,0.296921686912
,0.308412828947
