feature6,feature3
0.367476434614,0.29024123798
0.369615470067,0.344115542717
0.370333616648,0.326191739069
0.345438561061,0.356262456151
0.334986667173,0.344566030814
0.360072445016,0.339530262528
0.333367014566,0.304135314219
0.372660240359,0.325990616797
0.346714840977,0.325578216422
0.349248861823,0.376891259129
