feature6,feature3
15.4636363636,14.8928787879
15.6727272727,15.1040909091
14.981,16.0389705882
15.3563636364,14.966875
14.7405,15.1103030303
14.7439393939,15.6091176471
