feature6,feature3
27.1008571429,27.81
27.4493939394,27.8358823529
28.14,27.9442857143
28.2387878788,27.7123529412
27.6032352941,27.785
,28.3065714286
