feature6,feature3
16.321875,15.8351612903
16.18,16.22
15.8003125,17.5221875
16.44359375,15.8218181818
15.9175806452,17.6728125
17.8225,16.2813636364
16.3184848485,16.23125
16.79796875,15.4570967742
17.5596875,15.858125
16.61375,17.5221875
