feature4,feature10,feature3,feature8
0.326674977845,0.351465082409,0.308825253129,0.364956499762
0.360960671588,0.337831753465,0.356303901805,0.338366477597
0.325082500991,0.336788645799,0.332646538753,0.284443176592
0.310076095851,0.361516788156,0.34085537962,0.33393593001
,0.341394330772,,0.278295401301
,0.323011838723,,0.341400805333
,0.347993058125,,0.366727610544
,0.343880068597,,0.322229813804
,0.31974365446,,0.327887648974
,0.357053902662,,0.3085013616
