feature6,feature3
16.1557142857,15.6569047619
18.0438888889,15.1815151515
15.166,15.3727777778
15.7591666667,14.7717626953
16.67,
