feature6,feature3
0.39735985772,0.398539038347
0.402158415702,0.408611239391
0.386440199269,0.376655113529
0.384229266554,0.418625210286
0.378205445033,0.434830450688
0.399691531814,0.413324960623
