feature6,feature3
0.370258033862,0.338907000936
0.318509984855,0.331609400865
0.354993253768,0.402546178504
0.33567444497,0.357808066187
0.423439206885,0.309047470722
0.322947693337,0.318242350133
