feature10,feature8
15.9983333333,15.0660606061
15.8475757576,15.4146969697
16.7348484848,15.4178787879
15.2124242424,15.4568181818
16.5890909091,15.4960606061
15.5596969697,17.0007575758
16.7304545455,15.7324242424
16.7015151515,15.9460606061
15.4421212121,16.6257575758
,16.7584848485
