feature6,feature3
31.2591666667,30.9345454545
30.4977142857,30.6834285714
30.8044117647,30.6845714286
30.4985714286,30.4447058824
30.9496969697,30.6881818182
30.4072727273,30.3871428571
30.2114705882,29.9876470588
30.9690909091,29.9
30.4378787879,30.9260606061
30.8084848485,
