feature10,feature8
24.0542424242,24.6882352941
23.6309090909,24.1463636364
23.3221212121,23.9170588235
24.5424242424,24.2057575758
24.476969697,24.9265625
24.3775757576,24.4558333333
24.503030303,24.7039393939
23.1842424242,24.0321212121
24.3240625,24.3196969697
24.0875757576,23.7057575758
