feature6,feature3
108.795294118,111.612941176
111.423030303,113.420571428
113.076470588,113.012121212
113.377647059,112.928484848
109.877647059,114.283529412
113.745454546,114.564571428
