feature10,feature8
27.6494736842,28.5827272727
28.5188571429,28.1745714286
28.3676470588,27.7757894737
27.7518181818,27.8868421053
27.886,27.7290909091
28.3127272727,28.0
