feature6,feature3
27.6640625,28.47
27.7615151515,28.3342424242
27.8214705882,28.3976470588
27.5779411765,28.5626470588
28.1817647059,27.7360606061
28.6055882353,
