feature10,feature8
33.2057575758,33.3187878788
32.8202941176,33.3233333333
32.3945454545,32.6693939394
33.0993939394,32.7454545455
32.1033333333,32.2393939394
31.7060606061,33.1027272727
31.8348484848,32.8867647059
32.4154545455,32.3193939394
32.3133333333,32.3481818182
33.2206060606,31.9588235294
32.1584848485,32.5715151515
,32.4903030303
,32.07
