feature6,feature3
14.4585294118,15.2778787879
14.8684848485,14.6953030303
15.273030303,14.896969697
14.4663235294,14.5701515152
14.9916666667,14.89875
14.5975757576,15.4045588235
