feature10,feature8
32.4,33.2860606061
33.2493939394,31.9793939394
32.6818181818,32.5172727273
32.0757575758,33.0561764706
32.515,33.0296969697
32.5752941176,32.5133333333
32.3745454545,32.9712121212
31.9357575758,32.0360606061
31.8939393939,32.736969697
