feature6,feature3
115.088888889,111.265882353
113.04117647,112.31030303
111.62625,114.597647059
108.730909091,114.797647059
112.767272727,112.660606061
112.644705882,113.635428572
