feature6,feature3
28.4375,28.3665625
26.7795348837,27.31125
28.299375,27.8277419355
28.8503225806,27.8928125
27.7968292683,27.925
28.1312903226,
