feature6,feature3
22.1066666667,24.1525
22.9663636364,21.93
21.8468421053,21.6226086957
20.84,24.1825
21.71,22.1475
21.357,22.672
24.2716666667,21.66
21.5275,22.358
22.61,22.2625714286
21.402,22.81
