feature6,feature3
22.265,22.2871875
22.049375,22.24875
21.7538709677,21.9438709677
21.6074193548,22.4784375
21.9674193548,22.3767741935
21.9574193548,22.3
21.8471875,21.5580645161
22.1,21.9915151515
21.955483871,22.1493548387
22.0177419355,
