feature10,feature8
15.8962121212,17.3036363636
15.9376470588,15.69
16.7182352941,15.1616176471
17.1527272727,15.0026470588
15.3490909091,16.9242647059
15.9866666667,15.1148484848
16.0456060606,15.9275757576
16.9831818182,16.968030303
15.1743939394,15.31
,15.4424242424
