feature6,feature3
28.3688235294,28.3408823529
28.0866666667,28.5085294118
27.9451428571,27.7042857143
27.9797142857,28.2432352941
28.3329411765,28.2273529412
29.0344117647,28.3673529412
