feature6,feature3
28.0430555556,28.7894117647
28.0920588235,27.5858823529
28.2079411765,28.0326470588
28.1708823529,28.1165714286
27.7836842105,27.596969697
27.3438235294,28.1822222222
