feature6,feature3
27.4678947368,28.9592307692
28.1055813953,28.83
28.4205263158,27.64375
28.9711111111,28.4766666667
28.98,29.05
28.0853846154,28.0357894737
