feature6,feature3
28.1708571429,27.5670588235
27.92,28.3233333333
27.7054545455,28.3824242424
28.2511764706,27.8002941176
27.7529411765,27.7333333333
,27.9997058824
