feature6,feature3
28.6172727273,27.9760606061
28.1261764706,27.7397368421
28.1342857143,27.9264285714
27.9848484848,27.9542105263
27.995,28.1031428571
27.7490909091,28.09425
