feature10,feature8
15.3803030303,15.8709090909
15.5556060606,15.4566666667
15.7851428571,15.9763636364
15.3895454545,17.27359375
16.3601515152,15.4225757576
17.0226470588,16.5136764706
17.1734848485,15.9697058824
15.4583333333,15.5641428571
17.0628125,16.3631818182
,15.78
