feature6,feature3
0.319307279889,0.317488309925
0.308849152132,0.331605696554
0.459894654011,0.342108974297
0.422355242405,0.33595360791
0.31594491076,0.300826630701
0.341091737664,0.326364636698
