feature6,feature3
15.0513235294,14.5555882353
14.4042142857,15.0828787879
14.4265151515,14.4842647059
14.6918382353,14.2199264706
14.40359375,14.4827142857
14.4809090909,14.5438571429
