feature10,feature8
17.1503030303,16.2134848485
17.2948529412,17.3554545455
17.7163636364,15.6782352941
16.3975757576,16.5653125
17.2795454545,15.33
17.3724242424,16.3654545455
17.1892424242,15.9593939394
15.05,15.2615151515
15.5358823529,
16.1154545455,
