feature10,feature8
17.010625,16.1045588235
16.1815151515,16.8121212121
15.7479411765,16.8684375
14.9543939394,17.3056060606
17.04,16.5339393939
15.4522058824,15.8512121212
15.526969697,16.7348529412
14.8539393939,16.6342424242
15.4845454545,15.4954545455
15.3212121212,16.661969697
