feature6,feature3
15.0691176471,14.6013970588
14.4701470588,14.7997058824
14.9354545455,13.9337431641
15.1306060606,14.9715625
14.653030303,14.2336363636
14.379375,15.1160606061
