feature6,feature3
18.9390322581,19.6666129032
18.85375,20.5696875
18.6403225806,20.7621875
19.8334375,17.8065151515
19.325483871,19.959516129
18.1916129032,19.1677419355
19.5925806452,18.80171875
18.5625806452,20.9119354839
19.14625,20.1735483871
20.0451612903,18.7328125
