feature6,feature3
27.5058823529,28.0547058824
27.7318181818,27.6690909091
27.6238235294,28.5511428571
27.6247058824,27.58
27.9087878788,27.4894285714
27.7132352941,27.7978125
