feature6,feature3
27.7972727273,28.5020588235
27.8962162162,28.3265714286
27.8925,28.1875757576
27.9073529412,28.0363636364
27.91,28.6585294118
27.9548484848,27.8982857143
