feature6,feature3
28.0689130435,28.0465217391
28.5085106383,27.5430434783
28.4008510638,27.7765957447
28.7304255319,28.017826087
27.9295744681,28.5423913043
