feature6,feature3
30.6468421053,30.1075
29.9676470588,30.7225
30.2960606061,31.1676470588
31.1873529412,30.7154285714
30.4394117647,30.7672222222
30.4675757576,31.2572222222
30.2173684211,30.6144444444
30.2085294118,30.7557142857
30.7766666667,30.51
