feature6,feature3
109.012121212,112.357575758
110.172121212,110.956363636
113.7475,112.267878788
111.03882353,109.797647059
110.904242424,113.190857143
111.227058824,114.04969697
