feature10,feature8
17.1724242424,16.0795588235
16.32390625,15.9436764706
15.7536764706,15.7464705882
16.2495588235,17.6274242424
17.0960294118,15.9207352941
17.0187878788,15.9364705882
15.7636363636,15.3804545455
16.3331818182,15.806969697
16.0495454545,15.53
16.9482352941,15.7854411765
