feature6,feature3
29.0652941176,28.5524324324
27.97,27.8
28.3636363636,28.0214705882
28.1176470588,28.5429411765
27.9760526316,28.5879411765
28.1502941176,28.4033333333
