feature6,feature3
27.4179411765,28.5148484848
27.4852941176,27.9288235294
27.6214705882,28.1191176471
27.9690909091,27.8526470588
27.9464705882,27.9988235294
28.5320588235,28.2012121212
