feature7,feature10,feature6
0.319620865282,0.334479195559,0.308057324249
0.331244358361,0.353329669957,0.338579274761
0.342684371774,0.332522901346,0.329971725344
0.324019149517,0.380727764637,0.338336462771
,0.316746721295,0.3335723673
,0.344796225468,
,0.343896677768,
,0.368177799087,
,0.313017846364,
