feature6,feature3
14.781875,15.7537096774
16.1748387097,16.7964516129
15.870625,15.3209375
16.0538709677,15.9009375
15.3458064516,15.0078787879
15.4993548387,15.1662903226
15.486875,16.6653125
15.6375,15.133030303
16.0291935484,16.43875
,16.7616129032
