feature6,feature3
0.355944951377,0.409673961505
0.313591355703,0.321846323961
0.360871678276,0.315152197658
0.33203794134,0.328272060595
0.335617745259,0.323745593108
0.313850050811,0.329957161411
0.32907513606,0.347775089171
0.407833893175,0.363700484482
0.340286056886,0.363335614925
0.317315336191,0.367041378303
