feature6,feature3
18.3340151515,18.221969697
16.1841176471,17.8038235294
16.67109375,17.42984375
16.4745454545,15.89625
17.7651515152,18.04109375
18.25,16.9184375
17.1193939394,18.2131818182
16.5579268293,16.92984375
,15.9393939394
,18.19015625
