feature11,feature10
21.8948484848,21.8803030303
22.050625,22.3709677419
22.558125,21.3609375
21.4715151515,21.2167647059
