feature6,feature3
111.688235294,113.37882353
111.894545454,113.514285714
110.134857143,112.56969697
113.435151515,110.41882353
111.289411765,115.300571428
113.176969697,112.274117647
