feature4,feature3
21.12625,22.1842424242
21.9375,21.586875
21.2828125,21.835625
21.8640625,21.686875
,21.845625
