feature6,feature3
113.492121212,111.220606061
109.372121212,113.526060606
113.974857143,112.657142857
111.28117647,113.883529412
110.164571428,113.798787879
113.107058824,114.929411765
