feature6,feature3
111.835428572,111.810909091
112.216470588,115.103529412
110.467058824,112.874117647
112.259393939,113.253333333
109.830588235,110.688484848
109.415294118,111.148571428
