feature6,feature3
17.16625,17.01125
17.04953125,15.7954054054
17.27078125,17.2940322581
15.7983870968,16.28015625
17.05421875,15.2224193548
15.94125,15.7677419355
15.8289393939,16.5063636364
17.3164516129,15.7735483871
16.96703125,15.436875
15.368125,
