feature6,feature3
28.2160606061,27.9406060606
27.8271428571,28.0497058824
27.0438235294,28.3575757576
27.6026470588,28.0294117647
28.0208571429,28.1288235294
27.796969697,27.8026470588
