feature10,feature8
24.6239393939,24.7118181818
24.0585294118,23.9060606061
23.7678787879,24.1084848485
24.4633333333,23.9247058824
24.4039393939,24.4560606061
23.9227272727,24.8782352941
24.7047058824,24.1233333333
24.6403030303,23.8242424242
23.9081818182,24.7778787879
24.6887878788,23.9936363636
