feature10,feature8
32.3712121212,32.9633333333
32.3066666667,32.8006060606
33.0321212121,32.85375
32.3615151515,31.8473529412
32.9867647059,33.0632352941
33.5247058824,32.1572727273
33.2747058824,32.995
32.0560606061,32.2754545455
33.4839130435,32.7851515152
32.443030303,32.2685294118
