feature6,feature3
33.43375,32.805
31.88125,32.5475
33.69375,32.68875
33.005,33.04
32.8077777778,34.5975
33.3144444444,34.265
31.84,32.7172222222
31.67625,33.8325
34.0711111111,32.389
34.08375,32.3495121951
