feature10,feature8
24.5341176471,23.5679411765
24.2747058824,24.0970588235
24.2278787879,25.7366666667
23.6293939394,25.0066666667
24.3736363636,24.216875
24.8021875,24.6178787879
24.4848484848,24.32
24.0003030303,24.5551515152
24.72,24.1644117647
