feature6,feature3
27.945625,28.5509090909
28.046969697,28.0323529412
28.7272727273,27.9353125
27.9275757576,28.4046875
28.0248648649,28.459375
28.365,28.5303030303
