feature6,feature3
30.7071428571,30.1034210526
29.6634782609,32.3194736842
31.2836363636,31.0981818182
31.374,30.542
30.206,30.7997777778
31.1671428571,31.079
30.8390909091,30.988
31.3640909091,30.4055813953
31.1092307692,31.1929411765
30.8938235294,31.07875
