feature10,feature8
0.403698469925,0.281947806124
0.352874234526,0.2994130937
0.411801537444,0.348073155114
0.433918926199,0.372148630365
0.40432698971,0.328926047002
0.43363708682,0.339414461583
0.389385845326,0.384715641294
0.309616426421,0.389341273742
0.344027237986,0.426410963579
0.307069025272,0.41115111256
