feature6,feature3
28.0406060606,27.9635135135
27.5358823529,27.8022580645
28.2267647059,27.8829411765
27.922972973,27.8102702703
27.2956097561,27.5902857143
28.2223529412,28.3747058824
