feature6,feature3
28.2021212121,27.8991428571
28.4318181818,28.5190625
28.4636363636,28.0984848485
28.0481818182,28.2717142857
27.5758823529,28.0567647059
28.2964705882,28.2654545455
