feature10,feature8
15.7187878788,16.019375
14.9736363636,16.4974242424
15.3821212121,16.686969697
16.2607575758,14.9151515152
15.9592424242,17.4020588235
17.0841176471,16.1143939394
15.5607352941,17.2654545455
15.7374242424,15.8413235294
16.6510606061,16.0739393939
17.2156060606,15.3445454545
