feature7,feature10,feature6
22.078125,24.4536363636,21.908125
21.665,24.4987878788,20.31
21.2040625,23.8296969697,21.685625
22.0496774194,24.8770588235,22.0375757576
21.713125,24.861875,21.9203125
,24.0763636364,
,24.3935294118,
,24.1672727273,
,23.3944117647,
,24.1503030303,
