feature10,feature8
28.1577142857,27.9257575758
27.9293939394,27.9214705882
27.0582857143,27.8939393939
28.5182352941,27.9821212121
27.9888235294,27.8835294118
27.9639393939,
