feature10,feature8
0.405744591142,0.340572404797
0.397370162719,0.388831241779
0.446193950712,0.315707003742
0.366151007992,0.402828471329
0.40156733276,0.367163031768
0.300930741285,0.407116148708
0.307713099932,0.429280629479
0.342645855114,0.433141402166
0.318314011423,0.370911020702
0.395469873311,0.4119833967
