feature6,feature3
0.41003513446,0.2984052148
0.358398732586,0.405368215287
0.318078020447,0.366423331283
0.322385718759,0.348785903299
0.343013634257,0.33308831807
0.354761613091,0.330936016111
0.395471553738,0.399230325977
0.356797280577,0.364497939062
0.387201700236,0.325028975357
,0.366323673034
