feature6,feature3
0.322298247169,0.322238132958
0.380817655128,0.372285975493
0.331440860227,0.31087539504
0.391617080944,0.370606144512
0.39842769095,0.3716989206
0.307940740027,0.333928684407
