feature6,feature3
0.40530086675,0.30941581135
0.450230626564,0.36159463018
0.339415090191,0.342260371658
0.416093843997,0.363046554641
0.396921170215,0.464313531047
0.313674484554,0.318117494859
