feature10,feature8
0.343774529132,0.338464718095
0.32821709135,0.32243262593
0.318284655688,0.358598426216
0.327163044248,0.335378086025
0.353921589096,0.370385336692
0.30833077858,0.358590850056
0.310207979841,0.334438963136
0.358093110756,0.331319129464
0.284010427435,0.304043707979
,0.357394552832
