feature10,feature8
15.2724242424,17.5043939394
15.6116666667,17.3183333333
16.9015625,17.13984375
17.2051515152,17.5736363636
15.4581818182,17.425
17.1862121212,15.5253030303
16.2112121212,15.9431818182
15.1210606061,15.3986363636
15.8701515152,16.4912121212
17.3401470588,17.3448484848
