feature6,feature3
27.6755882353,28.2214705882
27.8536363636,28.2333333333
27.9791428571,28.3014285714
27.3654285714,28.0679411765
28.3722857143,28.4726470588
28.4482352941,28.144
