feature6,feature3
30.8922222222,29.775
29.67625,31.645
31.68,30.3797222222
30.65,31.1566666667
30.755,31.64375
