feature6,feature3
28.5879411765,28.8161764706
27.7838235294,28.2342424242
28.6605882353,29.2861764706
28.2211428571,27.9661764706
27.7979411765,28.0351515152
27.8997142857,27.846969697
