feature11,feature10
15.24734375,15.346875
16.44671875,16.6284375
16.894375,14.8775
15.1484375,15.6416129032
15.34125,15.1929032258
,17.0494117647
,16.8187878788
,15.0572727273
,14.8876470588
,16.1424242424
,16.6084848485
,15.6495588235
,16.6042424242
,15.2028787879
