feature10,feature8
0.326324271887,0.345926802741
0.331153146487,0.344642031493
0.347752028396,0.355539920083
0.368753223418,0.308694766927
0.365494220637,0.328899175632
0.333393787123,0.327539303509
0.339191459495,0.343794184424
0.344429990175,0.337824126346
0.376221144341,0.334202695623
0.342782690586,0.33522773789
