feature6,feature3
0.325459331873,0.297695569576
0.360560170832,0.307427628097
0.367275167406,0.461649786431
0.378152739039,0.346688727416
0.31054556812,0.441653538742
0.397944536241,0.340261974583
