feature10,feature8
15.6686363636,17.0303030303
15.4851515152,16.8154545455
16.6756060606,15.8987878788
15.5386363636,15.3234375
15.7496969697,15.1127272727
15.3481818182,16.87
15.4312121212,17.116969697
15.6637878788,14.8284848485
16.63,15.0242424242
14.8805882353,15.1360606061
