feature6,feature3
27.4845714286,27.9320588235
28.0705128205,28.2473529412
28.2594117647,28.2291176471
28.8458823529,28.1217647059
28.185,27.6458823529
,27.8926470588
