feature6,feature3
21.1683333333,22.225483871
22.2290322581,22.6609375
21.4484375,22.5841935484
22.105483871,22.4148387097
22.051875,21.8532258065
21.3906451613,21.77625
21.703125,21.7587096774
21.81625,22.4170967742
,22.2367741935
,21.8490909091
