feature6,feature3
15.1647058824,14.8816911765
15.3093181818,14.5064516129
14.7854411765,14.4895454545
15.0714705882,14.6997142857
15.5144117647,14.8051428571
14.4512857143,15.4968181818
