feature10,feature8
24.7975757576,25.1133333333
25.0118181818,24.2472727273
24.6042424242,24.5003030303
23.8609090909,24.1190909091
24.1445454545,24.5396969697
24.4381818182,24.3702941176
23.9042424242,24.7945454545
23.97,24.8303030303
24.5533333333,24.4524242424
24.8754545455,25.0757575758
