feature6,feature3
0.353760360916,0.394314885834
0.358986908163,0.383166227071
0.369854575947,0.393598240839
0.398998489039,0.383263683658
0.370355610805,0.381735869476
0.370424015052,0.392494468129
0.381177908145,0.388332702244
0.369192104784,0.398792924497
0.386625499013,0.366948427989
0.425917912103,
