feature6,feature3
0.311060280281,0.327073761303
0.346066508266,0.363335484871
0.352370335506,0.328736678315
0.367679472405,0.334360332271
0.326733002296,0.345239375058
0.372610108691,0.347116817878
0.345649840073,0.312261890067
0.328001329798,0.283829717585
0.342054065896,0.341198864734
0.332361121475,0.33375257471
