feature10,feature8
0.319719445736,0.304176899202
0.417162285853,0.365142320038
0.355981330579,0.393450654249
0.303312300074,0.343702249865
0.39913006824,0.374281075264
0.393711342971,0.366591259153
0.411182983595,0.41061182816
0.381289845367,0.386467670927
0.299973237965,0.326970315624
,0.443744894758
