feature6,feature3
27.0431428571,28.6233333333
28.2394117647,27.5538235294
27.5041176471,28.4017647059
27.3908571429,28.1505882353
27.3326470588,28.2509090909
27.742,27.9406060606
