feature6,feature3
0.336721827832,0.327334172442
0.307665078648,0.423406266241
0.468938130069,0.42343577125
0.276508188366,0.390933282524
0.310691426884,0.30713674715
,0.313578411047
