feature6,feature3
14.922,14.0831818182
14.3783467742,14.4017647059
14.647016129,14.0536029412
14.7986290323,14.5445588235
14.1787878788,14.7895
14.3477941176,14.2726428571
