feature10,feature8
24.0193939394,23.943030303
25.4615151515,24.4736363636
24.4463636364,24.5196969697
25.1912121212,24.6060606061
23.9981818182,23.6893939394
23.6615625,24.9915151515
24.3628125,25.1548484848
24.0988235294,24.2614705882
24.021875,24.2615151515
24.099375,24.2270588235
