feature6,feature3
27.7457575758,27.1927272727
28.6078787879,27.9006060606
27.9847058824,28.1788571429
28.0052941176,28.4975757576
29.0266666667,28.4112121212
28.1106060606,28.3114705882
