feature6,feature3
27.8563636364,28.5487878788
28.0375757576,28.1161764706
28.384,28.190625
27.8521212121,27.9817647059
27.9620588235,28.3409090909
,28.2036363636
