feature10,feature8
0.30990746779,0.385767327025
0.317991863801,0.375606582787
0.300827331659,0.307016504083
0.414707060504,0.319029832354
0.391750058483,0.38033513194
0.392289271229,0.412309095203
0.34856163057,0.321903499336
0.330512342711,0.300182480135
0.309409575239,0.379430770949
0.352950029783,0.312653755597
