feature6,feature3
14.7459375,13.6976923077
14.4495833333,13.6607692308
14.7431818182,14.2613461538
14.375,14.3064130435
,14.1176923077
