feature10,feature8
32.0938235294,33.3678787879
32.5605882353,32.8066666667
32.8424242424,33.2445454545
31.8772727273,31.4775
32.0581818182,32.8402941176
31.3202941176,31.8784848485
33.1538235294,32.7111764706
32.4857575758,32.8351515152
32.57625,32.613030303
33.0033333333,33.3120588235
