feature6,feature3
29.4784375,30.9896875
30.4196875,31.3693939394
29.2787878788,30.2746875
31.1514705882,29.7127272727
30.6678125,30.8624242424
29.5057575758,30.5584375
29.9921875,30.29
29.6593939394,30.2306060606
30.4903030303,29.9990909091
31.09,30.023030303
