feature10,feature8
0.410340373642,0.302943468008
0.369338572855,0.302318781876
0.433181211769,0.362499595135
0.317716728201,0.309679821154
0.376098033949,0.309436017629
0.348846945193,0.415611135842
0.333699101421,0.390168275558
0.314514579017,0.417532327542
0.428612424862,0.386811512783
,0.419338675738
