feature6,feature3
14.2758823529,14.2079411765
14.3407575758,14.1909090909
14.8884848485,14.633
14.9488235294,14.8945
14.6822727273,14.8584285714
14.4014705882,14.30828125
