feature6,feature3
1.10499519727,1.2161479238
0.752279381137,1.04756578917
1.33632778061,0.467039426759
0.971436695852,1.69279466641
0.7543867598,0.787850373954
1.38566089468,0.469078158503
1.22323432103,0.440311916001
1.40744618826,1.55754990052
1.51436615537,1.21824702402
,1.99747885395
