feature10,feature8
16.3325757576,17.4562121212
15.1118181818,15.008030303
17.123030303,16.1087878788
17.0267647059,16.2912121212
15.4089393939,16.1198484848
16.3387878788,15.5971212121
17.1390909091,15.7975757576
17.0053030303,16.5304545455
15.5486363636,17.4228787879
15.6321212121,16.0074242424
