feature6,feature3
0.433225457308,0.348451353414
0.427129820018,0.426645119851
0.356503654873,0.434816860884
0.465261991631,0.43371173028
0.43227616921,0.298971397446
0.445957445584,0.448072982187
0.314158318132,0.331903201663
0.433490375823,0.268857789341
0.30952201281,0.29827375002
0.3125658474,0.451125339967
