feature6,feature3
28.2718181818,28.7464705882
27.9360606061,28.1157575758
28.8896969697,27.815
27.2911428571,28.8084848485
27.7044117647,28.1967647059
27.9617647059,28.3038235294
