feature6,feature3
28.5235294118,28.2217647059
27.94,27.9238235294
27.63,29.7105
28.1203030303,27.7075757576
28.1015151515,27.7628947368
27.7054545455,27.4835294118
