feature6,feature3
14.9457352941,14.5925
15.50125,15.0554545455
15.2630714286,14.9704411765
14.8482352941,15.2773076923
14.5793939394,15.6485294118
15.0729487179,14.7955263158
