feature6,feature3
109.219428572,112.731764706
111.965882353,109.230588235
113.051428572,111.668235294
111.795151515,110.603529412
113.695294118,109.076363636
112.665454546,110.455294118
