feature10,feature8
32.6433333333,33.0624242424
32.2408823529,33.2360606061
32.9157575758,32.9085294118
32.6309090909,32.63
32.4003030303,32.8033333333
32.8254545455,32.3936363636
32.8118181818,32.0672727273
31.9145454545,32.1257575758
31.915,
33.9378787879,
