feature6,feature3
0.318146548229,0.432697797281
0.325731287639,0.32990107253
0.328880733622,0.413148986019
0.317736974635,0.359922711479
0.327281364516,0.374820293584
0.420623154485,0.355306674676
