feature10,feature8
0.33840945873,0.353937601512
0.348565613047,0.3355470858
0.339750400666,0.290119853113
0.354169679158,0.326110654389
0.341408059997,0.353864729371
0.34988956769,0.337318685169
0.346321155624,0.378715825098
0.323680736038,0.310896395689
0.335261200719,0.336509562732
0.347024115553,0.327154880124
