feature6,feature3
28.9551428571,27.5982857143
27.6336363636,28.0126470588
27.71,27.6834285714
28.7394285714,28.5415151515
28.5311428571,28.255
27.5164705882,27.7892307692
