feature6,feature3
21.665,21.899375
22.8161290323,21.9765625
21.815625,21.826875
22.1851612903,22.6053125
22.2359375,22.0609090909
22.228125,22.0603125
21.7828125,21.3248387097
21.7753125,21.5815625
21.733125,22.433125
22.1829032258,22.4896774194
