feature6,feature3
28.0493939394,28.2554545455
27.7641176471,28.5527272727
28.2275757576,28.7441176471
28.4797058824,27.7775757576
27.6828571429,27.4984848485
28.1485714286,28.0338235294
