feature6,feature3
27.1877142857,28.1757575758
28.0238235294,28.446969697
28.5557575758,28.0457142857
28.0106060606,28.3832352941
27.9514705882,27.7461764706
28.1684848485,28.0831428571
