feature10,feature8
32.1466666667,32.5063636364
33.49,33.3896875
32.88,32.7621212121
32.508125,32.7506060606
32.6391176471,32.0372727273
32.8338235294,32.4360606061
32.4972727273,32.3042424242
32.2124242424,32.8578787879
32.3572727273,32.5424242424
32.6139393939,33.1639393939
