feature10,feature8
16.8969117647,16.7539393939
17.425,15.8166666667
16.7856060606,15.3895454545
16.5996969697,16.2724242424
16.4498529412,15.2748484848
16.4265151515,15.4207352941
15.3127272727,15.183974359
14.9506060606,15.5110606061
15.3275757576,15.4703030303
16.5460606061,16.77703125
