feature6,feature3
27.982,27.8565714286
28.0884210526,28.2397058824
28.0136842105,28.1702941176
28.0354285714,27.9311764706
28.1582352941,28.66
27.9796969697,27.8605405405
