feature9,feature10,feature8
0.332758200812,0.269217159425,0.334158715568
0.324323195989,0.323396083846,0.312833494097
0.317768152626,0.346354246827,0.315734071902
0.334017853704,0.338218237501,0.332959996352
0.321130379997,0.373716590623,0.312750434436
,0.365980448508,
,0.348250323036,
,0.325075134248,
,0.335366333346,
,0.355158039974,
