feature6,feature3
28.2135294118,28.2057142857
28.0354545455,28.1909090909
28.2935294118,27.8290909091
28.4905882353,28.5188235294
28.8217647059,28.0705882353
27.9703030303,28.1933333333
