feature6,feature3
0.347438514105,0.353759036441
0.320586106421,0.38628986213
0.359756661699,0.306252987616
0.338398626837,0.32560657108
0.34968268014,0.322116128564
0.356373661375,0.341437001949
0.307517103142,0.354953543841
0.327236345296,0.378428348104
0.37532150779,0.332288205053
0.413353226716,0.399686911827
