feature10,feature8
0.322814795367,0.345870865231
0.350682832222,0.368704483076
0.356259636426,0.333497487793
0.336602504309,0.325494717317
0.356562241276,0.325870017721
0.374266479114,0.394585276506
0.363766044678,0.315458736048
0.332548631165,0.331124696676
0.321053154338,0.34588396726
0.327531414334,0.343182723226
