feature6,feature3
14.7298484848,14.7752205882
14.3161764706,14.3027272727
14.6846969697,15.1300735294
14.4422058824,14.8256617647
14.3281818182,14.9140441176
15.2634848485,15.0859558824
