feature10,feature8
0.313272666168,0.366801791746
0.314010199704,0.324419112874
0.319526811561,0.206990925004
0.161921227638,0.333220490708
0.326755876378,0.240030069161
0.247245460867,0.30632248611
