feature10,feature8
28.0673529412,27.9305882353
28.6523529412,28.3144117647
28.3466666667,28.37
28.3424242424,27.63
27.8437037037,28.2133333333
29.0148484848,27.9758823529
