feature6,feature3
7.0143075251,6.92351763955
6.86615240848,6.91849615836
6.90985878695,6.98321559917
6.94101140133,6.99462065954
6.93627355526,7.00927449894
