feature6,feature3
27.7544117647,28.308
28.1288235294,27.7239393939
28.0808571429,28.3963636364
27.8008571429,28.145
27.8714705882,28.0378787879
28.1038235294,27.8996969697
