feature4,feature3
22.316875,22.005
21.52,22.078125
21.8078125,21.72375
21.2040625,22.16375
