feature6,feature3
0.408987696291,0.343885965682
0.320793152066,0.36569584411
0.423198376534,0.447886868839
0.404189859462,0.290750849603
0.323329533562,0.361077536158
0.313885735299,0.3916109026
