feature6,feature3
27.4482352941,27.9020588235
27.8803030303,27.6265789474
28.135,28.1488571429
28.2312121212,27.5241176471
27.6135294118,28.3073529412
28.1242857143,
