feature6,feature3
27.8964705882,27.8021212121
28.4302941176,28.1423529412
27.5015151515,28.1305714286
28.1897058824,27.9779411765
27.3645454545,28.5245714286
27.9679411765,28.4402777778
