feature6,feature3
21.7182142857,22.0385185185
22.1609677419,21.9044444444
21.4760714286,22.6181481481
21.6655555556,22.1258064516
21.7155555556,21.3114814815
21.7761290323,22.4789285714
22.5096428571,21.47
22.1267857143,21.8126666667
21.3285185185,21.9037037037
,23.1348148148
