feature6,feature3
0.330202778142,0.329176735718
0.369493676563,0.351356469712
0.368797804394,0.361674145567
0.345874385201,0.391279209727
0.347159628644,0.324589065876
0.411037230078,0.337507286376
0.289564583619,0.312615572741
0.376446596183,0.328623996797
0.399223385216,0.326854312264
0.355202679569,0.335538127045
