feature6,feature3
27.5391176471,28.0048571429
28.3235294118,27.7671428571
27.718,28.0466666667
28.0344117647,27.836
28.1670588235,27.8587878788
28.3935294118,28.1341176471
