feature10,feature8
0.340745220254,0.332091897992
0.339047065767,0.348104785355
0.355541969603,0.327472345043
0.316263185652,0.292645306211
0.336746553128,0.325731146904
0.35685712276,0.353910724809
0.336652021328,0.364594586203
0.346214227301,0.342622691937
0.322805975999,0.301574247293
0.344935989697,
