feature6,feature3
21.7629032258,22.23375
22.2321875,21.926875
20.798125,21.4977419355
21.1596969697,21.7565625
22.376875,21.6125806452
20.7490625,21.3925
21.1857575758,21.3264516129
22.0497058824,22.2551515152
22.0096875,21.314375
21.5912903226,21.7429032258
28.4774285714,27.8345454545
27.6026470588,27.7067647059
28.0945454545,27.85
27.395,28.4325714286
27.6465714286,27.4093939394
28.1485294118,27.7558823529
