feature10,feature8
0.351150606374,0.338152846875
0.336600925915,0.325279942113
0.342842653373,0.351117894279
0.344246319069,0.341222956362
0.356877869955,0.343276294764
0.335017410177,0.351641479798
0.332463791899,0.32455149646
0.318658876804,0.315140867985
0.305872766358,0.348493481734
