feature6,feature3
28.3884848485,27.6765714286
27.9487878788,28.2138235294
28.5385294118,27.8981818182
28.2848571429,27.586969697
28.1654545455,28.084
27.6972222222,27.55
