feature10,feature8
15.5413636364,17.3948484848
15.5520588235,15.8375
16.0343939394,15.8529411765
15.5016666667,16.0784848485
15.313030303,17.6784848485
17.1353030303,15.4586363636
17.0693939394,15.2160294118
15.5268181818,16.0725757576
17.25703125,15.6059090909
,15.86875
