feature6,feature3
14.4835526316,15.1631818182
15.0848484848,14.2693939394
14.9996875,14.3411764706
14.3620714286,15.1058333333
15.1074242424,15.2654285714
14.5784848485,14.6736363636
