feature6,feature3
110.922352941,114.035294118
112.569142857,113.744242424
110.969411765,116.871428572
111.873939394,113.887058824
112.356470588,114.27368421
,115.246060606
