feature6,feature3
1.0167356747,1.35980681779
0.993450388897,1.20724361253
3.03840855935,1.26278135101
2.75566897496,2.35149268629
1.27956469762,2.82748734347
1.24621769717,1.0309580343
2.50405795373,1.64512580714
1.2666364585,2.27588806257
1.23519161265,1.63459292989
1.43231572345,2.1619443398
