feature6,feature3
17.395,18.2018181818
17.3788571429,18.8531818182
16.736,16.6787142857
18.0185294118,18.5176470588
18.4761764706,17.153030303
18.5344117647,18.2255714286
18.5639705882,18.0226470588
17.6236764706,17.1466666667
16.9055882353,17.8921212121
17.8438235294,17.8889705882
17.515,18.8110606061
17.3141176471,15.76965
19.2392857143,16.775
18.6397058824,18.5414705882
18.1207575758,
