feature10,feature8
15.6882352941,16.9098529412
15.6835294118,15.7670588235
16.7653030303,15.0843939394
15.0871212121,15.5909090909
15.4033333333,16.9571875
16.4809375,15.9075757576
15.9972727273,15.5660606061
15.775,15.426969697
15.9837878788,14.9979411765
