feature4,feature10,feature3
15.1306060606,17.0509090909,16.5765625
16.3821212121,15.1196969697,15.64578125
15.045,15.1960606061,15.4535483871
15.66671875,17.0554545455,15.6365625
15.845,15.2375757576,
,16.0409090909,
,15.3965151515,
