feature6,feature3
27.8142424242,27.6478787879
28.3145454545,27.5891428571
27.6675757576,28.5655882353
27.5760606061,28.3945454545
28.0309090909,27.7251428571
28.2576470588,27.7423529412
