feature6,feature3
27.7825714286,27.7335294118
28.6978787879,28.0876470588
27.7214705882,28.4084848485
28.2648571429,28.1288235294
27.952,27.8737142857
,27.9729411765
