feature6,feature3
22.6446875,21.5741935484
21.9465625,22.4593548387
22.1616129032,21.6367741935
21.5490322581,21.7809375
22.33125,21.5819354839
21.705625,21.6221875
22.2880645161,21.5641935484
21.6115625,21.7765625
21.2858064516,21.7753125
21.443125,
