feature6,feature3
110.983030303,108.770909091
114.431515152,111.602424242
111.93882353,112.715428572
112.02117647,113.99030303
116.106666667,113.644848485
112.442424242,113.245882353
