feature6,feature3
27.9594285714,27.5233333333
27.6257142857,28.3514705882
28.3464705882,27.8029411765
27.9464705882,28.7267647059
27.6933333333,27.9488235294
27.30875,
