feature6,feature3
28.4470588235,28.0060606061
28.2680555556,27.9858823529
28.0494285714,28.1952941176
27.6670588235,28.2958823529
27.2366666667,28.03
28.3238235294,28.1208823529
