feature7,feature10,feature8,feature6
16.0718607133,14.8657575758,16.8771212121,15.3180645161
14.73265625,16.6148484848,15.255,14.90265625
16.3171875,16.4903030303,15.1755882353,15.0357575758
14.655483871,15.9789393939,16.64,14.6
16.011875,17.1639393939,16.5887878788,15.2903125
,16.7531818182,16.163125,
,16.4986363636,15.0604411765,
,16.7660606061,15.5184848485,
,15.556969697,15.4201515152,
,,14.913030303,
