feature7,feature6
21.8361290323,21.5778125
21.5221875,21.205
21.8128125,22.324375
20.63,21.5753125
,22.235
