feature10,feature8
0.429336445605,0.356650591058
0.374174573676,0.303410954334
0.309372253473,0.396983357796
0.310491373619,0.316077037036
0.313356664825,0.318782689796
0.300534876392,0.399472703118
0.378435238909,0.36055137628
0.298295008364,0.320450721461
0.342045982999,0.31055016037
0.391669752391,0.31231801246
