feature6,feature3
13.7573220486,13.9493149038
15.2644308036,14.82
14.039609375,12.7396273804
14.4930729167,14.942109375
13.7099759615,14.676796875
14.1577884615,13.8721875
