feature6,feature3
0.381891967233,0.550972209976
5.54422896137,0.2916178248
5.26813571263,0.315616937986
3.97445649158,3.73145311335
0.333676259017,0.321349260568
2.01605015278,3.795140798
1.94531404365,0.322263853031
0.344352828591,0.316857686768
3.31013021456,4.31754675629
0.373943184637,4.01703084347
0.402373445558,0.321302759429
0.324935829522,4.19128547767
0.324466677301,2.45567915656
0.380986786626,0.398845777144
,0.429841216591
