feature10,feature8
32.98,32.2487878788
32.6651515152,33.2651515152
31.6921212121,31.8424242424
32.7496969697,32.5309375
32.2724242424,32.2960606061
31.5917647059,31.9073529412
32.0839393939,32.6627272727
32.1513513514,32.0193939394
32.4978787879,32.9728125
32.6048571429,32.5445454545
