feature6,feature3
28.2951515152,27.7697058824
27.7960606061,27.825
27.3339393939,28.0697142857
28.34,28.0927272727
28.0929411765,27.9894117647
28.1255882353,28.1376470588
