feature10,feature8
24.1515151515,23.9321875
24.0178787879,24.813030303
24.5396969697,24.3084848485
24.1881818182,24.7614705882
24.2655882353,24.1648484848
24.7328125,24.6275757576
24.1590909091,24.146875
23.9882352941,24.3667647059
24.206969697,24.6148484848
