feature6,feature3
0.392057727916,0.303502214244
0.351979924205,0.400874696081
0.315621673489,0.426218839007
0.396693987057,0.417734826715
0.29863079279,0.367616171459
0.327585053296,0.417378074814
