feature6,feature3
19.0555555556,18.0035714286
19.2657142857,20.555
19.08,20.4271428571
20.470625,20.558125
17.646,18.41125
20.494375,17.8675
20.4235714286,18.885
18.9225,19.0838888889
19.2977777778,21.1785714286
18.2827777778,
