feature6,feature3
0.405391999071,0.386766421136
0.317572046784,0.414476278396
0.423715461155,0.415179066159
0.353114514606,0.327152335074
0.31447457841,0.381108161167
,0.401908617556
