feature6,feature3
15.0415151515,14.2286363636
14.4119852941,14.98453125
14.4567647059,14.4448484848
14.6907352941,14.4429411765
14.1277272727,14.3790909091
14.5915151515,15.1438235294
