feature6,feature3
111.291764706,111.117714286
111.285714286,108.304242424
108.215757576,111.538285714
110.168235294,111.217142857
114.876470588,110.694545454
110.451764706,111.545882353
