feature6,feature3
28.3605714286,27.448372093
28.533030303,27.7297142857
28.6502857143,27.8217647059
28.1875,28.3387878788
27.6788235294,28.2163636364
34.3229411765,28.2958823529
