feature6,feature3
28.1994285714,28.2326470588
28.5682352941,28.2029411765
27.5447058824,28.1109090909
28.3467647059,28.7608823529
27.8905882353,28.1794285714
27.4788235294,27.9782352941
