feature10,feature8
15.255546875,14.703030303
15.1615151515,15.3840625
14.8059090909,15.0866176471
14.9349242424,14.723030303
15.4701515152,15.4425
15.5044117647,15.0721212121
