feature6,feature3
27.9785294118,27.4358823529
27.9208823529,27.905
28.1117647059,27.9297142857
28.2309090909,28.1163157895
27.7929411765,27.8541176471
27.7752941176,28.2060606061
