feature6,feature3
115.403636364,112.498285714
113.07375,112.04117647
114.105882353,113.151764706
110.785882353,111.73882353
114.249411765,111.285714286
112.050588235,113.284848485
