feature6,feature3
27.9355882353,27.8564705882
27.7960606061,29.1329411765
28.4448484848,28.0221212121
27.7985294118,28.0761764706
28.0602941176,28.4848571429
27.6438235294,28.5058823529
