feature6,feature3
27.8766666667,28.3470588235
28.3058823529,27.7294117647
27.9864705882,28.1688571429
27.8076470588,28.3855882353
27.7370588235,27.9496969697
27.5966666667,28.2305882353
