feature6,feature3
0.431932655396,0.344675279093
0.343367894589,0.34090591066
0.332743117901,0.35145335011
0.311792745015,0.306366197904
0.319043440277,0.344701361041
0.352168128395,0.304854799727
0.346048257947,0.368979396626
0.371603175516,0.323478284936
0.343707298562,0.391449624648
0.389807734063,0.349505156077
