feature6,feature3
15.1825,15.5237878788
15.47,15.6341176471
15.2941176471,15.2378676471
15.727,15.4311764706
15.7452941176,15.5655147059
15.4063970588,15.9504545455
