feature6,feature3
112.37882353,113.504705882
109.778181818,110.632727273
110.81882353,109.72
109.972571428,110.688484848
110.876842105,108.523428572
109.370588235,111.191764706
