feature10,feature8
28.0963636364,28.98
28.6177142857,28.5790909091
28.5788571429,27.9775757576
28.235,28.4615151515
28.2609090909,27.8067647059
28.0002941176,27.8141176471
