feature10,feature8
0.385771453075,0.388600368442
0.308358673989,0.317228190495
0.312018369656,0.387893490232
0.303362958962,0.402114663314
0.459531015506,0.37576642114
0.399432032664,0.324980423113
0.310133595456,0.311858951286
0.401088313992,0.407120615737
0.295395677692,
0.313018629437,
