feature6,feature3
109.9725,111.593939394
112.7,109.941714286
109.00117647,110.455294118
111.048235294,113.64
109.62,113.608235294
111.030588235,110.628235294
