feature6,feature3
31.1170588235,30.5814705882
30.632,30.1035294118
30.4210638298,30.2397142857
30.1354285714,30.1145714286
30.1419444444,31.2137142857
30.9991428571,30.2937142857
30.9623529412,30.2068421053
31.0371428571,30.4491428571
30.5537142857,30.0733802817
30.7152941176,30.3751351351
