feature6,feature3
28.7,27.5868571429
27.8282051282,28.2658823529
27.5787878788,27.6829411765
27.9958139535,28.2296969697
27.5427906977,28.0967647059
28.7403030303,
