feature6,feature3
109.938285714,111.728235294
112.282051282,112.989411765
113.037647059,112.916470588
115.383529412,112.487058824
112.74,110.583529412
,111.570588235
