feature6,feature3
28.1191176471,28.7267647059
27.9160606061,28.4329411765
28.2691176471,28.4767647059
27.815,27.9045454545
28.0724242424,28.5317647059
28.4118181818,28.2531428571
