feature10,feature8
0.338447680654,0.353386545045
0.344136689712,0.332028088837
0.337081435095,0.354921066462
0.324692733782,0.341188542074
0.359771237097,0.324138644146
0.29692031479,0.326816139764
0.31542795702,0.319534906783
0.342777470136,0.35837280772
0.361110805734,0.302349493907
