feature6,feature3
28.1438235294,28.6473529412
27.7123684211,28.0824242424
28.2147058824,28.2476470588
27.7955882353,28.3423529412
,28.1344444444
,27.9778787879
