feature10,feature8
24.0936363636,24.4924242424
24.3485294118,24.8906060606
23.8778787879,23.8339393939
24.3909090909,24.1490909091
24.9366666667,24.4533333333
25.01,25.6403125
24.3503030303,23.8444117647
24.0460606061,24.9609375
24.3924242424,24.9712121212
23.6566666667,24.8321212121
