feature6,feature3
27.683030303,27.2936363636
27.4805882353,28.0172727273
28.2967647059,27.9588235294
27.8114285714,28.143030303
28.2821875,28.0814705882
28.5164705882,28.4470588235
