feature10,feature8
15.1392424242,14.8548484848
16.8193939394,16.7815151515
15.3643939394,16.8074242424
16.6053030303,15.1348484848
14.8618181818,17.4557575758
15.47625,15.8539393939
16.7329411765,14.9924242424
16.7678787879,15.23390625
17.2421212121,15.6978787879
15.0403030303,15.2757575758
