feature10,feature8
0.323595601993,0.319684398156
0.38143068061,0.36927673995
0.309174535116,0.28132473198
0.310415013028,0.341112441081
0.320268695237,0.328792267005
0.404056962666,0.337369595349
0.332315938526,0.307298117591
0.335285745987,0.358689793054
0.367654800437,0.365236552891
0.416145224867,0.330540139414
