feature10,feature8
0.403026955187,0.332122421535
0.395711328782,0.308978370979
0.299623205938,0.31872921796
0.298880996871,0.365585183722
0.305187815429,0.304603855979
0.31478549682,0.422338030859
0.390116931962,0.334876817919
0.298479287218,0.313599840796
0.30922457724,0.31872976568
0.383791549741,0.313275655762
0.395735457232,0.302862697865
0.356021992425,0.306744990972
0.408029030544,0.29974724179
,0.323831380594
