feature6,feature3
31.5526923077,32.2980645161
28.0461764706,28.4123529412
28.2736363636,28.0287878788
27.913030303,27.6777142857
28.3088235294,27.8745454545
31.6675862069,28.4118181818
29.2038235294,28.4605882353
28.4551515152,31.6952173913
28.1823529412,27.9827272727
28.3305714286,
