feature6,feature3
27.4739393939,27.905
27.5948484848,28.0072727273
27.9847058824,27.6672727273
28.4051515152,27.9694117647
28.1596969697,27.723030303
27.6505882353,28.4263636364
