feature6,feature3
113.025454546,108.917647059
113.854666667,113.274117647
108.551764706,113.167058824
111.908571428,113.488484848
112.962424242,112.52
113.716470588,113.644705882
