feature6,feature3
0.719614672755,0.734472407691
0.784628323381,0.756002975061
0.689970910842,0.91631033158
0.736885086999,0.698188026725
0.780653343191,0.74037617463
0.64719578111,0.754751339988
