feature6,feature3
1.62696386628,1.62304269242
1.62593700717,1.73514479716
1.51936827254,1.72816110684
1.59531879904,1.58343199656
1.63370696695,1.72901459228
1.66796172288,1.65852159353
1.57265200497,1.61605258257
1.73052921712,1.65956641913
1.74368200171,1.6166287582
1.67149981327,
