feature10,feature8
31.6878787879,32.9278787879
32.3060606061,32.9666666667
32.0645454545,32.8060606061
32.6621212121,32.803030303
32.3766666667,32.6684848485
32.7075757576,31.5018181818
32.9603030303,32.7227272727
31.6335294118,32.3848484848
32.6275757576,33.0932352941
,33.0738235294
