feature6,feature3
0.932416766957,0.965719347776
0.913780335441,0.925160180924
0.967671230974,0.896204742647
0.975815417362,0.817877488728
1.01208744097,0.9343776987
0.903024918182,0.907268897688
0.905504303508,0.954746111506
0.789689378546,0.92424171537
0.957317386411,0.970734177341
0.943941389145,0.938134375252
