feature6,feature3
29.2972222222,28.4731111111
28.6388095238,27.9483783784
27.72125,28.6628947368
28.5208108108,28.5269444444
28.7133333333,28.54
28.4275,28.9964864865
28.528,28.4313513514
29.0447368421,28.2347222222
28.7245945946,28.7943243243
28.7033333333,28.3108333333
28.5615789474,28.5486111111
28.5572222222,
