feature6,feature3
14.2381818182,14.6423571429
14.3949285714,15.1395454545
14.805,14.6879285714
14.6046969697,14.4203030303
14.9587878788,14.630530303
14.2690909091,14.6998484848
