feature10,feature8
14.9935294118,15.0090909091
17.13328125,16.1779411765
16.1007575758,15.3602941176
14.815,16.0306060606
16.9518181818,17.4526470588
17.1104545455,16.6221212121
16.1633333333,17.1913636364
15.1419852941,17.5633333333
17.2610294118,17.1769117647
,16.9562121212
