feature6,feature3
28.0720588235,28.2732352941
28.5634285714,28.1711764706
28.2947058824,27.7288571429
28.4038235294,28.1279411765
27.9822857143,28.058
,28.0654285714
