feature6,feature3
22.3176470588,21.7996875
22.57,21.59
21.706875,21.1971875
21.575,21.9103030303
21.2745454545,22.458125
22.1983870968,22.981875
22.7167741935,22.3408108108
21.671875,22.4465625
21.611875,21.2945454545
21.024375,22.100625
