feature6,feature3
27.6962857143,27.9614705882
28.0374285714,27.8222857143
28.02,27.7678787879
27.6394117647,28.1152777778
28.1138235294,28.1211764706
27.7506060606,28.3021212121
27.1835294118,28.296969697
27.7972727273,27.4774285714
27.9670588235,27.956969697
27.6518181818,27.2058823529
27.6470588235,28.3881818182
,27.5582352941
