feature6,feature3
27.9741176471,28.4032352941
28.1947058824,28.063030303
28.0529411765,28.1995121951
27.6655882353,28.0642424242
27.3496969697,27.7612121212
28.1544117647,27.7772727273
