feature10,feature8
27.9294117647,28.6065714286
28.6183783784,28.1258974359
27.2248484848,28.1687804878
27.992,27.8241666667
27.9514285714,28.5017647059
27.9811764706,
