feature6,feature3
0.826550637697,0.757313105121
0.844047499934,0.769643609198
0.859506515049,0.783876616977
0.795560387946,0.82368870793
0.849334353823,0.844220955664
0.783132669003,0.787865359968
0.793802135296,0.839454154514
0.78207819848,0.803823399064
,0.807912433829
,0.784578069568
