feature10,feature8
0.360560251032,0.32002284252
0.332226279132,0.356591182614
0.380179222752,0.321684139965
0.30810025505,0.276736699526
0.321585405384,0.324383280241
0.28803262058,0.31399231914
0.271075978896,0.347535941311
0.325182379951,0.364955635309
0.367708071491,0.355553884779
0.293659458021,0.312336959565
