feature6,feature3
0.359980353561,0.319612189509
0.382939003541,0.322088022592
0.288385414966,0.336307421255
0.318561763822,0.386379705159
0.349181000496,0.350719156217
0.296845320516,0.362615063757
