feature6,feature3
108.172571428,114.493333333
112.957647059,110.215294118
110.016470588,113.607058824
109.563428572,112.602352941
109.330588235,113.003636364
110.968,111.762424242
