feature6,feature3
15.0233823529,14.215
14.4279411765,14.6780147059
14.5429411765,14.33421875
14.3723529412,14.5756428571
14.6544117647,14.52
14.1641666667,14.3893939394
