feature6,feature3
0.378604879224,0.34124036333
0.369373473299,0.420909543388
0.360217773505,0.431752554953
0.332375307491,0.376209689722
0.339138276365,0.337703898846
0.356976560105,0.319544471707
