feature10,feature8
24.2193939394,24.3908823529
24.4951515152,24.5848484848
24.5370967742,24.1157575758
24.7021212121,24.3511764706
24.8663636364,24.6909090909
24.0260606061,23.7736363636
24.276969697,24.96
24.0918181818,25.0042424242
25.1084848485,26.5420833333
