feature6,feature3
0.343126781636,0.392911722845
0.294084111618,0.282627844639
0.337883568183,0.270553089485
0.42487608905,0.364733596053
0.272983235148,0.27556832937
0.46332943908,0.328812753958
0.288293016242,0.318150364378
0.327094951909,0.317090749839
0.410050246924,0.353592942489
0.423463504438,
