feature6,feature3
15.4731818182,15.4727941176
15.0309090909,16.0257142857
15.2657575758,15.7525
15.1833823529,14.9821875
15.3061764706,15.9508823529
15.3843939394,16.2295454545
