feature6,feature3
1.34003484212,0.923202399163
0.997564044497,0.685677418439
0.704396102431,0.631473884867
1.05864879375,1.1103887475
0.720454266383,0.662924885759
0.848982201842,0.841400898619
0.81334504346,1.22328565405
0.710401299642,0.716409438834
0.733014357945,0.670969087733
,0.730089597106
