feature6,feature3
0.336315249462,0.29899895622
0.341485556067,0.303436442279
0.383080949907,0.349590862722
0.340425444194,0.347552696865
0.312334391989,0.322774546872
0.321161925598,0.413320699228
