feature6,feature3
14.6578787879,15.3541428571
14.5327857143,14.8662857143
14.4987878788,14.5347142857
14.6397058824,14.8138571429
14.4116666667,15.0254545455
15.1275,14.8398484848
