feature10,feature8
0.349253229549,0.33895990187
0.326717106035,0.349887949546
0.292417142631,0.350403318409
0.326304910487,0.341770149776
0.356447519333,0.335951273632
0.345406945958,0.347666915067
0.371156332358,0.366250554881
0.36501133364,0.356664956317
0.345273393401,0.337432417614
0.356446088505,0.366360549129
