feature10,feature8
17.0937878788,15.8112121212
17.0545454545,17.171969697
16.1153030303,16.1348484848
17.23,17.3834848485
17.1226470588,17.1707575758
15.5815151515,15.9018181818
18.0001515152,15.1353030303
15.4452941176,15.4935294118
16.9113636364,16.4391176471
17.1804545455,
