feature6,feature3
113.313142857,110.773333333
110.922352941,111.659393939
111.363428572,113.009411765
111.181818182,115.003428572
111.283529412,112.123529412
,110.447058824
