feature6,feature3
124.468235294,122.325882353
122.528,120.414117647
121.684255319,120.958857143
120.541714286,120.458285714
120.567777778,124.854857143
123.996571428,121.174857143
123.849411765,120.827368421
124.148571428,121.796571428
122.214857143,120.293521127
122.86117647,121.50054054
