feature7,feature10,feature8,feature6
24.2648148148,24.0354545455,25.2433333333,22.1316129032
20.6446875,23.9087878788,24.4933333333,21.629375
21.7665625,24.8709090909,23.9326470588,21.6990909091
21.4548387097,24.7327272727,24.4839393939,21.4859375
21.6184375,23.7096969697,24.4175757576,21.845
,23.9848484848,23.7825,
,24.2084848485,25.2576470588,
,24.3136363636,24.2290909091,
,24.7521212121,24.906969697,
,,24.953030303,
