feature6,feature3
27.7389156627,27.8713253012
28.206626506,27.6164634146
27.6338554217,28.1007228916
28.4138554217,28.0185542169
27.5753012048,28.1718072289
27.973373494,27.9990361446
27.9531325301,27.5971084337
27.7304819277,27.3614457831
27.6934939759,28.2325301205
,27.5742168675
