feature6,feature3
0.336294947332,0.355814385104
0.438541821753,0.368129165539
0.333283306942,0.314639597254
0.35194980045,0.320901435947
0.360108676345,0.364919474047
0.371653762855,0.345394991226
