feature6,feature3
27.6868571429,28.0291428571
29.125,27.9884848485
27.3971428571,28.1157575758
28.0508823529,27.7591176471
28.4905882353,28.4202564103
28.4239393939,28.3857575758
