feature6,feature3
0.312633576397,0.371292888159
0.298020715358,0.309877185683
0.318260065103,0.39324901221
0.333572453298,0.290697611503
0.307962692714,0.384505552703
0.306961822593,0.314415481858
0.381562705057,0.327325017811
0.297465121511,0.343106126396
0.318535194136,0.304268256011
0.306582521617,
