feature6,feature3
112.207058824,112.573333333
112.6,111.544
114.442222222,113.709090909
114.788235294,114.296
110.897647059,112.675428572
111.836470588,112.265142857
