feature6,feature3
0.312481536778,0.328439359164
0.290655644851,0.327453071402
0.308571028293,0.318136453975
0.295768143713,0.31830737724
0.334472891532,0.324457173394
0.31358708405,0.313498114437
0.318197973877,0.322949706764
0.334207702841,0.365027983342
0.331437773523,0.305092545045
,0.303032717336
