feature6,feature3
0.329114460514,0.323530321768
0.336952060526,0.326870493169
0.349057629104,0.357686973329
0.306624778651,0.34138630885
0.300641316116,0.353647315384
0.333860963154,0.340397419516
0.333052755322,0.396671110745
0.327904421544,0.294323775052
0.380550692607,0.330040243817
0.326389648389,0.34372579726
