feature6,feature3
113.41625,109.068571428
109.856,112.608235294
113.248235294,112.881212121
110.72969697,112.37875
110.829090909,113.134117647
112.084571428,112.634117647
