feature6,feature3
0.374297311402,0.412207373569
0.370142894278,0.297269139045
0.33441627077,0.431925608618
0.398409074275,0.399545303251
0.388352545126,0.428515083826
0.352282002318,0.394204831172
