feature6,feature3
110.496470588,110.155151515
111.436470588,111.168
112.335757576,112.804705882
112.201212121,112.633142857
,112.562285714
,112.33882353
