feature6,feature3
28.0320588235,27.6557142857
28.1776470588,28.5108823529
27.68,28.0054545455
27.7445714286,28.1302941176
27.9282857143,27.6606060606
27.5302941176,28.0482857143
