feature6,feature3
0.304928659202,0.284723525696
0.295498754846,0.38772652601
0.335041305868,0.322793135379
0.349304819784,0.3759655649
0.374604987261,0.359731480971
0.387908395318,0.360497332736
