feature10,feature8
16.5516666667,15.4256060606
16.5877272727,15.5362121212
15.2424242424,15.4713636364
16.7543939394,15.9115151515
17.0556060606,15.0407575758
15.4381818182,16.2121212121
15.2554545455,15.9510032895
16.6145454545,15.2096969697
16.4724242424,16.1754545455
16.8531818182,
