feature10,feature8
24.5633333333,24.8824242424
25.0245454545,24.7373529412
24.2048484848,24.7429411765
24.0517647059,24.3363636364
23.8654545455,24.7984848485
23.9838235294,24.4587878788
24.5739393939,24.7973529412
24.6126470588,23.8584375
24.9366666667,25.3132352941
23.9448484848,24.9718181818
