feature6,feature3
28.55,27.6623529412
28.5178787879,28.4524242424
28.34,27.7835294118
28.115,28.7988235294
28.1818181818,27.6666666667
,28.1564705882
