feature6,feature3
0.320271875861,0.342914628595
0.361300380812,0.319771252955
0.349574256418,0.349755299926
0.343398999141,0.326713534115
0.344680750902,0.315635856457
0.413025795599,0.298705360747
0.318454824742,0.366387683062
0.330225081064,0.331794202623
0.429067694672,0.395353781527
0.363363486967,
