feature6,feature3
27.8811764706,27.8744117647
28.7844117647,28.5378787879
28.69,27.678
28.1679411765,27.6155882353
28.4054545455,27.8232352941
27.9261764706,28.3685294118
