feature6,feature3
28.4718181818,28.205
27.8174285714,28.7027272727
27.842,28.1917647059
27.9212121212,28.3862857143
27.9067647059,28.0502941176
27.9764705882,27.9388235294
