feature10,feature8
0.379550759858,0.308221665615
0.337276177852,0.426174015387
0.312361192978,0.301318258403
0.417050045035,0.314207255502
0.345677047577,0.319319758211
0.329088119736,0.342592945376
0.374362958107,0.324010491232
0.302702732177,0.31719434315
0.303446665165,0.298936701053
0.343725649137,0.296223083603
0.305004958364,0.329680644487
0.342260561447,0.314078885606
0.30572502011,0.243533871594
0.398811420236,0.399971303228
,0.379261101432
