feature10,feature8
0.348280488351,0.348941870555
0.346241343265,0.354527243823
0.322061330523,0.334751011229
0.332387803145,0.326025668114
0.38060340201,0.333474390803
0.338373074029,0.365517089928
0.314667599123,0.342220381278
0.291512344707,0.336139780494
0.387550081181,0.361376155866
0.330680729467,0.320784502984
