feature10,feature8
0.281830347395,0.379211227065
0.316059459108,0.351495528617
0.316906450707,0.314401796557
0.311338799589,0.313324115999
0.332642640773,0.309585453882
0.340565040039,0.374224549934
0.312000807531,0.345202347638
0.403187490653,0.297766294267
0.39477807037,0.408854456729
0.349187371271,0.311300218327
