feature10,feature8
27.4688888889,28.0920481928
27.9901785714,28.0211111111
28.192,28.0979310345
28.0063043478,27.0617391304
27.4639344262,27.9105405405
28.0184337349,28.0963855422
27.775862069,27.8474698795
27.9794444444,27.7782926829
27.77328125,28.5085365854
27.4479411765,27.754939759
27.7570833333,27.811372549
