feature10,feature8
0.40024892166,0.323952002968
0.391825225518,0.328177672409
0.306104649037,0.426378587568
0.346658966356,0.295293861695
0.368206906799,0.422725942125
0.307471290287,0.397598067617
0.388973508444,0.41836522793
0.306446239961,0.407823257412
0.353354055996,0.310695763704
0.390958660866,0.293233612194
