feature10,feature8
15.9633333333,15.5555882353
15.4547058824,16.9687878788
16.5551515152,17.0813636364
15.1657575758,15.1058823529
15.0763636364,15.5737878788
16.0131818182,15.5424242424
16.1493939394,15.1356060606
15.1118181818,15.7328787879
15.0418181818,15.3125757576
16.9508571429,17.09
