feature6,feature3
1.71464502867,1.46830491028
1.3256362949,1.36692930504
1.15877046871,1.39822124474
1.2606507341,1.07974755028
,1.39262083228
