feature6,feature3
28.2570588235,28.1094117647
28.1326470588,28.1128125
27.9220588235,27.9120588235
27.9585714286,27.6914705882
27.7093939394,27.9696969697
,27.6972727273
