feature6,feature3
20.5989473684,18.8875
17.515,20.965625
19.6614285714,20.19625
19.5228571429,20.5047058824
19.5452941176,18.5695833333
17.2398648649,18.2330769231
21.7678571429,20.5561111111
18.5972580645,19.1688888889
20.9929411765,18.6211111111
18.89975,17.3581428571
