feature6,feature3
15.2633333333,16.9815151515
14.9322058824,16.7675757576
15.5015151515,15.2577272727
15.6560606061,16.7036363636
15.3075757576,15.4329411765
15.3527272727,16.7398484848
15.5606060606,15.8724242424
15.8883333333,16.2576470588
16.5483333333,
