feature10,feature8
28.0370588235,27.7418181818
28.428974359,27.815
28.2605128205,28.0375757576
27.9560606061,28.0541025641
28.1405882353,27.2705555556
,27.1927272727
