feature6,feature3
30.2224242424,30.1848571429
30.0836111111,30.2886111111
29.846,29.7082857143
30.3265714286,30.0579411765
30.0274285714,29.9141176471
30.2641666667,30.2425714286
30.8258823529,30.268
30.1348571429,29.8965714286
30.18,29.8757142857
30.1842857143,30.8594444444
