feature7,feature6
22.078125,21.908125
21.665,20.31
21.2040625,21.685625
22.0496774194,22.0375757576
21.713125,21.9203125
