feature7,feature10,feature6
21.27875,23.1412121212,22.295
21.0878125,24.1715151515,21.3690625
21.555,24.2006060606,22.0940625
21.5940625,24.7861764706,21.7260606061
21.34,24.5996969697,21.3754545455
,24.4942424242,
,23.9675757576,
,24.4520588235,
,24.3712121212,
,24.3075757576,
