feature6,feature3
113.362352941,111.28117647
108.848235294,112.464705882
111.04,114.171764706
111.876470588,114.513939394
111.431764706,111.483428572
110.25882353,112.574545454
