feature10,feature8
17.2910606061,15.0231818182
16.2148484848,15.8415151515
17.1415151515,17.426969697
15.026969697,16.0496969697
16.68453125,16.0737878788
16.3318181818,16.1654545455
15.5617647059,15.7957575758
17.4553030303,15.8543939394
15.8605882353,15.8907575758
15.8279411765,
