feature6,feature3
27.7861764706,27.9179411765
27.7291428571,27.8906060606
27.6161111111,28.5223529412
28.0058974359,27.5635294118
27.9917647059,28.1985714286
28.3686486486,28.5339393939
