feature10,feature8
15.9630882353,15.2013352273
16.2228205128,15.2788352273
15.3750961538,15.2075757576
15.355,15.4407894737
15.9175,15.3313454861
,16.812016748
