feature6,feature3
0.351776580075,0.327334828454
0.360156928214,0.386652017728
0.397174827474,0.313612137631
0.387275050987,0.403503600933
0.32599603114,0.362194534108
0.380357722879,0.340666628233
0.356578138261,0.388170833758
0.334655149048,0.310988016962
0.392981914473,0.32015955952
0.379130617651,0.417483888188
