feature6,feature3
28.0451515152,29.128
27.7294285714,27.725
27.7618181818,28.3579411765
28.4655882353,28.266
28.9648484848,28.103030303
