feature6,feature3
0.380001613254,0.34083443733
0.380877660496,0.336587300039
0.357731492756,0.362290099226
0.340242012078,0.312459714239
0.323900693937,0.348528915585
0.310688329591,0.339509117058
0.34721585838,0.381776363849
0.378856664154,0.376326672393
0.340483124939,0.345199043376
,0.312322071631
