feature10,feature8
32.1581818182,31.3175
32.6109090909,32.795
32.7551515152,31.7872727273
32.4209090909,31.73
32.3836363636,33.0572727273
32.1278787879,31.1621212121
33.165,32.4729411765
32.1342424242,32.6178787879
32.2015151515,32.1242424242
32.255,32.6681818182
33.0506060606,32.0060606061
32.1860606061,32.8697058824
32.6854545455,32.0982352941
32.6194117647,32.783030303
,31.7715151515
