feature6,feature3
0.339058985798,0.268081708603
0.385770589875,0.422955176187
0.371576883371,0.337984978875
0.286832504712,0.325139435272
0.31584547737,0.359057301231
0.304432262934,0.30116422904
