feature9,feature8
0.32073041257,0.27701879484
0.347418362307,0.300600142737
0.31272450948,0.334134371406
0.310419286161,0.320734038385
0.308664825926,0.333247015369
