feature4,feature10,feature3
21.846875,24.2884848485,21.6734375
21.1581818182,24.6172727273,21.6328125
22.0484375,24.5663636364,22.2028125
22.23,24.3709090909,22.064375
,25.1209090909,
,24.8748484848,
,24.5709090909,
,23.561875,
,24.1967647059,
,25.5278787879,
