feature6,feature3
0.388286602177,0.226575741399
0.295861017196,0.297175960324
0.259996717274,0.259123711104
0.28132688554,0.355235922663
0.276687995284,0.361257560926
0.309342966198,0.334121689943
