feature10,feature8
0.308126190678,0.343648200203
0.343042748922,0.341337004496
0.370697410511,0.349668945596
0.322511816493,0.318255794205
0.343890078116,0.3493997907
0.352126876877,0.336783826912
0.314551633991,0.330318495158
0.321314719303,0.344035411019
0.345333384526,0.346623759401
0.380146271587,0.327915365156
