feature6,feature3
14.0086363636,14.7472727273
14.2186363636,14.1046875
14.3502205882,14.3920588235
14.3191911765,15.0989393939
14.2925,14.5463235294
14.3775735294,14.8742647059
