feature6,feature3
21.9784375,21.5234375
22.961875,22.5846875
22.3874193548,21.5487096774
22.1519354839,22.1859375
22.3151515152,22.0341935484
22.4216129032,21.6061290323
22.2490322581,21.988125
22.763030303,21.70625
22.6561290323,21.7709375
22.603125,
