feature9,feature10,feature8
15.729375,15.6321212121,16.6225806452
15.2525,16.4576470588,15.8846875
15.37078125,15.23,16.5259375
15.03203125,15.3765151515,16.551875
16.41703125,15.2384848485,16.3106451613
,15.1155882353,
,16.7982352941,
,15.235,
,15.9628787879,
,16.9396969697,
