feature6,feature3
110.677647059,112.027878788
112.369411765,108.92117647
112.69882353,112.155151515
110.711764706,113.84
110.460606061,113.804848485
111.363636364,114.347058824
