feature6,feature3
22.2164285714,22.2592857143
20.6696428571,20.8239285714
21.6086206897,21.3842857143
21.7828571429,22.2421428571
21.5989285714,21.4832142857
22.5255555556,22.0517857143
21.9967857143,22.5057142857
21.724137931,21.8560714286
21.3978571429,21.8592857143
21.6982142857,22.6678787879
