feature6,feature3
27.7035294118,27.7066666667
27.5414705882,28.5381818182
29.658,27.6712121212
27.8835294118,27.6190909091
28.1441176471,27.9209375
27.8993939394,28.2088571429
