feature6,feature3
28.0533333333,27.7111428571
28.2557142857,28.7974285714
28.7772727273,27.6009090909
27.96,27.8539393939
28.7897058824,27.6429411765
28.3475757576,28.3327272727
