feature10,feature8
28.1946376812,28.6092307692
29.3905882353,27.678
28.8264,28.5307692308
27.6434285714,28.2126470588
28.5313793103,28.529047619
28.1128395062,
