feature6,feature3
14.9560606061,14.9403030303
14.7108823529,14.5176470588
14.5568181818,14.8955
14.1625,15.1281818182
14.514375,15.3326428571
14.2455882353,15.325625
