feature6,feature3
109.502857143,110.29882353
111.274117647,112.072941176
111.852941176,114.418181818
112.034117647,111.292571428
114.018285714,111.578285714
110.818285714,111.870588235
