feature6,feature3
14.6472727273,14.4902941176
14.5145588235,14.3480882353
13.7740909091,14.1438709677
14.3908823529,14.4175
14.0387142857,14.2415151515
15.0193939394,14.3347142857
