feature6,feature3
0.397103478825,0.341566952246
0.408262832314,0.348427047251
0.391605953871,0.352340486701
0.349289586724,0.308069047061
0.401683878969,0.358502609177
0.32960445468,0.434780205909
