feature10,feature8
31.9175757576,32.456969697
32.7394117647,32.6545454545
33.3903030303,33.6225
32.1896969697,32.1691176471
32.3366666667,32.9681818182
32.0642424242,33.2493939394
33.0475757576,32.3512121212
30.9578787879,32.0990909091
31.395625,31.6315151515
31.8831578947,32.5663636364
