feature10,feature8
15.6348484848,17.1389393939
16.4457575758,17.6910606061
16.3816176471,16.1327941176
15.2512121212,17.2814705882
15.5715151515,17.1764705882
15.5251470588,15.1289705882
16.9112121212,16.0190909091
15.5648484848,15.7233333333
15.0846969697,
