feature6,feature3
27.6757142857,27.3764705882
27.8084848485,27.8360606061
28.1391176471,28.1693939394
27.4588571429,28.3115151515
27.7088571429,27.9590909091
28.1071428571,28.216969697
