feature9,feature8
22.3509375,22.2319354839
21.2371875,22.3078125
21.8096875,21.565
21.5134375,22.29
21.8171875,21.8922580645
