feature6,feature3
14.4812142857,14.3368571429
14.8254411765,15.1945714286
14.2617142857,14.7266911765
14.3837878788,14.9295454545
14.6554411765,15.332
14.128030303,
