feature6,feature3
27.9933333333,28.0165714286
28.2047058824,28.2112121212
27.9129411765,28.0147058824
28.3778787879,28.2623529412
28.7414285714,28.2461764706
27.8627777778,28.0893939394
