feature10,feature8
27.3951515152,28.4118181818
28.0967567568,27.5778571429
27.9645454545,27.6702941176
27.9920588235,28.8945454545
27.7990909091,28.1794117647
27.9014705882,28.0617647059
