feature6,feature3
110.16117647,111.121142857
112.313142857,111.990588235
110.076470588,113.010285714
111.68,110.692121212
113.475151515,111.667428572
,110.490588235
