feature4,feature3
16.63703125,16.469375
15.4175,14.6840625
15.00828125,16.6665625
15.71,14.6878125
