feature6,feature3
0.362857804533,0.362346283682
0.350202120738,0.322091872673
0.3984339829,0.327944331685
0.32976915479,0.33224834595
0.340144320876,0.344588469527
0.370685468096,0.351770999328
0.397399234385,0.298258564535
0.392743321521,0.322768494651
,0.304235546498
,0.40006543964
