feature10,feature8
111.627428572,112.103030303
113.733333333,113.455757576
114.265882353,116.04
112.266285714,114.187368421
113.790857143,111.62
