feature6,feature3
27.3206060606,28.1363636364
28.2102941176,28.3291176471
28.6517142857,28.6214705882
27.9205714286,27.7102941176
27.9852941176,27.96
27.8397142857,28.1634285714
