feature10,feature8
24.9618181818,24.1709090909
24.5620588235,24.3885294118
24.4203030303,24.25
24.6278787879,24.6606060606
24.4981818182,24.7681818182
24.1220588235,24.8418181818
24.4514705882,24.026969697
24.915,24.3025
24.5566666667,24.6635294118
23.8540625,24.2911764706
