feature6,feature3
0.340662337639,0.387164020694
0.320546412227,0.392735335513
0.348205302659,0.331820083511
0.315423610936,0.352671134403
0.385832245388,0.315832378668
0.313044556148,0.315417214044
0.320898925995,0.304936134777
0.369438487537,0.333030238743
0.389873606871,0.305231892414
,0.35902528778
