feature6,feature3
28.440625,27.5096875
28.2909375,27.9751428571
28.0878125,28.4440625
27.9436363636,27.9245714286
28.0053125,27.6651515152
28.0209375,28.303030303
