feature11,feature10,feature8
0.335904974733,0.354482676148,0.35457860067
0.31684791776,0.327729278549,0.303461792591
0.323568810274,0.322205542405,0.321327523086
0.326845417515,0.334166235394,0.299894475312
0.311448922854,0.321222160112,0.360276655566
,0.359125355794,0.362724493511
,0.357393160818,0.299027803407
,0.338670181774,0.337939436046
,0.348423590721,0.373488540438
,0.343446982914,0.321435284385
,0.332969239255,
,0.296712979683,
,0.318905884518,
,0.310645316558,
