feature10,feature8
0.294118095771,0.37874106828
0.384103545877,0.395016958638
0.361316441965,0.298009697851
0.412471114341,0.390576423394
0.250346407613,0.414086092142
0.30208340531,0.386645802238
0.314835123357,0.327570994222
0.303239014925,0.360128714778
0.407182651747,0.300053441516
,0.301515321841
