feature7,feature10,feature6
21.8361290323,24.815,21.5778125
21.5221875,25.5851515152,21.205
21.8128125,24.7421212121,22.324375
20.63,24.6090909091,21.5753125
,24.9366666667,22.235
,23.78625,
,24.2636363636,
,24.7609375,
,24.3503030303,
