feature6,feature3
27.9676470588,28.1151515152
28.746969697,27.8594117647
28.7352941176,27.4160606061
27.4332352941,28.2488235294
27.706969697,28.590625
28.0981818182,27.936969697
