feature6,feature3
0.436031874511,0.671697773891
0.548465975943,0.437159139881
0.477109511013,0.408220559423
0.446331737698,0.614168894823
0.532334429434,0.543144480647
0.474922185693,0.540491501133
0.520686007325,0.611275031769
0.558108100282,0.491220297888
0.502498141806,0.560509053826
,0.58758816506
