feature6,feature3
0.41349206067,0.314413231382
0.300610369869,0.432726385238
0.36100626361,0.353495157111
0.342666404552,0.406708909663
,0.335778225858
,0.315181098086
