feature6,feature3
14.4014224138,15.485462963
14.3547222222,14.3337962963
14.4753472222,14.9890625
15.669137931,14.5515322581
14.7376785714,16.3237580819
14.473359375,14.5310833333
16.3251851852,15.073671875
15.339609375,15.5847413793
15.9,16.1825
,16.6054310345
