feature6,feature3
1.33850583762,1.29504980887
1.39526444161,1.33222585531
1.34991284422,1.37104634209
1.31081211092,1.29871667274
1.3051141623,1.26569839525
1.32379183741,1.37338254464
1.36863422828,1.34430617771
1.2835748989,1.35729847738
1.3066310056,1.31233579558
