feature6,feature3
112.985142857,112.613714286
110.829411765,113.273939394
110.16969697,111.648484848
111.644848485,111.04
112.828235294,110.844848485
111.211764706,111.805882353
