feature10,feature8
31.9539393939,32.6040625
32.9903030303,32.9209090909
33.2296969697,32.3660606061
32.9893939394,32.3639393939
32.4763636364,32.6012121212
33.5028125,33.5281818182
33.0864102564,33.1117647059
32.0952941176,32.8709090909
31.5655882353,33.0872727273
32.0278787879,32.5061764706
