feature6,feature3
22.9346153846,22.7609090909
22.04,22.39
23.0633333333,21.35
21.5492307692,21.9790909091
22.0666666667,22.4066666667
22.3384210526,22.6475609756
23.2,23.7118181818
21.8066666667,20.2366666667
22.33,23.71
,24.5733333333
