feature6,feature3
0.369650399812,0.331629042587
0.324321253332,0.443402578781
0.37372711715,0.341691343262
0.359945780788,0.32741471485
0.327420737283,0.332168046113
0.325610664304,0.340254900725
0.363139309892,0.417902988944
0.350870735657,0.40523059542
0.325788722446,0.343912518192
0.432698840817,0.465720933274
