feature6,feature3
28.0423529412,28.1424242424
27.9512121212,28.165
26.9342857143,27.7987878788
27.8697058824,27.3955882353
27.7464705882,28.3194285714
28.0203030303,27.9291176471
