feature6,feature3
15.1183823529,15.1455769231
15.2179411765,14.9986764706
14.7872058824,15.3026515152
14.4646875,14.8389705882
14.9338235294,15.4615151515
15.6971212121,15.4319285714
