feature9,feature8
14.9740625,16.9593548387
14.8832258065,15.41609375
15.2359375,15.6028125
15.05453125,14.5609090909
15.23375,
