feature10,feature8
110.872941176,113.224242424
111.055757576,110.970588235
112.135294118,112.877714286
114.306341464,115.21882353
111.685714286,112.032727273
110.573333333,113.695757576
