feature6,feature3
15.206875,15.4425
16.585625,15.3503125
16.5185483871,14.77078125
15.228125,16.5609677419
15.7277419355,15.454375
16.4209375,15.7880645161
15.4270967742,15.0241935484
16.0732258065,15.1616129032
15.2320588235,15.9378125
16.4651515152,15.1090625
