feature10,feature8
15.8724242424,15.2881818182
15.21,16.5018181818
15.6457575758,16.8475757576
15.5210606061,16.8598484848
15.7518181818,14.8853030303
15.381875,16.8883333333
17.115625,15.9748484848
16.4291176471,14.9635294118
16.6990625,16.9489393939
16.8765625,15.1895588235
