feature10,feature8
0.395061098245,0.356637678851
0.402521907268,0.342064754298
0.313155766249,0.330927174612
0.298481433944,0.31497718168
0.32672011092,0.338476895136
0.403805277131,0.378171248478
0.330273646955,0.297617355023
0.301964426338,0.333777944665
0.301055221,0.30859984598
0.391795096878,0.306734630641
