feature6,feature3
28.2815151515,28.1121212121
28.0561764706,27.9929411765
28.0718181818,27.9991176471
28.0897058824,28.6932352941
27.6667647059,27.8594117647
28.3515625,28.1164705882
