feature6,feature3
27.3282352941,27.9967647059
27.0062857143,27.6263636364
27.6,27.8355882353
28.1505882353,28.2847058824
29.0,28.2997142857
27.8475757576,28.1262857143
