feature6,feature3
30.305483871,30.216875
30.25375,30.855
31.17875,31.685
31.341,31.09375
31.4051515152,31.72375
30.4741666667,30.7353333333
29.772173913,31.2864705882
31.505,30.1236666667
31.05875,30.5967741935
30.976,30.41375
