feature6,feature3
27.626969697,28.0267647059
27.9571875,27.6854285714
28.0825714286,28.065
27.6638235294,27.8560606061
27.6208823529,27.7951428571
27.6711428571,27.8391176471
