feature6,feature3
27.8535294118,27.7745454545
27.1179411765,27.951875
27.8079411765,28.0075
28.2557142857,27.9566666667
27.8436363636,27.2677142857
28.143030303,27.9067647059
