feature6,feature3
27.3996969697,28.73
27.9408823529,28.0655882353
27.9945454545,28.0964705882
28.198,27.71
27.6475757576,27.786
,28.6048571429
