feature4,feature10,feature3
21.2393939394,24.5290909091,21.8328125
21.6,24.886969697,21.275
22.399375,24.0424242424,22.0380645161
22.1625,24.086969697,21.8534375
21.4146875,24.1036363636,
,24.0984848485,
,24.6724242424,
,23.9672727273,
,23.8875757576,
,24.3315151515,
