feature10,feature8
0.355686040654,0.363121866384
0.327200507888,0.321740834231
0.374473264551,0.364307061056
0.337311369448,0.385997142277
0.312246864865,0.327990322553
0.304493610068,0.364700144007
0.33059280494,0.344641019497
0.326888522772,0.31447059986
0.311973057031,0.321218112067
0.338482603621,0.35314080487
