feature6,feature3
21.806969697,22.725483871
21.2651612903,22.5464516129
21.8319354839,22.5902941176
21.3642424242,22.54
22.0406451613,21.2325
21.7532258065,22.8853125
21.7316129032,21.9884375
22.2153125,21.5141935484
21.7780645161,21.7740625
22.1541935484,
