feature10,feature8
0.311262683048,0.377044878458
0.394546868477,0.307220952869
0.328450197175,0.309978342003
0.305759920588,0.30441403002
0.319057125821,0.304743662488
0.385267641576,0.323748839833
0.398611322186,0.310272367166
0.400617734494,0.395988744887
0.386893712507,0.309650865659
,0.306586476828
