feature6,feature3
33.6935294118,32.7579411765
32.9963636364,32.8467647059
33.8947368421,33.1967647059
33.9275,32.375
34.0494285714,33.6672727273
33.3688888889,33.4975
33.5870588235,33.8091666667
32.7654285714,33.1463888889
32.8561111111,33.0419444444
33.6607142857,
