feature6,feature3
22.2490625,21.74
22.8928125,22.9816129032
23.2103225806,22.25125
22.0028125,22.46375
23.2183870968,22.9646875
23.1835483871,22.0260606061
23.1029032258,22.8339393939
22.4296875,22.6048484848
22.3274193548,22.5559375
22.6790625,22.2409677419
