feature6,feature3
29.1758333333,27.3694117647
27.3493939394,28.2468571429
27.7012121212,27.8911764706
27.3873529412,28.2784848485
27.9987878788,28.2538235294
27.7771428571,
