feature9,feature10,feature8
0.314329537496,0.36292406886,0.317479947475
0.330583082963,0.329310227545,0.33116905269
0.329222362681,0.357570621011,0.310280863132
0.323129163159,0.329104418781,0.297914184008
,0.330013619695,0.351868210024
,0.341607223179,0.334707641076
,0.333530778434,0.358513403173
,0.346537733304,0.363667577947
,0.341925770346,0.326756544054
,0.370871208242,0.345068468623
,,0.351783868099
,,0.335977856588
,,0.346099821264
