feature6,feature3
27.7670588235,28.0520588235
27.5963636364,28.0397142857
28.275,27.6585294118
27.7403030303,28.5406060606
28.1875757576,28.3190909091
28.0551428571,28.2411764706
