feature10,feature8
29.6276923077,28.0165
29.0030769231,28.0991666667
29.6678571429,27.819
29.0635294118,29.0171428571
29.0718181818,29.450625
28.464,28.6542105263
