feature4,feature10,feature3
21.12625,23.9912121212,22.1842424242
21.9375,23.746875,21.586875
21.2828125,23.8444117647,21.835625
21.8640625,24.9236363636,21.686875
,24.5242424242,21.845625
,24.2021212121,
,24.1818181818,
,24.3152941176,
,23.6963636364,
,24.0578787879,
