feature10,feature8
16.8009090909,16.9851515152
15.3045454545,15.3956060606
16.6363636364,15.2546969697
16.5469736842,16.8301515152
15.6739393939,15.9384848485
16.845625,15.6224242424
15.9503030303,15.3089393939
15.7245454545,14.9010606061
17.4892424242,15.2906060606
,15.8042424242
