feature10,feature8
27.4938461538,28.57625
27.7614457831,28.20225
28.273030303,28.0587671233
28.0784337349,28.8847058824
28.2377777778,28.5644578313
,28.076984127
