feature6,feature3
27.5402941176,27.7802857143
28.0782857143,27.9976470588
27.5191176471,28.2525714286
27.92,27.673030303
28.3687878788,27.9168571429
,27.6226470588
