feature6,feature3
1.39475858916,1.41568057637
1.4001726557,1.39019127858
1.38517851759,1.51840812465
1.41380143493,1.38592808426
1.34467185801,1.42124778019
1.39549220397,1.40742457006
1.46765033306,1.41758150004
1.44181101898,1.37216909074
1.4892517665,1.47344226913
1.42171191216,
