feature6,feature3
21.7557575758,21.991
21.5466666667,21.9403333333
22.5117241379,22.1853125
22.3863333333,22.3
21.9582758621,21.9565517241
22.096,21.8224137931
22.2433333333,22.0026666667
22.4020689655,22.3313333333
21.9965517241,
