feature6,feature3
110.574117647,110.758787879
111.093333333,112.694857143
109.87,111.636470588
110.231515152,112.173714286
112.470588235,112.227878788
111.198857143,112.934117647
