feature6,feature3
111.973333333,112.066285714
112.81882353,112.844848485
111.651764706,112.05882353
113.511515152,113.049411765
114.965714286,112.984705882
111.451111111,112.357575758
