feature6,feature3
109.398857143,111.051764706
110.184,112.378888889
110.056,110.783529412
109.871764706,112.63882353
109.655294118,111.80969697
110.909411765,111.290588235
