feature6,feature3
0.358020032028,0.303534325617
0.363201391509,0.389857530316
0.359819103434,0.299109627052
0.267483082227,0.267971919512
0.336642965239,0.347307672878
0.294058938503,0.404582559823
