feature6,feature3
113.33882353,112.752941176
112.036363636,111.45882353
112.021818182,110.643636364
110.230857143,110.555294118
111.902352941,111.683636364
113.347878788,110.56
