feature4,feature3
0.240243729216,0.188099822876
0.35945636408,0.317033581454
0.266567322011,0.238481360955
0.282890031982,0.207935509474
0.248355392123,0.311388617277
