feature10,feature8
24.63,24.2848484848
24.6115625,24.4787878788
24.2184848485,25.063030303
24.0439393939,24.0793939394
24.5423529412,24.4027272727
24.6687878788,24.93
24.046969697,25.0623076923
24.3721212121,24.5339393939
24.466969697,23.8890909091
24.0766666667,24.758125
