feature6,feature3
0.331661979997,0.438607607813
0.311214650814,0.440483684571
0.359414708529,0.320747925458
0.317810564816,0.357931590575
0.320296766544,0.408615192123
0.335308309086,0.408950793135
