feature10,feature8
28.6017142857,28.3711764706
27.975,28.1
27.7712121212,27.9964705882
28.3163636364,27.7203125
28.7136363636,28.1693939394
28.2447058824,27.9105882353
