feature9,feature10,feature8
21.815625,24.373030303,21.5996875
21.910625,24.4339393939,22.1659375
22.3577419355,24.3627272727,21.2151612903
21.6659375,24.7942424242,22.184375
,24.7727272727,24.1366666667
,24.2721212121,24.2879411765
,22.8463636364,24.356969697
,24.3518181818,24.1390625
,24.0687878788,24.2851515152
,24.5624242424,24.2506060606
,,24.6196875
,,23.2387878788
,,24.6951515152
