feature6,feature3
28.1621052632,27.8634285714
27.6023529412,27.5708571429
28.2258823529,28.1281818182
27.4796875,28.2042857143
27.9857575758,27.8806060606
27.8503030303,
