feature6,feature3
0.427704632545,0.396406584401
0.303047161069,0.375424867671
0.420708574205,0.444374665445
0.326942727263,0.309820466135
0.315813675545,0.314201905964
0.399488673559,0.441773158297
