feature6,feature3
0.353812688683,0.359068612716
0.309778397483,0.299035336034
0.342826383208,0.34442125513
0.337307155896,0.349120180328
0.346586185551,0.300772940791
0.28181812112,0.312428253446
0.336611047893,0.344174209052
0.3268591585,0.297344671005
0.34844282813,0.335902643259
0.296178287704,0.345276018187
