feature10,feature8
32.4048484848,33.3512121212
32.8091176471,32.6887878788
32.9712121212,31.6428125
32.6406060606,32.7657575758
32.2018181818,32.1052941176
32.9087878788,32.3648484848
32.3093939394,32.4903030303
32.2327272727,32.1821875
31.9459375,32.5347058824
,33.3006060606
