feature10,feature8
0.370319875028,0.356077818287
0.358464107144,0.358185448338
0.318593984133,0.310317865176
0.354881954638,0.352270449214
0.305301204363,0.342616495222
0.348342381125,0.372008141236
0.351505005927,0.339402901757
0.357130577283,0.339778621718
0.344996461379,0.363933813006
0.336947582637,0.346129780814
