feature6,feature3
0.433225457308,0.348451353414
0.427129820018,0.426645119851
0.356503654873,0.434816860884
0.465261991631,0.43371173028
0.43227616921,0.298971397446
0.445957445584,0.448072982187
0.314158318132,0.331903201663
0.433490375823,0.268857789341
0.30952201281,0.29827375002
0.3125658474,0.451125339967
0.364274845933,0.325169980879
0.332153087347,0.339604470987
0.239626030809,0.325917462723
0.315751600795,0.325253182878
0.304351221879,0.305115251726
0.322940635071,0.347014134413
