feature9,feature8
0.307615539792,0.340054368855
0.319617191015,0.369211314496
0.298813203243,0.330086362481
0.332083582652,0.322365951455
0.319917387939,0.324440073562
