feature6,feature3
28.9920588235,28.4494117647
27.4611428571,28.3103030303
28.435,28.3677142857
28.3642424242,27.7908571429
28.6352941176,28.6952941176
,28.7582857143
