feature6,feature3
13.9979411765,13.9975714286
14.2811785714,14.8996323529
14.0906060606,14.8399242424
14.0876470588,14.3850714286
14.3092647059,14.5158823529
14.0808823529,14.8036363636
