feature6,feature3
0.44748642012,0.346774070703
0.315880888737,0.34008809791
0.336203792079,0.332863818759
0.387492062165,0.315011865275
0.349297520819,0.350672481581
0.384159698953,0.377677740282
0.44483110206,0.358717384706
0.345885768984,0.323555154017
0.366551503642,0.349232171013
0.348463710332,
