feature6,feature3
114.973333333,109.620606061
112.138181818,110.01882353
112.312727273,112.135294118
114.915151515,111.436470588
112.364848485,110.998787879
111.905882353,110.835
