feature11,feature10
15.4463636364,14.9872727273
16.495,16.5906451613
17.2271875,15.26390625
15.7192424242,15.6311764706
