feature6,feature3
1.39674627865,4.75036475343
1.44114430828,1.40985910783
3.59019049099,0.666305017057
4.36151342472,1.31641301848
1.23455849159,1.35447353652
1.42981404704,1.39368615311
3.42953725315,3.02855711696
4.24625561834,3.39742560289
1.43231296132,3.22560995332
3.88079494341,1.05259356199
