feature6,feature3
0.31169289454,0.302923848665
0.28878477756,0.310559597388
0.306978723325,0.291895793593
0.281140633072,0.295262008287
0.301026813979,0.322087455999
