feature10,feature8
23.8027272727,24.4229411765
24.6403030303,25.1157575758
24.020625,24.5272727273
24.5387878788,23.373125
23.8348484848,23.1621212121
24.4721212121,25.0145454545
23.9290909091,24.7890909091
24.8512121212,25.3375757576
,23.9117647059
