feature10,feature8
28.3403030303,28.4508823529
28.446,28.2290625
28.22275,28.6638235294
28.2114634146,28.1020588235
27.9775757576,28.4708108108
27.63,27.998
