feature6,feature3
14.5189362981,14.6014863281
16.5255113636,16.649921875
14.862792016,13.8606586914
15.69,15.1984895833
15.6191999252,14.494124814
15.2006960227,14.1697235577
16.4747991071,16.4501065341
16.3618075284,14.2829600894
14.6689550781,13.7988275506
13.8276455688,13.9395442708
14.5253480114,14.6748733956
14.7240264423,14.8302901786
