feature6,feature3
27.493125,27.8984848485
28.175,27.4854285714
27.2502941176,27.6138235294
27.7620588235,28.41
27.405,28.4020588235
27.7576470588,27.6570588235
