feature10,feature8
28.3941666667,28.6663636364
27.9831428571,27.4057142857
27.1085714286,28.0920588235
27.7634375,27.9905128205
28.405,27.4873529412
28.0222857143,28.4323529412
