feature6,feature3
0.338393538055,0.364015570412
0.337591356921,0.374353760265
0.350129491919,0.333997296411
0.379479166395,0.388846752578
0.351026329553,0.329298981104
0.34163256867,0.356605342811
0.375027908128,0.376282267719
0.32578020414,0.326956729628
0.353811720214,
0.376396568369,
