feature6,feature3
21.7878125,22.329375
22.275,22.1380645161
22.0367741935,21.0203225806
21.52625,21.418125
21.9503225806,22.1090909091
22.6709677419,22.314516129
21.6112903226,21.4059375
21.8864516129,22.9322580645
21.738125,21.5865625
22.1464516129,22.1383870968
