feature6,feature3
1.21627845476,1.33984793869
1.20138608562,1.22057735289
0.985930870002,1.33465828461
1.17192612744,1.23116365853
0.992320115932,1.28993746852
1.03953884596,1.29173504879
1.18678322933,1.35203636189
1.31416905964,1.0526739559
1.47493886495,1.18366913712
1.31136324344,1.28799570163
