feature10,feature8
16.1195454545,14.8742424242
16.258125,15.7113636364
18.382,16.1559090909
17.0756060606,15.72
17.0134848485,16.0334848485
15.1860606061,17.3077941176
17.2209090909,17.3775
15.5371212121,16.3343548387
17.2654545455,15.3751515152
