feature6,feature3
28.3905882353,28.8917647059
28.5161764706,28.7248484848
28.0102941176,27.6766666667
28.6265714286,28.1335294118
28.3687878788,27.7561764706
,28.0494117647
