feature10,feature8
32.7784848485,32.5478787879
33.2138235294,32.375
33.1633333333,31.7203030303
32.7439393939,32.8560606061
31.4475757576,32.366969697
31.9763636364,32.5908823529
32.336969697,33.4375757576
32.2251515152,32.3406060606
32.2109090909,31.8487878788
32.7403030303,32.2621212121
