feature10,feature8
0.360254952513,0.380081483327
0.372861792141,0.336063414691
0.335578366464,0.353381637803
0.340115766476,0.334367518031
0.352389789047,0.334856204668
0.324389293079,0.389437158919
0.334816630435,0.328209609235
0.346122946622,0.319781856918
0.331981913488,0.357062800846
0.342104557679,0.354569015363
