feature6,feature3
28.0570588235,28.1176470588
28.0820588235,28.3377142857
28.4160606061,28.1073529412
28.0790909091,28.3290322581
28.11,28.8188235294
27.6788571429,27.8991176471
