feature6,feature3
21.5965,21.2245
22.0675,21.638
21.537,22.3655
22.39,22.048
21.9238095238,22.0547619048
22.717,22.0225
21.731,23.153
21.8865,22.177
21.2085,22.298
21.9533333333,22.280952381
