feature6,feature3
28.2148484848,27.9185294118
28.2220588235,27.7255882353
27.8977142857,28.1821212121
28.6772727273,28.4226470588
28.1576190476,28.8361764706
27.392,
