feature10,feature8
32.400625,32.3575757576
31.5824242424,33.1218181818
32.9212121212,32.0378787879
32.1803030303,32.743030303
32.3584375,33.2178787879
32.5236363636,33.2866666667
32.1573529412,33.3484848485
32.8735294118,32.4242424242
32.9933333333,33.5345454545
32.8555882353,33.3452941176
33.0012121212,32.1355263158
31.8539393939,33.3736363636
32.5881818182,32.5633333333
32.6636363636,32.7182352941
,32.2797297297
