feature6,feature3
21.9753125,22.0906060606
21.9661290323,22.1929032258
21.751875,21.1861290323
21.2396774194,21.2140625
21.4229032258,21.8116129032
21.994516129,21.8403225806
21.8122580645,21.865625
22.4503125,22.1248387097
21.3487878788,22.6690322581
28.2297142857,22.0515625
27.7458823529,27.8747058824
27.8935294118,27.9978787879
27.9051515152,27.9503030303
27.8111764706,27.8514705882
,28.3125714286
,28.1694117647
