feature6,feature3
28.3908823529,27.9566666667
27.9626470588,27.8597058824
27.6706060606,28.1811428571
28.3724242424,28.0138235294
27.5914285714,27.9567647059
28.3151515152,27.7929411765
