feature6,feature3
16.419375,16.8590322581
16.4043548387,14.971875
15.3301515152,15.01953125
16.8903225806,17.6782258065
14.9715625,14.7385483871
15.16796875,16.5746875
15.4634375,15.28609375
14.7525806452,16.5525
15.11953125,15.2012903226
,15.7611290323
