feature6,feature3
2.1711114188,1.90147429003
2.0071710688,1.97702999331
1.82266404063,1.75699876519
1.86347508805,2.02298741211
1.80069142855,1.93107099497
1.77554949241,1.84941730912
2.06666811884,1.9921502316
1.97610522298,2.01811972033
1.88895493354,1.89631370001
1.94812654763,2.05394631001
1.96743109609,1.94222562014
,2.02822451624
