feature6,feature3
17.9572222222,18.5121428571
19.2725,19.696
18.8653571429,19.64625
20.6792857143,19.3921428571
18.477,19.7727272727
18.9165789474,19.9
19.2927777778,17.9017307692
19.03375,20.2884615385
18.3523076923,18.8427272727
19.370625,
