feature10,feature8
0.323572304449,0.344640170499
0.334840247335,0.327111265777
0.288904892217,0.349484036237
0.334988795495,0.367935330591
0.298143562587,0.347650953679
0.319894931534,0.323196886463
0.363473395805,0.378479282881
0.354187422447,0.308820399612
0.373937723899,0.339139075219
0.34197560706,0.3538381069
