feature10,feature8
28.2831428571,27.8738235294
28.1433333333,27.7336842105
28.0439473684,28.4078787879
28.4142424242,28.6891428571
27.6571428571,27.7793333333
27.972,27.7319444444
