feature6,feature3
1.01849950266,0.818400351641
0.725742988658,0.893071816067
1.13418754899,0.62942300936
1.05767512269,1.35799621878
0.69417741688,0.705331160873
