feature6,feature3
0.359721381422,0.411695508456
0.319835245936,0.314302154776
0.432703591339,0.398891098661
0.402817901697,0.332403175474
0.236503685324,0.307678760561
0.403560696084,0.331481893451
