feature6,feature3
111.425454546,114.195151515
112.15030303,112.464705882
113.536,112.7625
111.408484848,111.927058824
111.848235294,113.363636364
,112.814545454
