feature6,feature3
30.2524242424,30.646875
29.825,31.1551515152
30.9552941176,30.3123529412
30.0933333333,30.0527272727
30.6052941176,30.318125
31.5681818182,30.3196969697
31.1463636364,30.6354545455
31.0773529412,29.986875
30.9811764706,30.0482352941
,29.5027272727
