feature10,feature8
0.377001203901,0.293118571855
0.343525274562,0.337933893143
0.326214025249,0.330739285814
0.309585187147,0.302761530782
0.333227024356,0.388145127109
0.335233170988,0.316052608107
0.350459058818,0.36538792249
0.339507816525,0.352189490517
0.298539414043,0.349271213381
0.343380044755,0.321264443133
