feature10,feature8
23.6121212121,24.1747058824
24.3193939394,24.38
24.3590909091,24.9360606061
24.746875,24.843030303
23.9266666667,24.4709090909
23.9406060606,24.4972727273
23.6396969697,25.0615151515
24.5615151515,23.8778787879
24.4054545455,24.0848484848
,24.8006060606
