feature6,feature3
14.4281428571,14.2474242424
14.2834848485,14.9910606061
14.1630882353,14.3295454545
14.7127941176,14.1854411765
14.8298484848,14.0943181818
14.99875,14.94578125
