feature6,feature3
27.8305882353,27.8417142857
28.1929411765,27.8436363636
27.5602941176,28.0712121212
27.8379411765,28.285
27.7912121212,27.4980555556
,28.371025641
