feature9,feature8
21.63125,22.6443243243
21.4835483871,21.9577419355
22.2603125,21.545625
21.9346875,22.133125
21.628125,21.5633333333
