feature6,feature3
0.344173726955,0.407035691917
0.444510294529,0.370061395946
0.42204960058,0.35403266731
0.340050057549,0.343948895038
0.353706153229,0.394650705087
0.359151240645,0.415430836514
0.370834873792,0.345924419998
0.372593133709,0.370988631734
0.369275891326,0.400324471165
0.396094885899,
