feature6,feature3
24.3461764706,24.6133333333
25.1988571429,25.1045454545
25.198,24.45
24.5894117647,24.4361764706
24.3897058824,
