feature10,feature8
15.696969697,17.5534848485
15.6278787879,15.9493939394
15.9222727273,17.0265625
15.9401515152,15.853030303
15.7375757576,15.7625
17.1507352941,17.2463636364
16.9971212121,15.6890909091
16.0593581081,15.97625
16.351969697,18.0643939394
15.7285714286,
