feature10,feature8
16.8153030303,15.9024242424
17.1851515152,15.2660606061
15.8122727273,17.1365151515
15.6546969697,17.3307352941
15.6996875,17.4818181818
16.8263636364,15.4634848485
16.2090909091,17.221969697
15.706969697,16.2948484848
,17.5260606061
