feature6,feature3
27.6241176471,27.5387878788
27.8591176471,27.792
28.0839393939,28.2011764706
28.0503030303,28.1582857143
,28.1405714286
,28.0847058824
