feature6,feature3
0.296801819878,0.319260103251
0.357218547904,0.356328364875
0.384215010791,0.346168791184
0.294690813733,0.425742803104
0.279857110712,0.352917270989
0.377751075016,0.31672742761
