feature10,feature8
32.2978787879,33.5997142857
32.4839393939,31.1002941176
31.0324242424,32.693030303
32.7166666667,32.2490909091
32.0939393939,32.9725
32.7103030303,32.4778787879
32.3809375,32.6748484848
32.0808823529,33.34125
32.5360606061,32.3115151515
33.5145454545,32.2366666667
