feature6,feature3
27.5926470588,27.816
28.0129411765,28.0673529412
27.6866666667,28.1635294118
27.5808823529,27.2511428571
27.653030303,27.6279411765
,26.8641176471
