feature6,feature3
28.2474193548,28.2196774194
28.0315625,28.1478125
28.1584375,27.6953125
27.2027777778,28.394375
27.61125,27.959375
28.106969697,27.5688372093
