feature6,feature3
14.9003125,14.5233823529
14.5882352941,14.4960606061
14.9855147059,14.5187878788
13.5529411765,14.5146969697
14.5489393939,14.7038571429
14.5095714286,14.8755882353
