feature10,feature8
17.4760526316,16.488030303
15.6442647059,17.6853030303
15.1848484848,16.611875
15.7204545455,17.49
15.1171212121,15.2247058824
15.8553030303,16.6222727273
15.3866176471,15.5198484848
15.8419117647,15.0053030303
16.1648484848,15.7563235294
17.0398484848,15.7993939394
