feature10,feature8
0.33278142235,0.394248683401
0.399868932012,0.314916435907
0.312857836358,0.415872023351
0.381731536254,0.309720701243
0.320964224205,0.287708555147
0.301346001665,0.396134866418
0.437336696075,0.446725318757
0.388567809644,0.322625947152
0.265329377056,0.330455643353
0.302905984539,0.366606115905
