feature10,feature8
15.6154545455,16.0854545455
15.013030303,15.3533823529
15.2286363636,16.0067647059
15.0321212121,17.1886363636
15.5587878788,15.6916666667
15.3128787879,14.9615151515
16.6704545455,15.4188235294
15.078030303,15.4206060606
15.1675,15.236969697
16.4878787879,
