feature6,feature3
108.787058824,111.645714286
111.484571428,116.884705882
111.084848485,114.678787879
107.962352941,110.610285714
111.504705882,111.811764706
112.454857143,113.392727273
