feature6,feature3
28.0533333333,28.6711764706
28.9544117647,28.1252941176
28.3022857143,31.0856363636
28.1076470588,28.4928571429
27.6645454545,28.7941176471
27.6332352941,27.9437142857
27.695,28.3623529412
28.7465714286,28.74
28.4648484848,27.2965625
28.195,
