feature6,feature3
1.73364874836,1.66124790176
1.64923942286,1.74237372636
1.56602359047,1.67873355118
1.57717923074,1.67518890146
1.59644462891,1.70786158119
1.71431661671,1.63691690343
1.5631347228,1.67671043293
1.75747102249,1.64280441089
1.75641729379,1.64484680834
1.61245777758,1.74402313236
