feature6,feature3
21.824375,21.25
21.911875,21.9837837838
21.9046875,22.8925806452
21.7835483871,22.2025
21.4678125,21.5135483871
22.13125,21.9
22.1890909091,22.2381818182
21.895483871,22.055483871
22.0875,22.298125
21.715625,
