feature6,feature3
1.41614991654,1.24989804391
1.5252452928,1.52644358843
0.962404271803,1.30576533728
2.9172001094,1.24089526567
1.60190559066,5.23598025122
2.28173353308,0.989695844528
1.39781832939,2.53714643909
1.28339566655,1.0777318929
0.997747766609,1.05771761437
1.50496294308,1.25630283045
