feature6,feature3
21.7232258065,22.18875
21.23,21.7228125
21.92,22.214516129
22.190625,21.8475
20.889375,22.0378787879
22.1316129032,22.0161290323
21.97125,22.1136363636
22.0887096774,21.764516129
21.8415625,21.73875
,21.37625
