feature6,feature3
27.99,28.1033333333
27.6374285714,28.0264705882
27.6878787879,28.0491176471
28.203030303,28.7421212121
27.6627272727,27.7882857143
,28.1376470588
