feature6,feature3
15.2564516129,15.596875
15.195,16.42
15.7443548387,15.3928125
15.8129032258,15.4116129032
16.0098387097,15.41
15.4558064516,15.1574193548
14.8725806452,16.3903225806
15.3548387097,15.6474193548
,15.0185302734
,15.3206451613
