feature6,feature3
28.3405882353,27.8202941176
27.2120588235,28.1161764706
27.76,28.5429411765
27.9691176471,28.6284848485
27.8579411765,27.8708571429
27.5647058824,28.1436363636
