feature6,feature3
113.909411765,113.185142857
112.64117647,112.016470588
114.757647059,113.101714286
113.848484848,112.020606061
112.84,110.73882353
111.448235294,112.26117647
