feature6,feature3
113.691764706,111.323529412
113.213333333,113.259393939
110.785454546,111.194117647
109.804571428,113.566857143
115.013333333,110.906666667
111.748235294,
