feature6,feature3
27.5360606061,27.7131428571
28.3051428571,28.763030303
27.5429411765,28.1691176471
27.6605882353,27.9108823529
27.8524242424,28.1042424242
28.0014285714,27.4823529412
