feature6,feature3
1.63971246071,1.30264938492
2.82204665011,2.87163969762
3.15705442559,2.75182465665
2.54161315064,1.00102762727
2.58150142417,3.71549406456
6.5734904449,1.26124136681
0.912719157341,2.63337444647
2.31640589999,3.14886253588
0.977661989402,1.17198340288
1.00554147378,1.38977466777
