feature6,feature3
27.5882352941,27.6548571429
28.6158823529,27.93625
28.4061764706,28.0964705882
28.1971428571,28.0835294118
27.8714285714,27.7382352941
27.626969697,28.68
