feature10,feature8
0.328008446669,0.321163637134
0.305063437045,0.324704877572
0.331738042651,0.326431210441
0.366838530514,0.358379349981
0.300641756944,0.328924227046
0.323023344096,0.359767577534
0.335044122787,0.352127753678
0.331750457998,0.342835703048
0.349369213191,0.334250539767
,0.340446062972
