feature10,feature8
17.1178787879,17.4196875
16.1381818182,15.9859090909
17.2493939394,17.268030303
17.1986363636,17.3636363636
14.94,16.0728787879
15.935,17.4471212121
15.3493589744,17.0225
17.0057352941,15.3266666667
15.5914705882,15.5824242424
15.6207575758,15.3969117647
