feature10,feature8
32.5015151515,32.49
31.9612121212,32.1518181818
31.2477142857,32.9557575758
31.9472727273,32.7546875
32.6121212121,33.3378787879
32.0908823529,33.3091176471
33.0851515152,32.2535294118
32.5775757576,32.2934285714
32.72,33.0666666667
,32.9545454545
