feature6,feature3
27.9617647059,28.145
27.4217647059,28.0254545455
27.7573529412,28.1294285714
27.705,27.5623529412
27.4511764706,27.9223529412
28.3464705882,28.3027272727
