feature6,feature3
22.5680645161,22.0696774194
22.158125,22.22375
22.1603125,22.8938709677
22.52625,22.2677419355
22.694516129,22.8277419355
22.6157575758,21.9159375
22.6609375,22.3487096774
22.744516129,23.0361290323
22.1912903226,21.9803225806
22.7171875,
