feature6,feature3
111.858181818,111.477575758
110.722352941,112.654117647
112.283636364,111.124705882
111.71882353,110.852941176
111.912941176,111.538181818
112.062352941,112.482352941
