feature10,feature8
0.321630477886,0.349930506128
0.307597468683,0.3044876917
0.336228949244,0.302137564308
0.387662898634,0.400925683635
0.384056712818,0.3919316563
0.303496869133,0.300351083682
0.390985387444,0.327147555842
0.414987251952,0.303485612268
0.334992795167,0.461853909711
0.318924703687,0.403099002507
