feature4,feature3
0.316818634693,0.290134677676
0.303404784678,0.311479918521
0.357590541646,0.330936958911
0.32484335916,0.344694418642
0.334637132921,
