feature6,feature3
112.084705882,112.745454546
111.98117647,112.419428572
110.627058824,111.123529412
110.462857143,112.488484848
109.607058824,112.810588235
111.653714286,111.355555556
