feature6,feature3
0.364304983978,0.351215589457
0.407510077325,0.38149892484
0.384691011245,0.367646786492
0.362798971082,0.314643184213
0.348642391216,0.343071976223
0.394761764842,0.320584724506
0.338938950022,0.358177845231
0.354913605442,0.332726501344
0.390321124473,0.421364278105
0.332871036884,0.337782651992
0.324753743628,0.339257777166
0.38576195412,0.324260875657
0.672384127143,0.440876927268
0.372384667532,0.351968090535
0.306173306189,0.345003152682
