feature6,feature3
27.8132352941,28.48
27.8544117647,27.7424242424
27.9473529412,28.1688235294
27.6088235294,28.335
28.0018181818,28.0702941176
27.9727272727,27.9535294118
27.4605882353,28.118
28.0917647059,28.0482352941
28.4915151515,27.8126470588
28.2182352941,28.2060606061
27.4973529412,28.3187878788
27.7996969697,28.2976470588
