feature6,feature3
112.683428572,110.268235294
111.68,113.293333333
110.821818182,113.52969697
113.004705882,111.20117647
111.011764706,110.933333333
,111.99882353
