feature4,feature10,feature3,feature8
15.1306060606,17.0509090909,16.5765625,15.4792424242
16.3821212121,15.1196969697,15.64578125,17.1234375
15.045,15.1960606061,15.4535483871,16.0333333333
15.66671875,17.0554545455,15.6365625,16.1122727273
15.845,15.2375757576,,17.05
,16.0409090909,,16.9803030303
,15.3965151515,,15.3515151515
,16.4510606061,,16.1287878788
,16.3351515152,,15.1086363636
,16.5848484848,,17.0290909091
