feature7,feature6
16.2911290323,14.86203125
15.32734375,14.961875
16.6434375,15.1896875
15.14109375,15.3009375
,16.2765625
