feature7,feature10,feature6
16.2911290323,15.518125,14.86203125
15.32734375,15.9251515152,14.961875
16.6434375,16.1013636364,15.1896875
15.14109375,15.21,15.3009375
,15.6596969697,16.2765625
,16.438125,
,15.8612121212,
,15.7571875,
,15.4778787879,
