feature11,feature10,feature8
15.2342424242,15.8172727273,15.2487878788
16.086875,15.6309375,15.61984375
15.07125,15.58,16.7577272727
15.2932258065,16.341875,16.0723529412
16.5821875,16.7564516129,16.0942424242
,15.8772727273,16.7293939394
,15.0613636364,15.1803030303
,15.9354545455,15.4415151515
,15.0293939394,15.2227272727
,15.5742424242,
,16.748125,
,14.9646969697,
,15.8243939394,
,16.5734848485,
,16.7460606061,
