feature6,feature3
28.2439393939,27.5870588235
27.8411764706,27.664
27.6879411765,27.406969697
28.0625714286,27.9772222222
26.9672,27.9642857143
27.9948571429,26.9582051282
