feature6,feature3
0.318565025073,0.348882572355
0.349061594875,0.363520801947
0.325132599179,0.349764381217
0.323200376133,0.341711377628
0.330310970426,0.377178335953
0.343268817235,0.329206427708
0.361390344771,0.327079193924
0.342761937011,0.346237368027
0.355286274692,0.354389669596
0.299494956237,0.368742912749
0.296802350069,0.280914096083
0.31366326276,0.394888364862
0.314844022205,0.322824304805
,0.37401159513
,0.337413368449
,0.398897872288
