feature10,feature8
115.843529412,113.994117647
111.64117647,112.27030303
111.177647059,114.390857143
109.386285714,111.67
110.184705882,111.996470588
112.09882353,
