feature10,feature8
16.9868181818,17.3218181818
15.5945588235,15.1055555556
16.5428787879,15.4636363636
15.7361764706,16.7260294118
15.4396052632,16.0928787879
15.0280882353,18.0531818182
15.4995454545,17.3271212121
15.1633333333,16.1409090909
,17.29
,16.99578125
