feature6,feature3
27.1967647059,27.9114285714
27.8711428571,29.2211764706
27.7712121212,28.6696969697
26.9905882353,27.6525714286
27.8761764706,27.9529411765
28.1137142857,28.3481818182
