feature10,feature8
0.411899026262,0.391907653623
0.38805811694,0.339477184021
0.367551275187,0.361692048811
0.303731259809,0.308623721737
0.308029858774,0.371380880687
0.370712266868,0.3903702746
0.316518441161,0.29366168484
0.350855936663,0.402133865139
0.427530494522,0.364265700225
0.30405629013,0.345124204203
0.383033545976,0.290547649408
0.298791648212,0.321619540916
0.293169833203,0.347104482971
0.399554169256,0.302076790602
,0.388852679893
