feature6,feature3
111.585882353,111.208484848
113.72117647,112.569411765
110.006060606,112.522285714
112.75882353,111.911764706
109.458181818,114.098285714
111.871764706,113.761111111
