feature10,feature8
0.339710696484,0.307631216436
0.411519141897,0.334863777511
0.300277716252,0.388035692509
0.417362071165,0.361642610727
0.338287668661,0.42138278177
0.313254743375,0.298345276557
0.327200791606,0.308107348095
0.306467681153,0.353365933495
0.426309655799,0.293858157548
0.401924936082,
