feature6,feature3
27.768125,28.2588235294
28.7388235294,28.6909090909
28.1279411765,28.2215151515
27.7324242424,27.8847058824
27.5382352941,28.1720588235
27.5329411765,27.5187878788
