feature10,feature8
32.5948484848,33.0784848485
32.5182352941,31.995
32.8445454545,33.1133333333
32.5466666667,32.8606060606
32.7851515152,33.5987878788
32.6384848485,33.2087878788
32.583030303,32.7172727273
32.6948484848,32.4733333333
31.7455555556,32.7412121212
31.606969697,32.3929411765
