feature6,feature3
111.017647059,113.232
112.515294118,110.895757576
112.323428572,113.585454546
111.203428572,112.58
111.485882353,112.151515152
112.415294118,111.598787879
