feature6,feature3
14.68046875,15.131875
15.0237878788,14.7298484848
15.5674285714,14.9140714286
15.5614705882,14.9769117647
15.0099285714,15.6493939394
14.7970588235,15.4185294118
