feature6,feature3
27.5196969697,27.5615151515
27.7072727273,28.71
28.0051515152,28.0842424242
27.2985294118,27.1294117647
28.4815909091,27.6539393939
27.8363636364,
