feature10,feature8
0.397117158187,0.403742598315
0.3050442132,0.305931040449
0.300249191847,0.320565306595
0.412374255604,0.398151806054
0.365154843016,0.411020224736
0.393478997544,0.320264889472
0.297826598612,0.362176677301
0.370920263183,0.301941958616
0.354839571418,0.391368988257
0.376955161749,0.385532544701
