feature6,feature3
0.408452787971,0.429158231358
0.449304635979,0.410431966665
0.534273422182,0.42972898582
0.420528942231,0.443047686901
0.392093782389,0.422513428797
0.438694611733,0.519801347586
0.43210325957,0.446896889164
0.486410353443,0.376974131526
0.409503080635,0.413001302777
,0.46699629122
