feature6,feature3
13.99,14.9166666667
14.268030303,14.5868571429
14.49125,15.1312121212
14.7,14.2325
14.3433333333,14.6636764706
13.8642647059,14.4322727273
