feature6,feature3
21.8953125,21.8077419355
22.1919354839,22.0848387097
22.8964516129,22.394516129
22.3364516129,22.6006451613
21.4935483871,22.1622222222
22.3235483871,21.89
22.6174193548,22.2471428571
21.4467741935,22.2170967742
22.3066666667,22.052
