feature6,feature3
27.6228125,27.3594871795
28.5097058824,27.8977142857
27.7696969697,28.0227272727
28.4176470588,28.1157142857
27.7606060606,28.1624242424
28.1205882353,28.0011764706
