feature10,feature8
32.6133333333,33.880625
32.5660606061,32.7618421053
33.1154545455,32.7314705882
32.9221212121,31.615
32.2506060606,32.1094117647
33.1915151515,32.7287878788
32.7461764706,32.9284848485
32.1533333333,32.9329411765
31.7672727273,32.8
,32.6378787879
