feature10,feature8
0.340731256488,0.400206706393
0.336002942898,0.411428213213
0.37906501145,0.397486037059
0.316508148079,0.360252921483
0.38626571849,0.300128982795
0.356673090833,0.305794755398
0.420870650117,0.394108978203
0.332714994275,0.309931366798
0.314793201252,0.317191122791
0.325720709754,0.305826311896
