feature6,feature3
0.359901336458,0.361180833501
0.434926180197,0.304317354195
0.346681349885,0.375731683974
0.439778907352,0.351196197279
0.314757684814,0.311540345277
0.299532136581,0.338873787433
