feature6,feature3
0.368297276904,0.269391698863
0.350130758068,0.379844908191
0.314151355236,0.300481700305
0.30063887408,0.277645391906
0.388783896621,0.358800035406
,0.282172372465
