feature6,feature3
27.7338235294,28.314
28.3457575758,28.1915151515
28.1858823529,28.3493939394
28.4794117647,28.0905882353
28.1190625,27.8758823529
28.3839393939,27.9354285714
