feature6,feature3
13.9934285714,14.3035294118
14.1376470588,14.0490460526
14.0717647059,14.4042424242
14.3525,15.08203125
14.4952941176,
