feature6,feature3
16.8721428571,20.24375
17.0129166667,18.3907352941
16.1615853659,18.734
16.22984375,17.4395588235
18.658255814,19.4127272727
16.6401470588,17.0444117647
17.5109302326,18.3798529412
18.3302564103,18.6131818182
20.7788461538,20.9920833333
,17.7470833333
