feature6,feature3
27.7611764706,28.3945714286
28.2805882353,28.6323529412
28.7647058824,28.4757142857
27.7624242424,27.9688235294
27.8414285714,27.8287878788
27.8828571429,28.1820588235
28.0497142857,28.2985294118
28.4097058824,27.8468571429
28.1617647059,27.9008823529
27.6490909091,27.7342857143
28.4566666667,27.48
27.5232352941,28.2220588235
