feature6,feature3
1.49671829933,1.36530588008
0.671932378142,2.09635279765
2.44616017112,1.6279390076
1.97525787818,1.7939495285
1.46486225878,1.93510667826
2.27577654186,1.45192746559
1.37168743588,1.43505155366
1.44470489633,1.40140591114
1.35721144824,1.4910356064
1.36912697295,0.988698190514
