feature10,feature8
0.409483635457,0.311433321529
0.321043533358,0.301325484912
0.218565342146,0.349099775274
0.337146670467,0.359267352263
0.397047936636,0.403038935414
0.333235561117,0.390956003093
0.317552325087,0.326625676598
0.33019862991,0.387884917399
0.315777706393,0.319705301194
