feature6,feature3
0.452676039852,0.416511565107
0.331773813686,0.357925297971
0.390584905031,0.338828759436
0.377283753297,0.413226118194
0.382552848769,0.387132552531
0.342256282275,0.308966462272
