feature6,feature3
27.7354285714,28.0529411765
28.0191176471,28.3497142857
28.3897142857,28.2654285714
28.4460606061,27.964
,28.8558823529
,27.798372093
