feature6,feature3
28.3678787879,28.134
27.9802941176,28.5313888889
28.0075757576,28.3367647059
27.716,28.6205882353
,28.226
,28.0644117647
