feature11,feature10
0.321519607051,0.316531854213
0.324182778099,0.310180880935
0.34046962659,0.300203086434
0.315520949166,0.283338853008
