feature6,feature3
27.7564705882,27.0063888889
27.8354285714,27.4491428571
27.1952777778,28.4576470588
27.3152777778,28.4455882353
27.7061764706,27.695
27.8288571429,28.034375
27.4722857143,28.1431428571
26.8558823529,27.2734285714
28.0252941176,27.2248571429
27.1317647059,28.1251428571
27.3738888889,27.8947058824
27.7545714286,27.6661764706
