feature6,feature3
15.7045833333,15.5572580645
15.3038709677,14.83359375
15.11671875,16.0783870968
16.8641935484,15.7422580645
15.3178125,15.3920967742
14.9138709677,16.5109375
14.9765625,15.719516129
16.509375,15.3014516129
,14.9920967742
,15.1401515152
