feature6,feature3
28.7722222222,27.8164705882
28.2602941176,28.0775757576
27.9065625,28.6494117647
27.1827272727,28.6994117647
28.1918181818,28.1651515152
28.1611764706,28.4088571429
