feature6,feature3
28.3260606061,28.4578787879
27.7462857143,28.2635294118
28.0979411765,27.97
28.1181818182,27.7477142857
27.7205882353,27.7632352941
27.735,28.0605882353
