feature10,feature8
17.1387878788,15.8234848485
15.7713636364,16.8334375
15.7909090909,16.3534848485
16.3569117647,16.0941025641
16.1148484848,15.9401515152
15.5498529412,17.3404545455
15.2174242424,15.9795454545
16.011969697,16.3812121212
16.4843939394,17.4306060606
