feature6,feature3
20.9848484848,21.1012903226
21.541875,21.523125
21.8383870968,21.7012903226
22.176875,22.309375
21.2835483871,22.2329032258
21.6109677419,22.8484375
22.05,22.2406451613
21.745,22.1003125
21.6370967742,21.5038709677
21.62,
