feature10,feature8
27.2797674419,27.3891428571
28.0555813953,27.8811428571
27.4936363636,28.5354545455
27.7605263158,27.9396969697
27.3483333333,28.1083783784
28.5086842105,27.8985
