feature10,feature8
32.5009090909,32.5163636364
32.7778787879,32.369375
31.8238235294,32.5990909091
32.6897058824,33.0718181818
32.3790909091,32.0972727273
33.2187878788,32.4215151515
33.0136363636,32.4854545455
32.3948484848,32.7147058824
32.5852941176,32.0615151515
32.0712121212,32.8533333333
