feature10,feature8
16.8557575758,15.9684848485
16.071969697,17.1215151515
16.3121212121,16.1
15.3288235294,15.5192424242
16.3589393939,16.5074242424
14.9677272727,17.2037878788
15.9166666667,17.3309090909
17.1092424242,14.9118421053
17.2248484848,16.6231818182
15.8466176471,17.3057575758
15.6804545455,17.1974242424
15.2645454545,16.0695454545
15.551969697,15.3262121212
15.7974242424,16.47703125
16.3195454545,
