feature6,feature3
0.419144424017,0.336746901722
0.329923258785,0.306880200164
0.297255362835,0.307578796197
0.31224096057,0.320002666364
0.397155830735,0.413191583507
0.437394091035,0.29466660425
