feature6,feature3
28.045,28.2052941176
28.5591176471,28.2979411765
27.8494117647,28.2767647059
28.2767647059,28.6542424242
27.8894285714,28.1870588235
28.9273529412,28.2391428571
