feature10,feature8
0.362688998754,0.353301309587
0.343863079164,0.329843934611
0.308435276286,0.335644930722
0.340170333393,0.346418121583
0.350648429689,0.330224603231
0.319234418899,0.324964989564
0.358385124404,0.321042590953
0.337560959283,0.347001617915
0.353255919069,0.348400601791
0.339601355308,0.363905141431
