feature11,feature10
21.3984375,21.8603125
22.535,22.50125
21.170625,20.849375
22.22625,21.6174193548
21.6796875,21.7490322581
