feature6,feature3
0.312047384953,0.335116823999
0.354235017353,0.314715982304
0.323628755334,0.310429020823
0.327711908701,0.314122977807
0.33765435942,0.366720715775
0.377243405798,0.34574655688
0.327989612005,0.331050803268
0.340571641961,0.298844966037
0.327556006359,0.318946144267
0.325580068256,0.321396790404
