feature6,feature3
13.9675757576,14.7662878788
14.2600735294,14.1323484848
14.2403787879,14.0134848485
14.3638235294,14.2805147059
14.1361764706,14.1992424242
14.6275735294,14.60875
14.0687878788,14.2558333333
14.345,13.8687878788
14.2235294118,14.5927272727
14.1587878788,14.078030303
14.7207142857,13.9957575758
14.0042424242,14.2084848485
