feature6,feature3
0.280082659398,0.329479398747
0.361760744766,0.322972065491
0.343327262578,0.317400463644
0.354266657445,0.343731866404
0.338473740926,0.332724319349
0.385621598926,0.333263364664
0.357297945912,0.352411277165
0.360546170597,0.332919840833
0.341285386663,0.340767720523
0.313148859825,0.357456078382
