feature6,feature3
17.660625,18.2125
18.701,18.1145454545
18.2933333333,19.3905555556
16.8383333333,19.2795454545
20.0394444444,17.4235
17.9355555556,18.125
17.3655,18.14375
17.4477777778,19.0057142857
17.3186666667,17.776875
,16.83
