feature6,feature3
0.357867175127,0.308430879857
0.365826373015,0.310314145791
0.326163452352,0.434939174502
0.410717172899,0.393060185553
0.313356793829,0.348532309115
0.315511647457,0.418008669412
