feature6,feature3
28.3285294118,28.2958823529
27.5968181818,27.9990909091
27.5405882353,28.196969697
27.625,28.0845714286
27.9864705882,27.9697222222
27.8188571429,28.5121212121
