feature6,feature3
1.21734879381,1.25202068625
2.57890575201,6.46452152742
4.32257344094,2.04813237449
1.54521465442,1.28281001908
1.34390960928,1.18397014149
2.85107406132,1.25999413334
1.82889899883,1.46246538201
1.67503851492,5.91922711545
0.587628169025,1.3172414765
1.18902096735,1.06893561658
