feature10,feature8
27.8818181818,27.722
28.2178125,28.5302941176
28.2915151515,28.019
28.104,28.0997058824
28.7279411765,28.1067647059
28.1339393939,28.1988235294
