feature10,feature8
0.383450066078,0.39683952201
0.30792353435,0.140496264381
0.401426438975,0.312006923926
0.295349331964,0.313692337188
0.328246225504,0.322429091981
0.31416183852,0.353460726444
0.393119124551,0.307267076917
0.354044252382,0.303624815046
0.304631495646,0.313330790243
0.325557452111,0.307431428227
