feature6,feature3
28.2209090909,28.2064705882
27.7284848485,28.2122857143
28.1511764706,27.7641176471
27.0794117647,28.1915151515
27.4411764706,27.8717647059
28.0252941176,28.395
