feature6,feature3
28.2893939394,28.13
28.2644117647,28.3908823529
27.9305882353,28.5426470588
28.8508823529,27.9293939394
28.2927272727,28.132
27.3055882353,28.1136363636
28.2694117647,28.5055882353
27.64,28.1424242424
28.1112121212,28.0573529412
,27.8682352941
