feature10,feature8
0.304357480793,0.392581193558
0.312166344067,0.369362279367
0.296104792393,0.333864139268
0.333306496457,0.349773796912
0.345616098755,0.344748308949
0.319656298094,0.361322098609
0.363462059883,0.336962259035
0.344758726282,0.331266906219
0.34933983362,0.338976550186
,0.375797918856
