feature6,feature3
0.324108158419,0.343544821747
0.337719948776,0.32122994145
0.340877110065,0.334969506753
0.361955831965,0.329692181961
0.408409235534,0.31999846673
0.326680838791,0.396548355031
0.347137538683,0.367166006492
0.311690356547,0.350292328144
0.336462695961,0.331693643819
0.36877932348,0.400755115293
