feature6,feature3
0.465301235362,0.411417544498
0.467878535223,0.512209311527
0.480115196797,0.447520010702
0.481659498062,0.482320277478
0.482971404475,0.506099177018
0.451022774422,0.493468609957
0.458394581368,0.49194310692
0.452384988461,0.463660015673
0.442682821272,
