feature10,feature8
28.3385714286,27.6694285714
27.9748571429,27.2575609756
28.2044117647,28.1297142857
28.1329411765,27.6954285714
28.3806060606,27.57
,28.7396969697
