feature10,feature8
0.336627227096,0.328653042398
0.322210940722,0.361707967525
0.323981953896,0.312965843058
0.32989034104,0.325768444314
0.37063914302,0.360885593
0.375310762447,0.334832704784
0.34688593332,0.325770295851
0.351630191912,0.366725681344
0.343489217227,0.339630516367
0.3151425101,
