feature10,feature8
113.361212121,113.803529412
113.784,112.91625
112.891,114.655294118
112.845853658,112.408235294
111.91030303,113.883243243
110.52,111.992
