feature6,feature3
33.3314285714,33.6985
34.1991304348,33.3119444444
33.3294285714,33.5451428571
33.6813513514,32.4862857143
32.775,33.8585714286
33.013125,32.97
34.27,32.4022222222
33.903125,33.5591428571
32.5663157895,33.0308333333
33.425,
