feature6,feature3
110.274117647,113.28
111.789090909,115.390588235
111.2,115.332121212
110.656470588,109.703529412
,109.52
,111.555294118
