feature6,feature3
122.401333333,120.751111111
123.86,126.06
127.22,127.085
125.556,125.585
129.085,127.7
120.736551724,129.075
123.568888889,122.92
122.628888889,126.96
119.44,127.911111111
,127.985
