feature6,feature3
27.9338235294,27.8605714286
28.3488571429,27.7485294118
28.2826470588,27.7722857143
28.8621212121,28.4457142857
28.1902941176,27.9767647059
28.4988235294,28.0967647059
