feature6,feature3
28.2041176471,28.2454545455
27.5308823529,28.3820588235
27.8270588235,27.8482352941
28.0184848485,27.2207894737
27.7305882353,27.79875
27.6257575758,28.0297058824
