feature10,feature8
32.2948484848,31.9947058824
33.2284848485,32.1885294118
32.8184848485,32.2428125
31.7753125,31.7182352941
32.2984848485,33.8706060606
32.2551515152,31.5290909091
32.7779411765,33.2425
31.7336363636,32.4329411765
32.7578787879,32.0142424242
