feature6,feature3
28.146,28.1420588235
29.2282857143,27.7914705882
28.5862857143,28.2788235294
27.9594117647,28.6752941176
27.0432352941,27.7551515152
