feature6,feature3
27.8051515152,28.1951428571
27.6909375,28.0820588235
27.5938235294,28.1914705882
27.8248484848,27.162
27.8584375,28.0591176471
28.07,28.0462857143
