feature10,feature8
0.39236689995,0.389582220031
0.392913889156,0.332523970015
0.380700287966,0.332129389997
0.302307793452,0.312091557492
0.397864336465,0.395901032691
0.297525999691,0.319789833826
0.334522278848,0.303349626831
0.311295344336,0.397848233998
0.332687585241,0.409111104088
0.299299721004,0.317072724038
0.306498527188,0.388855982238
0.389222152252,0.306599144285
0.325119243684,0.387011164692
0.349951851036,0.310584471141
,0.336166320681
