feature6,feature3
0.4036386241,0.333436201728
0.350161529742,0.339066481489
0.302242076928,0.349371538512
0.3534591957,0.335801544338
0.358871570662,0.397299484964
0.333762478024,0.315436836835
0.349759449601,0.329766324769
0.328917573363,0.350585395476
0.359942145026,0.42727656316
0.363152652721,0.326042858133
