feature6,feature3
112.648421053,111.453714286
110.409411765,110.283428572
112.903529412,112.512727273
109.91875,112.817142857
111.943030303,111.522424242
111.401212121,
