feature6,feature3
28.3139393939,28.1205882353
27.9476470588,28.436969697
27.8494117647,28.2078787879
27.8211428571,27.8488235294
27.7190909091,27.9697058824
27.6578787879,
