feature10,feature8
17.0228787879,15.21859375
15.3884848485,16.7578787879
15.5927272727,15.1606060606
15.2830882353,15.5590909091
15.9178787879,16.4581578947
16.5115151515,15.2592424242
15.0721875,15.8260606061
15.1357575758,15.3137878788
16.7007575758,14.8445454545
,15.3448484848
