feature6,feature3
0.583837077867,0.537784937119
0.562837329457,0.571896351679
0.593245116432,0.614136191749
0.574086059925,0.558058655528
0.55623430973,0.573205121375
0.576152746232,0.587033581552
0.555093396485,0.564545317086
0.568044797984,0.638421113526
0.571721666498,
0.528883451588,
