feature6,feature3
14.3627941176,13.8106060606
13.9537121212,14.27625
14.1333823529,14.0613636364
14.3180147059,14.0266176471
13.8920454545,14.996875
13.6634848485,14.8990909091
