feature10,feature8
0.309507791879,0.316677241686
0.317224339512,0.302860886205
0.310412220695,0.304476891679
0.302361056711,0.319791255421
0.397803418452,0.389039781093
0.324212900491,0.387843799541
0.39260563345,0.384313669389
0.396698255005,0.326596088237
0.421585649195,
0.296402166026,
