feature6,feature3
0.372453299048,0.365220639212
0.335150542762,0.332691972179
0.311652623884,0.39254516721
0.375535249325,0.410332192003
0.335350966545,0.331785909151
0.365315233857,0.320980986221
0.30661955326,0.355327883596
0.375222226793,0.335399823816
0.322620201984,0.331504017066
,0.314757677704
