feature6,feature3
0.394309770737,0.330580991573
0.392685662885,0.340095086504
0.351558944649,0.317037613898
0.388924722968,0.41786978785
0.33716358591,0.312074867637
0.403344187005,0.433939477582
0.360291690951,0.362315262851
0.342742242202,0.342154055829
0.424508774185,0.31869840617
0.388679962591,
0.441808649992,
