feature6,feature3
0.348665632412,0.320329995467
0.406421401295,0.335891327029
0.344660652574,0.344626113846
0.38208182919,0.36663672136
0.378170932427,0.340306228274
0.360652478741,0.347453067244
0.328000907935,0.31768344398
0.333397311318,0.321925662079
0.313101660281,0.332655473819
0.342630667847,0.366286205736
