feature10,feature8
0.368901829396,0.310184851919
0.365204654613,0.328400530442
0.357311613135,0.323005203364
0.326164234899,0.293224308468
0.347050421394,0.301921491345
0.324064703292,0.350419183346
0.350387447532,0.297740886195
0.34426037121,0.380406593249
0.35596362813,0.343313851257
0.327425968691,0.356966215359
