feature6,feature3
28.1952941176,28.3820588235
27.7973529412,28.3858823529
27.5031428571,28.2970588235
27.5388571429,28.1196969697
28.3391176471,28.2273529412
27.8442424242,28.3888235294
