feature10,feature8
0.306173302175,0.316017955491
0.304120892739,0.376657760961
0.365600773443,0.32137946497
0.318661748465,0.332758977779
0.326843913063,0.329466336072
0.333582105552,0.328760757973
0.23211289956,0.308269509929
0.334968255739,0.344622495647
0.36908829389,0.352534969248
0.305591933454,0.352547096351
