feature6,feature3
112.549411765,109.663529412
112.707058824,114.711764706
114.835675676,114.267058824
110.97882353,112.674117647
111.923529412,112.574857143
110.744705882,113.444705882
