feature6,feature3
27.8458823529,27.2964864865
27.97,27.3538235294
27.8309090909,27.8242857143
27.8197058824,28.6003030303
27.8347058824,28.1341176471
,28.3927272727
