feature6,feature3
0.34497343894,0.3413677619
0.41443117316,0.437888560961
0.371268092633,0.374925695619
0.334903686422,0.432115762979
0.35454876593,0.35890831429
0.396686445677,0.391642988603
