feature10,feature8
0.411869105806,0.322642328096
0.33235991636,0.388958798363
0.330048365779,0.355825881218
0.324887357929,0.316188879171
0.384535561282,0.385691845415
0.342957029584,0.29915744025
0.298492202654,0.367796479112
0.326802242673,0.379073332944
0.261033055422,0.316971620191
0.296069563959,0.356001393524
0.306124297667,0.295159940297
0.325753468643,0.313640064583
0.36644070481,0.307756927261
0.334720542319,0.400777177673
0.339761576534,
