feature6,feature3
0.33893975213,0.429250316924
0.318009108954,0.346078595619
0.469432168935,0.396730646629
0.334954269353,0.317787222664
0.391663403121,0.341194717799
0.439579579723,0.44233882293
0.432206035928,0.412570483134
0.354919373858,0.454846919999
0.256019767371,0.332088867734
0.380829092082,0.295208884626
