feature6,feature3
0.335400846224,0.341388261548
0.390050367703,0.328817977024
0.331208453468,0.387927000078
0.337200023361,0.315855356721
0.355262163515,0.333006951562
0.332424051093,0.373223834446
0.302716042834,0.338998722334
0.361711031488,0.319115387319
0.316869564493,0.358054662148
0.366528617395,0.35767838937
