feature6,feature3
2.25339960752,2.38990373364
2.2737721862,2.16288427391
2.18575461935,2.20439519168
2.2009074537,2.20022282393
2.2306062322,2.36913464264
2.22817806217,2.24131741172
2.20180753846,2.16962767784
2.29417304579,2.33764960413
2.32696991808,2.2007242841
2.17999901949,2.36914826921
