feature6,feature3
0.377902855032,0.332858253647
0.330815081204,0.372686365458
0.336482519638,0.357694501429
0.343332940412,0.422769202795
0.296866694929,0.346453282726
0.354855485911,0.327976890343
0.402989096846,0.306409927422
0.432688476001,0.332002800598
0.347994058626,0.340856820835
0.3640164462,0.368887016627
0.335535915788,0.325226874776
,0.447141942593
