feature6,feature3
0.364527458212,0.332197777159
0.34975115274,0.330766310663
0.347425757652,0.35264099904
0.335971923459,0.3446321437
0.338905976685,0.323295039009
0.346453665323,0.277884963081
0.364206380197,0.360915833594
0.350183406372,0.32278163607
0.379951948149,0.345344244485
0.317692985737,0.331075377326
