feature6,feature3
27.6425714286,28.305
27.8845454545,27.8766666667
28.1342857143,28.253030303
27.8488235294,27.7260606061
28.5915151515,27.9345714286
27.7120588235,27.4220588235
28.2729411765,28.5403030303
27.8523529412,27.8314285714
27.3964705882,28.1341176471
27.6323529412,27.8440625
28.5764705882,27.6046875
27.57,28.3131428571
