feature10,feature8
0.348613924832,0.294590753512
0.306894950575,0.0161078384541
0.280692491845,0.329589750193
0.322480879554,0.362313766522
0.329870850532,0.296917860354
0.336532078246,0.330145909059
0.363039181809,0.341094811702
0.294036579958,0.330497588088
0.311767796376,0.354373147481
0.344781398926,0.355452859602
