feature6,feature3
27.8879411765,28.7675
28.0314705882,28.2976470588
28.3166666667,28.2814705882
28.2297058824,28.7529411765
27.913030303,28.0924242424
28.3011764706,28.5194871795
