feature6,feature3
14.6585483871,15.174765625
15.3111794831,15.6346875
15.19828125,14.6440322581
15.082,15.13640625
15.2179603041,15.13984375
15.0038709677,
