feature10,feature8
111.527272727,110.888
112.87125,114.12117647
113.166060606,112.076
112.416,112.39882353
114.911764706,112.427058824
112.535757576,112.795294118
