feature6,feature3
27.8455882353,28.4473529412
27.7621212121,28.26875
28.2948484848,28.3608823529
28.1905882353,27.7194117647
28.3626470588,27.832
28.3302941176,28.515
