feature6,feature3
27.6206060606,27.9506060606
28.6712121212,28.72
28.0664705882,28.4041176471
27.6658823529,27.8602941176
27.5161764706,27.8235294118
27.7848571429,
