feature6,feature3
114.970588235,111.421818182
110.88,114.189411765
113.032,111.605882353
111.571891892,113.450588235
112.625454546,114.037647059
112.44117647,113.332307692
