feature6,feature3
0.386339943844,0.314934485029
0.348009765448,0.323640127267
0.337878041351,0.377528016969
0.377514313631,0.338462968296
0.308422040402,0.358571066994
0.337486051946,0.296364199516
0.333253556222,0.348689025213
0.349842728414,0.318389034418
0.333172029345,0.345247320874
0.302489312799,0.424038658733
