feature10,feature8
0.353053289417,0.388222756501
0.343827772941,0.305222483905
0.321315994588,0.429970551666
0.38774650945,0.297180299868
0.419475531768,0.379405093459
0.388897417009,0.318998657427
0.307886917194,0.388098469457
0.394039513984,0.362398634488
0.33415441447,0.299722364124
0.302447406005,0.315821727647
