feature6,feature3
112.704444444,114.802424242
112.179428572,114.107058824
113.017142857,110.063529412
111.586285714,113.606060606
112.3875,112.398787879
112.994117647,
