feature6,feature3
0.363001289071,0.408656389927
0.398839341965,0.35631334792
0.391089745827,0.30086066227
0.405047103213,0.430421740164
0.333375528184,0.457859208174
,0.309304500279
