feature6,feature3
14.8271212121,14.3601428571
14.3352941176,14.6472916667
14.7515625,14.5714705882
15.3072142857,15.1242647059
,14.7361428571
,15.0747058824
