feature6,feature3
14.9065151515,14.6387878788
14.4422727273,15.1443939394
14.2566911765,14.4733823529
14.8149264706,14.3116176471
14.4594117647,14.4722058824
13.9072727273,14.1696969697
