feature6,feature3
0.44075653715,0.36311089557
0.407432390148,0.322202983466
0.358289176946,0.322366924734
0.436490256363,0.311155887503
0.417650436162,0.288179478053
0.405800537915,0.374286073706
