feature6,feature3
14.4869117647,14.4922794118
14.8909090909,15.2974285714
14.9191428571,14.2438235294
14.5899285714,14.9178571429
15.0625,15.2864705882
14.5463636364,14.8923529412
