feature6,feature3
112.7925,109.301052632
113.06,113.642352941
113.385142857,112.496363636
114.056969697,112.743030303
113.402285714,108.687058824
113.796363636,114.347428572
