feature6,feature3
13.9966176471,14.6581883446
15.0655714286,14.2638235294
14.3746212121,14.3770588235
15.0181617647,14.0375757576
13.9777205882,15.1713636364
,14.1785606061
