feature6,feature3
14.8235714286,15.0940441176
15.1396969697,15.0837878788
14.7247058824,15.4201515152
15.1320588235,15.1916176471
15.2566176471,14.7720588235
14.4690151515,14.7361428571
