feature6,feature3
0.284973306542,0.334767708811
0.365953516468,0.3813228249
0.330551600938,0.355902954885
0.32879205267,0.399011340175
0.405604962255,0.341162252698
0.311832123032,0.349466702333
