feature10,feature8
114.4975,117.142857143
113.728888889,118.048888889
116.461818182,116.874782609
116.2425,115.831111111
116.326666667,113.887719298
114.105454546,114.26
