feature6,feature3
14.8365625,15.0613100962
14.7579411765,15.1352857143
15.1504411765,14.8075757576
15.245,14.854
15.1275757576,14.5115625
14.7135294118,14.7627272727
