feature6,feature3
0.340272687356,0.417030056151
0.350152482671,0.320141356744
0.347787724429,0.36613423064
0.324454241238,0.347674890117
0.325147599598,0.343384782701
0.314521985428,0.356840758569
