feature6,feature3
14.056969697,14.7272142857
14.2715151515,14.4823529412
14.1248529412,15.0246969697
14.4394285714,14.8687878788
14.896969697,14.2142142857
14.3194285714,14.6532352941
