feature6,feature3
0.378604879224,0.34124036333
0.369373473299,0.420909543388
0.360217773505,0.431752554953
0.332375307491,0.376209689722
0.339138276365,0.337703898846
0.356976560105,0.319544471707
0.366117711976,0.409246661456
0.405242869627,0.327347427042
0.413069551099,0.351814792281
0.319447676282,0.294794250127
0.381571305166,0.360350489415
0.341401673218,0.446560027964
