feature6,feature3
114.874117647,112.961212121
110.823529412,110.161142857
112.075151515,112.643428572
112.114117647,112.890588235
113.210285714,112.134117647
112.773714286,112.970588235
