feature6,feature3
110.44,112.0
109.929411765,112.077714286
113.282285714,112.643428572
112.990588235,112.053333333
110.735294118,114.429090909
,113.37882353
