feature6,feature3
110.294117647,110.568235294
110.312,111.409411765
112.325882353,112.757575758
111.848484848,111.290588235
112.675294118,112.6
109.907058824,110.290588235
