feature6,feature3
0.358361441356,0.428615426545
0.439615639271,0.435371933118
0.381285804614,0.329553481419
0.334580775134,0.387208275908
0.329580616697,0.40669493844
0.462541064532,0.362239191621
