feature6,feature3
114.233939394,113.76625
113.738181818,111.93375
111.740606061,111.97625
112.46625,112.79
114.525,114.369032258
114.92625,112.415
109.884848485,111.477647059
112.027878788,112.3925
111.16125,112.90375
112.665,112.493333333
