feature6,feature3
110.023529412,112.21882353
110.927272727,110.676363636
110.495294118,114.204571428
110.49882353,110.32
111.635151515,109.957714286
110.852941176,111.19125
