feature6,feature3
15.3724242424,15.2072857143
14.8527941176,14.8614705882
15.1859090909,14.9836764706
15.46,14.6287857143
15.676,15.1832352941
15.3432857143,14.9911764706
