feature6,feature3
109.598787879,114.92
111.763529412,112.262352941
111.978181818,112.385882353
112.792,110.84
110.59030303,111.144
,114.419428572
