feature6,feature3
0.325871932267,0.39459337187
0.374942201382,0.312075065764
0.285947159781,0.308153872597
0.364924274565,0.441523599264
0.412985269106,0.340441732988
,0.413267110498
