feature6,feature3
111.755151515,112.716470588
111.419393939,111.670588235
112.949714286,111.041212121
111.405882353,110.25882353
110.750588235,110.377647059
113.708235294,113.297142857
