feature6,feature3
14.9366666667,14.9558823529
15.5396875,15.4020588235
15.68125,15.4291176471
14.9006060606,15.3546428571
15.17265625,14.9998529412
14.5754411765,14.9336428571
