feature6,feature3
15.5065625,14.7379411765
15.8411764706,15.695
15.9083823529,15.7188235294
15.5802941176,15.5478787879
16.0339393939,15.4376470588
15.2204545455,15.8910714286
