feature6,feature3
110.496470588,111.33882353
110.892972973,111.100606061
112.030857143,110.988571428
113.913142857,114.1
110.878857143,112.26
111.515151515,116.254
