feature6,feature3
14.4487878788,14.2892647059
15.1156818182,14.7193939394
14.6542424242,14.2778787879
14.6293939394,14.8116176471
14.4596217105,14.9009090909
14.4018181818,14.3608823529
