feature10,feature8
0.563770496823,0.649707982372
0.780958040987,0.63359475737
0.608374342333,0.592147396081
0.655990845515,0.603697775098
0.805744890538,0.684439478546
0.617767305276,0.589456739093
