feature6,feature3
0.342865178651,0.304453347637
0.331724487491,0.405185028966
0.423345110577,0.393854923295
0.333560989122,0.383249803988
0.325473932184,0.362375351922
0.34275633031,0.359817499814
