feature10,feature8
109.119069768,109.556571428
112.222325581,111.524571428
109.974545454,114.141818182
111.042105263,111.758787879
109.393333333,112.433513514
114.034736842,111.594
