feature6,feature3
0.3556100529,0.376189055221
0.330531775911,0.305129011901
0.347320501713,0.431451531
0.334716887102,0.365214793638
,0.344207058553
,0.354950928698
