feature6,feature3
0.33814890981,0.390398733483
0.324376528036,0.376656998632
0.409703557273,0.301262443923
0.323318994931,0.314063485659
0.308465661674,0.366294026677
0.426621940089,0.316974199284
