feature6,feature3
0.321609323008,0.316246786283
0.416302471755,0.41094373257
0.322783444057,0.300417096548
0.389586320328,0.339544784765
0.402189329572,0.336512562487
0.349846882492,0.30173365292
