feature6,feature3
14.5457857143,14.5970588235
14.5917857143,15.0893382353
14.8087142857,15.0869117647
15.2476470588,14.57125
14.4994117647,14.4190625
