feature6,feature3
0.544539209073,0.795928726535
0.361575148876,0.298807408418
0.344652123831,0.260760876008
0.311183121252,0.836792527862
0.504432980115,0.380989215447
0.488746143108,0.287937784573
0.374481307338,0.427237085488
0.941898444753,0.494092187151
0.435138902098,1.12151784191
0.478115401989,0.314403933399
