feature6,feature3
112.462352941,111.856
110.642424242,113.065454546
113.579393939,111.864705882
111.544242424,111.656470588
111.73882353,113.802352941
111.365882353,113.463030303
