feature6,feature3
0.318674431391,0.364795865085
0.447819112859,0.314546535952
0.314881213917,0.43548317766
0.427595382685,0.335835140238
,0.442330071377
,0.392606662399
