feature6,feature3
0.398478864319,0.305028871476
0.356752762771,0.369291306537
0.407064021072,0.297466533227
0.41612244301,0.29267291365
0.345113924829,0.326773998379
0.297621726098,0.310622788816
