feature6,feature3
0.307834590579,0.392250349818
0.32473428179,0.316490107704
0.408866145376,0.310424179759
0.434524486528,0.315217781817
0.369264347916,0.31262874402
0.426025752688,0.335690007911
