feature6,feature3
14.8828571429,14.2951470588
14.7386029412,14.8941911765
14.9034375,14.6648484848
14.5857352941,14.4127142857
15.0242424242,14.5783571429
14.7871428571,14.4863636364
