feature6,feature3
14.1260286458,14.7606460337
14.5149759615,13.2640340909
14.4176041667,15.062890625
15.42203125,14.9732572115
14.9059090909,15.2857356771
13.454375,16.4269140625
