feature6,feature3
110.941714286,112.211764706
112.076470588,113.398857143
113.558857143,113.061714286
113.784242424,111.856
,115.423529412
,111.193488372
