feature10,feature8
0.221056305927,0.23824438195
0.273573472491,0.300255408922
0.315162102074,0.23341256042
0.37315284034,0.294671145991
0.286189627042,0.382562822431
0.250233359587,0.291499737232
