feature6,feature3
112.028235294,112.041212121
113.414117647,113.832941176
111.931428572,112.355428572
113.59375,111.76117647
112.771764706,110.009142857
113.350588235,114.28
