feature6,feature3
111.144705882,111.671764706
110.916571428,111.562424242
110.464444444,114.089411765
112.023589744,110.254117647
111.967058824,112.794285714
113.474594594,114.135757576
