feature6,feature3
112.848484848,110.175294118
111.24117647,112.72
114.062352941,113.591764706
110.757714286,113.094857143
111.952941176,112.945142857
,113.691764706
