feature6,feature3
15.0275714286,14.9398529412
15.2951515152,14.8721323529
14.5910714286,15.461875
15.3140625,15.1066428571
14.4834558824,14.8168571429
15.2933333333,
