feature6,feature3
0.363069819098,0.418117725599
0.394884998108,0.293566176735
0.420217455102,0.358721241271
0.278848741109,0.304290185834
0.375993012788,0.301629582652
0.361755856457,0.357478875783
