feature6,feature3
0.38017414429,0.387770770799
0.40034415861,0.3452699688
0.440664947783,0.32836701426
0.400794131516,0.40092975978
0.343594069625,0.460788640915
0.326018035493,0.341359295799
