feature6,feature3
14.4436764706,14.519375
14.3188970588,14.9646875
14.2471323529,14.3394117647
14.8344117647,14.5548484848
14.91640625,14.4480681818
14.5533333333,14.226969697
