feature6,feature3
0.369945080915,0.343508679576
0.316058564929,0.354784717196
0.470113631731,0.338130238275
0.341702465106,0.313967440445
0.380043550449,0.315236243695
0.345234138623,0.46075508411
