feature6,feature3
0.36177389952,0.346623680499
0.366978829518,0.34238451326
0.182641494823,0.418450506515
0.387824380334,0.413345903909
0.0160908890413,0.383306780437
0.374885371689,0.418462651729
