feature6,feature3
112.41875,115.001212121
111.931764706,111.768235294
112.88,115.428235294
114.085882353,112.349714286
115.114117647,112.967272727
109.98,112.772571428
