feature10,feature8
14.7536764706,14.90109375
14.7096969697,15.25
14.8080882353,15.2970588235
14.8085294118,14.8784285714
14.6431818182,14.7341911765
15.3777403846,14.6885714286
