feature10,feature8
17.610625,17.3875
16.8618055556,17.1327777778
17.628,16.0995652174
18.8706666667,16.3951388889
16.9464705882,15.6142982456
16.9363636364,17.5696428571
