feature6,feature3
110.156470588,112.019428572
113.294117647,111.068571428
110.872,112.186666667
112.137647059,111.344
112.668235294,111.435151515
113.574117647,112.536470588
