feature6,feature3
17.3440909091,18.1778125
17.4680882353,16.9248484848
18.7138235294,19.1004411765
18.5503030303,19.015
18.7026470588,18.76359375
18.0487878788,17.6151515152
17.9125757576,17.8856060606
19.1170588235,17.9271875
18.2325,17.7492647059
,17.4231818182
