feature6,feature3
0.329331543331,0.394822806409
0.307133109296,0.366754161231
0.310700000863,0.328714444547
0.383165370973,0.349301043989
0.325618963752,0.358911897251
0.34015152165,0.365841508891
