feature10,feature8
0.44185236238,0.32337865878
0.429043516014,0.308477845454
0.344753975831,0.421157058005
0.3852986509,0.285097279646
0.371876658491,0.407241223432
