feature6,feature3
113.553939394,110.706285714
111.795151515,112.855294118
114.154117647,111.592727273
113.139428572,110.347878788
112.661818182,112.336
110.788888889,110.2
