feature6,feature3
14.6676470588,14.9937142857
15.0675675676,14.7216176471
14.4525757576,15.3188235294
15.1011428571,15.2926470588
14.8230147059,14.7863636364
15.0803030303,15.2677027027
