feature6,feature3
0.471396271843,0.56345496541
1.17823933936,0.98022370558
0.922254710681,1.04078503182
1.12693578438,0.807131811499
0.465791117787,0.533357342251
0.824778405657,1.41625558711
0.610994497634,0.462723704598
1.05821764278,0.593386825483
0.463368399124,0.437297383263
0.536406125112,0.995805877981
