feature6,feature3
0.384283817235,0.356859154669
0.423514759963,0.293258804841
0.282216088088,0.306242254304
0.339509898217,0.316435534889
0.331999320631,
0.349491277457,
