feature6,feature3
114.108235294,111.803636364
114.547058824,114.715294118
112.36,114.302857143
112.684705882,113.806060606
113.451764706,114.424242424
