feature6,feature3
14.675,15.2121212121
14.6745714286,14.1495588235
14.7405147059,15.2021212121
14.2565441176,14.3235294118
15.1738636364,15.0907575758
14.1,
