feature6,feature3
0.326578296677,0.401980199337
0.352720513472,0.335220001997
0.423267024277,0.39973401263
0.31998309077,0.342503791556
0.303423384535,0.416441970014
0.347735959235,0.301630979145
