feature10,feature8
15.1006451613,15.1863636364
14.8441566265,16.0915517241
16.3212903226,15.4637096774
15.2643548387,15.7402586207
14.7450301205,14.9787878788
15.5258928571,15.675
