feature6,feature3
15.4429285714,15.3030882353
14.4691176471,14.8604411765
15.0380882353,15.4110294118
15.091969697,14.3858088235
14.61984375,15.0065151515
15.0230882353,14.8254285714
