feature6,feature3
0.432288334382,0.390471335503
0.351428808463,0.343199854257
0.336660794505,0.452334015816
0.306319213368,0.413920122224
0.312314140057,0.348881248689
0.310761155364,0.466943983377
