feature6,feature3
15.0977941176,14.669
14.4514285714,14.5659558824
14.5867142857,14.9456060606
14.4688235294,15.0812857143
14.6477272727,13.9627941176
,14.4614705882
