feature10,feature8
113.584242424,110.074594594
112.951515152,111.308235294
110.930909091,111.632
113.004705882,111.001632653
115.014117647,114.911764706
110.891764706,114.191515152
