feature10,feature8
14.6367424242,15.1053030303
14.5545454545,15.1423529412
15.1433333333,14.5863571429
15.2193939394,14.51
15.2367647059,14.9519117647
14.9868181818,15.5966666667
