feature6,feature3
112.975757576,110.348235294
111.364705882,110.656
110.751764706,109.627878788
112.250285714,111.908888889
107.8688,111.857142857
111.979428572,107.832820513
