feature6,feature3
110.344242424,110.07882353
110.797575758,110.926857143
111.346666667,112.868235294
112.925882353,110.231764706
111.245714286,112.204705882
114.298285714,113.01882353
