feature6,feature3
15.5185294118,14.6024264706
14.9448648649,15.4089393939
14.5417142857,15.3697142857
14.8753571429,14.8069117647
14.2351428571,14.4936764706
15.38125,15.57925
