feature6,feature3
0.467802143067,0.281447677781
0.388396520606,0.396461009357
0.334187908969,0.339452585624
0.465102845833,0.369949222844
0.338354200535,0.330808945552
0.330141128708,0.331409417271
