feature6,feature3
112.718787879,109.04117647
112.214117647,113.28
111.170588235,109.48
113.028235294,110.963636364
109.434117647,112.150588235
110.33625,111.312941176
