feature6,feature3
0.427146344323,0.371756072666
0.310800759034,0.309342966384
0.348510426707,0.353413443998
0.365291879805,0.32778361287
0.439875042383,0.389475984712
0.324519876822,0.33527510988
