feature6,feature3
113.17125,112.334545454
111.6,110.576470588
112.023030303,111.562285714
109.897142857,112.002352941
113.02117647,112.571428572
109.15882353,112.74125
