feature6,feature3
132.53,133.32
122.841,122.415
128.11,122.936969697
122.656410256,119.155555556
124.734634146,126.955
121.137142857,125.973333333
124.417777778,120.255555556
126.505,124.815
121.312,124.26
,119.668108108
