feature6,feature3
0.335117862372,0.459311140532
0.43863647277,0.397848257203
0.335723039947,0.389583392288
0.336437929747,0.346030007944
0.365390351988,0.334522723195
0.370214598471,
