feature6,feature3
0.308880138803,0.325251285202
0.370715062091,0.342988472421
0.351526542891,0.308740228139
0.352956265005,0.28489175664
0.42673848533,0.341946697681
0.291504790336,0.356742656193
