feature6,feature3
0.396522578998,0.312973699017
0.41439327701,0.302413681267
0.402045326059,0.368036028118
0.382746480064,0.312614099599
0.439841516423,0.301741519432
0.31865522002,12.6351262366
