feature6,feature3
14.0283333333,14.7829411765
14.0117857143,14.2136363636
14.4925,15.006969697
13.8547058824,14.2584848485
14.2925735294,14.4151470588
14.3421212121,14.174469697
