feature6,feature3
113.471515152,112.536
111.92117647,114.125555556
112.03030303,113.347058824
110.864,114.482352941
,112.904
,112.257647059
