feature6,feature3
0.306222048774,0.387147336471
0.366753288217,0.380308232464
0.365504709212,0.33265919008
0.335591452904,0.40789106476
0.398559372227,0.328744300838
0.352481394569,0.340774073978
