feature6,feature3
111.870588235,112.460606061
114.987878788,111.437647059
114.94117647,109.664242424
109.732941176,112.995294118
110.827878788,114.3625
112.392727273,111.747878788
