feature6,feature3
0.330887360678,0.319898922419
0.32662205061,0.406772722181
0.370413148244,0.342014510534
0.335303630903,0.369300018293
0.32966047229,0.353844130403
0.328824910774,0.310756374815
