feature6,feature3
113.545555556,113.531428572
117.884444444,111.301818182
111.459,112.736666667
113.025555556,109.86
115.46,115.402857143
113.866285714,117.075555556
113.564651163,112.305142857
113.955294118,114.499
112.881666667,112.820465116
114.472727273,111.371578947
112.901111111,110.156153846
110.918095238,110.137894737
113.307027027,
117.61,
114.527567568,
