feature10,feature8
112.385454546,115.92
114.470857143,114.316363636
114.315428572,111.91030303
112.94,113.846060606
113.043636364,111.227058824
112.00117647,111.256470588
