feature6,feature3
112.671764706,114.935757576
111.947878788,113.070588235
111.928235294,110.52
111.871764706,112.976470588
,111.798787879
,112.386666667
