feature6,feature3
118.333333333,114.796923077
110.984615385,115.050909091
111.98,109.664615385
114.683636364,113.113846154
116.832727273,114.213333333
115.31,119.785
