feature10,feature8
0.378402686095,0.310791620738
0.307996153445,0.354097362547
0.405614358652,0.334374374779
0.408962238272,0.329766291653
0.411953428621,0.343942689013
0.297828827967,
