feature6,feature3
112.635428572,111.322352941
114.484705882,113.179428572
111.672,111.01882353
113.169411765,114.571428572
113.951111111,110.153939394
