feature6,feature3
14.8336363636,14.6024264706
15.1575757576,14.7619117647
14.4173529412,15.0296428571
15.3223484848,14.7106060606
14.5829411765,14.2768382353
15.3373529412,14.9247727273
