feature6,feature3
0.338641423693,0.380539903318
0.386713947461,0.436620197329
0.337041568745,0.297953073814
0.440927425513,0.400274839361
0.349892834609,0.350760040022
0.429882660166,0.441587953395
