feature6,feature3
0.344053053504,0.356394973636
0.438368498151,0.329051172067
0.328331280441,0.326475753798
0.297383167112,0.364541125641
0.321023438263,0.404843145169
0.359526686173,0.419293276519
