feature6,feature3
111.226666667,112.090588235
113.347058824,112.872
111.44,109.135294118
112.869411765,115.48969697
109.035428572,111.435294118
112.96117647,111.842352941
