feature6,feature3
111.502352941,111.509090909
110.564705882,112.694545454
111.031764706,109.657647059
112.732941176,110.456470588
111.59375,112.445454546
112.247272727,113.393939394
