feature6,feature3
0.443309025089,0.348040710963
0.293535840705,0.304110391569
0.375134138213,0.441279882479
0.345495829459,0.369096564977
0.359739073862,0.306827634409
,0.308177578404
