feature6,feature3
0.347618053594,0.334847277082
0.311345390706,0.305474085915
0.425352166136,0.403083478328
0.319598117873,0.369168212289
0.320017267373,0.313565148312
0.340493499119,0.300399017131
