feature6,feature3
0.364490010996,0.335606874324
0.394541726399,0.371825370464
0.322364473921,0.345041223131
0.305226998676,0.352755423036
0.321259956152,0.348135588594
0.371123484925,0.433183223926
