feature6,feature3
0.345844380526,0.345647419531
0.370381723323,0.324088198637
0.363345557651,0.377488556693
0.312260868025,0.302993332794
0.313943798069,0.373109028602
0.389086543436,
