feature6,feature3
0.341807024839,0.331322786915
0.365243372722,0.359698745233
0.334886457281,0.312229132071
0.403205788939,0.312289248032
0.432412207828,0.334693890512
0.4395436822,0.392900047754
