feature6,feature3
111.93875,112.674871795
109.527058824,108.64969697
109.92,112.442352941
110.531764706,111.915151515
110.331764706,109.590588235
114.246060606,
