feature6,feature3
110.270588235,113.995294118
110.8,109.187878788
110.498285714,112.995
110.940571428,111.16969697
112.48969697,111.850588235
110.914117647,110.885882353
