feature6,feature3
14.4142857143,14.4415441176
14.8975,13.738
14.3757352941,14.0848484848
14.8354411765,14.3453472222
14.0521212121,14.4894117647
13.8985606061,13.8221212121
14.47375,14.2051515152
13.9822727273,14.0879285714
14.2880882353,14.7027272727
14.2527272727,14.4451470588
14.8209558824,14.17828125
,14.7242647059
