feature10,feature8
112.835294118,111.844705882
111.388235294,112.477714286
109.730285714,111.802285714
111.395428572,114.616470588
109.424705882,114.432727273
112.664,112.872727273
