feature6,feature3
112.491764706,111.129142857
109.772121212,109.322352941
114.141818182,113.770909091
109.489411765,111.00125
110.07882353,113.23882353
111.549411765,112.067428572
