feature6,feature3
0.295626654393,0.323729944359
0.38126214938,0.323395392094
0.387857625653,0.324488954217
0.329858634167,0.384609387532
0.356795868534,0.380801174917
0.290489938399,0.270619974755
