feature6,feature3
0.979102836819,0.945623647473
1.10086091909,0.916997371448
1.00394117261,0.960515896421
0.786539093054,0.993097391148
1.1438715664,0.849781529678
0.799953142694,
