feature6,feature3
110.570588235,113.235151515
111.364444444,111.524848485
110.256969697,113.012941176
111.927272727,110.748571428
110.083428572,111.251428572
113.123529412,110.746285714
