feature10,feature8
15.4507142857,15.4362121212
15.3118918919,15.23078125
15.5686785714,15.4490116279
16.1012121212,15.944
15.3888068182,15.5035755814
15.5675757576,16.2652941176
15.8738815789,16.0227272727
15.4725260417,17.4339285773
16.0142424242,15.3420588235
16.5188571429,15.09125
16.0395714286,15.4261789773
16.190755814,
