feature6,feature3
14.6511428571,14.9262142857
14.3671794872,14.7703030303
14.804469697,14.4086764706
14.3629111842,14.3681818182
14.7918382086,14.1186029412
14.3921212121,
