feature6,feature3
14.1285294118,14.2939393939
14.5582352941,14.3013571429
14.4308571429,14.5627142857
14.6344117647,14.1336764706
14.3527142857,14.3345454545
13.8410294118,
