feature10,feature8
111.806857143,113.835151515
112.489411765,110.536470588
114.845882353,111.482352941
111.577647059,110.845882353
111.944705882,113.042424242
112.883529412,114.00969697
