feature6,feature3
14.2117142857,14.7066176471
14.1166911765,14.5532258065
14.6772058824,14.7934558824
13.8688235294,13.6502941176
14.3754861111,13.6979411765
14.2635606061,13.8815151515
