feature6,feature3
16.0829411765,15.7064705882
15.8478571429,15.7363636364
15.2380147059,15.3597058824
15.6565625,15.2592647059
14.7766666667,14.9948484848
15.7863235294,15.5754545455
