feature6,feature3
14.1669117647,14.7846969697
13.9250757576,14.1175735294
14.1887878788,14.2239393939
14.5366428571,14.7363235294
14.5860606061,14.9554545455
14.4302941176,14.1856060606
