feature6,feature3
0.318801005516,0.37570325396
0.414176998097,0.426918948993
0.410347767908,0.381443185383
0.337656900349,0.42154418995
0.321692156547,0.391711892386
0.412355945373,0.350157177043
