feature6,feature3
15.9430147059,15.7685483871
15.3176470588,15.5275
15.278515625,16.075483871
16.0496774194,15.39703125
16.009765625,16.4051612903
14.4895,15.9415625
15.7912878788,15.4146875
15.1112903226,15.269375
15.35859375,16.267109375
15.2561290323,15.44015625
16.1878125,16.1606451613
,15.70796875
