feature6,feature3
111.014857143,108.682424242
111.819428572,108.704705882
111.333333333,112.956363636
111.387058824,113.404848485
110.763529412,
112.667428572,
