feature10,feature8
15.9621052632,16.4295833333
14.8056402439,14.98575
15.64,14.6777083333
15.0065243902,15.9225
15.8366666667,15.0107926829
,14.9213492063
