feature6,feature3
14.7925714286,14.9721969697
14.6966176471,15.673125
15.1443571429,14.9513235294
15.1401515152,15.1720588235
14.715,14.7322727273
,14.8263970588
