feature6,feature3
0.315711904562,0.411514116203
0.418880463927,0.416417547129
0.396312209793,0.311139674559
0.375649029123,0.314572300592
0.325614066276,0.348831411903
0.327008609293,0.388762233669
