feature6,feature3
113.442285714,109.793488372
114.132121212,110.918857143
114.601142857,111.287058824
112.75,113.355151515
110.715294118,112.865454546
137.291764706,113.183529412
