feature6,feature3
0.394136599556,0.317694003728
0.29743653641,0.39089220799
0.401533902197,0.321584971423
0.33520325437,0.375781316364
0.456165133938,0.32176007907
,0.32851052663
