feature6,feature3
111.327272727,114.349677419
112.016216216,114.931891892
113.533333333,113.056
112.095,114.1525
113.486,114.695757576
112.676363636,110.69625
