feature6,feature3
15.0490909091,15.6499264706
15.2972727273,15.0245454545
14.9791911765,15.2024242424
15.5808823529,14.9548484848
15.6816666667,14.99046875
,15.2341176471
