feature6,feature3
14.1384558824,14.5115151515
14.4021212121,15.36
15.14109375,14.4689705882
15.1097794118,14.56
14.5395588235,14.6197727273
14.7761764706,14.106969697
