feature6,feature3
14.7351470588,15.6330882353
15.1995454545,15.2471212121
14.5772058824,14.9587857143
15.3432352941,15.0797058824
14.355,14.5040909091
14.98734375,14.9855882353
