feature6,feature3
0.299672408459,0.301887099551
0.376538862007,0.408502133426
0.357594961753,0.226393063331
0.340161057039,0.293946255456
0.34376004509,0.346458790415
,0.347831216397
