feature6,feature3
112.128235294,110.622857143
112.710588235,114.043529412
110.72,112.021818182
110.978285714,112.52117647
111.713142857,110.642424242
110.12117647,112.193142857
