feature6,feature3
15.7021212121,16.75125
16.09953125,17.8625
17.3675,18.0954285714
18.0181818182,17.4421428571
16.1252564103,17.0642647059
16.6663636364,17.13296875
17.1277941176,16.7065625
17.5548484848,18.0125757576
15.8497058824,17.5331818182
16.085,
