feature6,feature3
15.4050714286,15.2927272727
15.3905882353,15.3272058824
14.5666666667,15.4383823529
15.23609375,15.6721212121
15.3618181818,15.7866666667
14.8878787879,15.1424242424
