feature6,feature3
122.294545454,120.786666667
120.031764706,123.345454546
118.563529412,119.915151515
118.0675,117.902352941
119.24875,123.576969697
