feature6,feature3
0.355938695709,0.37074601107
0.384712358478,0.380495694391
0.413170684398,0.396650506839
0.40982855892,0.367424019418
0.318655788744,0.362459868726
0.365962353269,0.327909045885
