feature6,feature3
111.0725,113.035294118
114.955294118,114.763636364
112.511764706,112.886060606
110.92969697,111.53882353
110.152941176,112.688235294
110.131764706,110.075151515
