feature6,feature3
16.2189393939,16.6524285714
17.1298571429,17.5738571429
16.6407142857,16.2238235294
15.2217142857,16.5558823529
15.8281944444,17.4718571429
16.2827941176,16.0887142857
17.4521428571,15.3945714286
16.9622058824,18.5183571429
17.7172857143,17.3583333333
