feature10,feature8
113.827058824,113.422857143
111.36,114.404705882
112.577647059,112.692571428
114.376470588,112.529411765
109.771764706,109.86
111.668571428,
