feature6,feature3
111.735294118,111.442285714
113.395428572,110.994117647
113.130588235,111.089142857
115.448484848,113.782857143
112.76117647,111.907058824
113.995294118,112.387058824
