feature6,feature3
15.2277586207,15.6254411765
14.9367647059,14.8
14.9879411765,15.1194852941
15.2007352941,15.0615833333
15.0016666667,15.0541319444
15.2877419355,15.1081666667
