feature10,feature8
0.309603732968,0.343590860604
0.312791853436,0.38309594749
0.385189928472,0.328348817601
0.317623330941,0.330832213263
0.323184215262,0.388745088147
0.340762848663,0.408652455356
