feature6,feature3
15.201969697,14.6034848485
14.6863235294,14.8095454545
15.0684848485,15.2127272727
14.9731818182,14.9931818182
14.4905714286,15.1460606061
14.5287142857,14.9389705882
