feature6,feature3
0.410532005464,0.285722249305
0.305008372541,0.362025513625
0.338126599011,0.385344595674
0.411680195324,0.315524996253
0.310182124929,0.357225265575
0.299709553032,0.37558693951
