feature6,feature3
15.3604411765,15.3647142857
14.8202941176,14.72703125
15.1668382353,15.2205882353
15.5891176471,15.224
15.0956060606,15.9936363636
15.0951515152,
