feature10,feature8
111.522424242,111.791515152
111.55882353,112.85375
112.891764706,113.63
112.215294118,111.703030303
112.044705882,110.83625
,112.658181818
