feature6,feature3
0.43274796105,0.318109409573
0.388543148985,0.353297776613
0.333900754172,0.286338708155
0.373928221297,0.431491309637
0.30045597028,0.43199586615
,0.373701617288
