feature6,feature3
111.847058824,112.58
109.687058824,112.101818182
111.029411765,112.517714286
110.82,110.249411765
109.804705882,111.689411765
113.385882353,113.210909091
