feature10,feature8
110.73125,111.56
114.126060606,114.653333333
111.853333333,112.349411765
113.768484848,110.392727273
113.608235294,111.798787879
112.324705882,110.904242424
