feature6,feature3
14.1623529412,14.295
14.4978787879,14.1575757576
13.8842647059,13.9397058824
14.4586363636,14.4837142857
14.1878030303,14.1441666667
14.0809285714,14.6093939394
