feature6,feature3
110.732121212,109.174545454
109.922352941,112.069090909
113.187058824,111.835294118
111.245714286,112.572121212
113.12875,112.325882353
114.065882353,113.788235294
