feature6,feature3
14.753030303,14.6658823529
15.11,14.815
15.5040625,15.0412121212
15.2207857143,15.4039393939
15.5277941176,14.4292647059
14.7737878788,15.1213636364
