feature6,feature3
112.748571428,114.210588235
113.703529412,111.774545454
113.763636364,112.184
113.061714286,114.495757576
142.4,112.988235294
113.122352941,113.387878788
