feature6,feature3
116.703333333,109.477647059
109.397575758,112.987428572
110.804848485,111.564705882
109.549411765,113.113939394
111.995151515,113.015294118
111.108571428,
