feature10,feature8
109.975384615,114.305
111.045783132,112.809
113.092121212,112.235068493
112.31373494,115.53882353
112.951111111,114.257831325
,112.307936508
