feature6,feature3
15.1690909091,16.0255714286
15.3627272727,15.8258571429
15.6554545455,15.42
15.7425714286,15.5634848485
15.7465625,15.3565151515
15.1967647059,
