feature6,feature3
110.192941176,113.481212121
109.970588235,113.248484848
111.958857143,112.305882353
111.669411765,111.453333333
112.906666667,115.490588235
111.892307692,112.08
