feature6,feature3
14.9928787879,14.2364705882
14.53125,14.6110294118
15.1639393939,14.8427272727
14.4705882353,14.5677941176
14.9276428571,15.1438235294
14.1999285714,15.2795454545
