feature6,feature3
15.4516554054,14.9910606061
14.8519852941,15.9248484848
15.1277272727,15.0521875
14.6327941176,15.5901515152
16.5255555556,14.7047058824
15.3736764706,14.9175
