feature6,feature3
14.4942424242,14.8377272727
14.9327941176,13.8486029412
14.6748529412,14.601875
14.9561428571,14.0654545455
14.4001470588,14.2983571429
14.2846323529,14.0922727273
