feature6,feature3
0.298589948728,0.413417705824
0.428636241559,0.330391826575
0.371290101117,0.391673170117
0.400684605494,0.345460316833
0.414716520161,0.363057756676
0.395720838311,0.326617786703
