feature6,feature3
14.6534848485,14.3005882353
14.2348484848,14.9508823529
14.3945714286,15.0307575758
14.0660294118,15.0352941176
14.5754411765,14.1260606061
14.4375,14.965
