feature6,feature3
14.3667424242,14.3445
14.2534848485,14.8290909091
14.3213636364,14.4625
14.4909090909,15.1969117647
14.8553787879,14.2892647059
14.2408088235,15.1406060606
