feature6,feature3
116.107096774,112.192727273
112.610322581,113.478857143
112.486451613,112.652941176
113.388387097,112.588235294
112.210588235,113.420645161
111.557647059,112.779428572
