feature6,feature3
0.400353194662,0.373798969186
0.359576764301,0.355457128072
0.31962087108,0.306560069481
0.40881221967,0.352558678177
0.346283005128,0.370165899667
,0.310846084833
