feature6,feature3
110.935294118,113.256
113.383030303,112.766060606
112.743529412,113.397575758
113.917647059,112.362352941
112.47625,111.503529412
113.535757576,111.741714286
