feature6,feature3
0.57692554679,0.608824078292
0.585412080255,0.552459490513
0.696591020731,0.716870823927
0.508802422342,0.583352009126
0.523947191158,0.713275654707
0.623401698605,0.634506677762
0.61577012382,0.635682397011
0.482890261173,0.656567924412
0.665584003885,0.704635595582
0.578766644121,0.593656976946
