feature6,feature3
0.263719526462,0.307120545064
0.357675563099,0.297007419301
0.33531793095,0.320351632766
0.311862007797,0.357159087132
0.389002373657,0.348422698172
,0.32563418487
