feature6,feature3
15.84625,14.8664705882
14.4306060606,15.3494285714
14.955625,15.5059090909
14.8692647059,15.5536363636
14.6933333333,14.5629411765
14.6871428571,
