feature6,feature3
0.396332176763,0.358598806583
0.37310365669,0.39000337433
0.315350077777,0.402747257266
0.420279924629,0.394661397278
0.338500846398,0.405021210242
0.348402484402,0.326368244356
