feature6,feature3
14.4542647059,14.9943939394
14.4865151515,14.4622058824
14.0011029412,14.4182857143
14.4087878788,14.9329411765
14.5898484848,14.6491176471
14.330530303,14.6444852941
