feature6,feature3
111.524705882,111.497647059
115.137647059,114.151515152
114.76,110.712
112.671764706,110.462352941
113.621818182,111.292941176
111.704705882,113.474117647
