feature6,feature3
112.859393939,111.674117647
112.888235294,110.902352941
111.590857143,112.728484848
114.709090909,113.690588235
112.63047619,115.344705882
109.568,
