feature6,feature3
15.460625,14.5215625
15.0758823529,15.2966666667
15.3553030303,15.2125
15.4424264706,15.3290909091
15.2571323529,15.5777941176
15.03171875,15.2266176471
