feature6,feature3
13.8870588235,15.0295454545
14.9083823529,14.2708823529
14.7784848485,14.1463636364
14.3412142857,14.6750735294
14.4845,14.4817647059
13.9994285714,15.0075
