feature6,feature3
0.453259772576,0.390433257864
0.306191795722,0.30116077253
0.332940058562,0.326182906198
0.359565077764,0.302614927465
0.369372384705,0.305612458966
0.429810093336,0.415353097239
