feature6,feature3
113.475294118,113.363529412
112.346666667,114.034117647
111.780571428,110.817142857
111.918857143,112.972941176
113.331764706,112.909411765
116.137647059,113.469411765
