feature6,feature3
0.301948230546,0.359749003157
0.377576708721,0.328728976394
0.311090362615,0.381516350378
0.391063378491,0.456384535093
0.357220250899,0.317517129032
0.292900504076,0.322097809683
