feature6,feature3
0.364274845933,0.325169980879
0.332153087347,0.339604470987
0.239626030809,0.325917462723
0.315751600795,0.325253182878
0.304351221879,0.305115251726
0.322940635071,0.347014134413
0.322369325894,0.355485866966
0.404590704964,0.384365601191
0.294346138419,0.425717043798
0.320539016847,0.325237897603
0.37096009096,0.370858879181
0.276242618883,0.383929529272
