feature6,feature3
111.034117647,110.408235294
111.642352941,110.872
110.788888889,109.178181818
113.116470588,113.232727273
110.716363636,110.42
112.093714286,112.681212121
