feature6,feature3
0.436625796347,0.317429416294
0.396679402454,0.311567686767
0.354824164766,0.373476244415
0.420452546651,0.333744112789
0.333497246968,0.362315490256
0.281160335639,0.363869647543
