feature6,feature3
0.313689567677,0.27317515587
0.256228307907,0.37529549577
0.271814377629,0.261216742355
0.281191805253,0.244421031681
0.314139108987,0.301515086468
0.308685128528,0.256657943046
