feature6,feature3
13.7567647059,14.7646323529
14.1654411765,14.4933823529
15.2381849134,14.9275757576
15.0102205882,14.6258823529
14.7723529412,15.0152857143
14.5130147059,14.6546323529
