feature10,feature8
0.320835586817,0.300814973223
0.325236250983,0.342800722741
0.374482378557,0.312574366493
0.336275705403,0.392667166717
0.310175618444,0.368686158321
0.361291509959,0.320566707641
