feature10,feature8
112.148235294,110.967272727
113.715897436,111.26
113.042051282,112.15030303
111.824242424,112.216410256
112.562352941,109.082222222
,108.770909091
