feature6,feature3
0.279360480803,0.363052765241
0.353866570378,0.418751199703
0.431066234832,0.357087757583
0.315361262896,0.363254133343
0.331024809044,0.315236933222
,0.321509247505
