feature6,feature3
0.372399225373,0.335662830203
0.417865548687,0.444837580334
0.39552771813,0.416772198561
0.377263459827,0.349100133268
0.439790508212,0.342616971337
0.363819034018,0.276369003712
