feature6,feature3
15.3259677419,14.8528125
14.68125,15.235
15.5301612903,15.014375
14.69046875,14.9429285714
14.7628125,14.6546212121
15.41,15.6527272727
