feature6,feature3
113.24,113.269411765
112.07882353,111.923636364
113.571764706,112.588571428
111.471764706,109.897647059
111.208235294,112.990588235
111.65882353,112.563529412
