feature6,feature3
0.320156854393,0.327033648165
0.253579526909,0.363598626422
0.353468770045,0.264607779615
0.312812191907,0.342382780165
0.337770516741,0.414171363304
0.295824115985,0.336497336021
