feature6,feature3
0.323877919083,0.336151014931
0.387867123447,0.395389158015
0.310109462142,0.322209157255
0.304381893283,0.322297805725
0.3538742738,0.313180767212
0.280200960716,0.381896277704
