feature6,feature3
112.213333333,110.844571428
113.022857143,115.189714286
115.109090909,110.403636364
111.84,111.415757576
115.15882353,110.571764706
113.39030303,113.330909091
