feature6,feature3
112.486060606,111.470588235
109.251764706,110.055757576
111.84,110.740571428
110.697142857,114.08
110.593142857,113.363428572
111.056470588,113.08117647
