feature6,feature3
14.3215151515,14.3943939394
15.4385294118,14.4452941176
14.8655,14.6882352941
15.1134285714,15.2324242424
14.2180882353,14.5920588235
14.6532352941,15.4956428571
