feature6,feature3
0.295529079064,0.360762527675
0.37824606742,0.295471778056
0.290225081019,0.347292715564
0.309921215313,0.306706317247
0.323690301905,0.30996485681
0.343313742849,0.391647904016
