feature6,feature3
109.895757576,111.62
110.379393939,112.029090909
111.93882353,110.669090909
113.620606061,111.877647059
112.638787879,110.892121212
110.602352941,113.705454546
