feature6,feature3
15.1372058824,14.8386764706
14.6707142857,14.303030303
14.9680645161,14.7265441176
14.1192763158,14.9041176471
14.3974264706,14.9985
14.5956756757,14.9139538944
