feature10,feature8
14.80125,15.5576351351
15.35625,14.5094117647
15.0416666667,15.2870588235
15.1425735294,15.5703539541
15.645,14.9967647059
15.3625,15.2324242424
