feature6,feature3
15.4325,14.6955882353
15.3424285714,15.4358333333
14.6522794118,14.7518181818
15.165,15.4277272727
15.1452142857,14.9029285714
14.97,14.6801428571
