feature6,feature3
0.382686536541,0.367573116924
0.332549293796,0.334054154354
0.300228408356,0.377632290701
0.425572017029,0.388165457504
0.435279710503,0.316658219564
0.330611700228,0.360513148039
