feature6,feature3
112.989677419,112.878709678
112.12625,112.59125
112.63375,110.78125
108.811111111,113.5775
110.445,111.8375
112.427878788,110.275348837
