feature6,feature3
111.050909091,112.277647059
112.274117647,114.68
112.23882353,110.782352941
111.835294118,108.70117647
113.583529412,111.112727273
111.182352941,109.731428572
