feature6,feature3
15.0582352941,15.9207347973
15.8682352941,16.2582352941
15.1954545455,16.2282352941
15.7220588235,15.8950735294
16.3536842105,16.0930882353
15.2340909091,15.5387878788
