feature6,feature3
112.42117647,111.847272727
113.673142857,111.92
113.221714286,107.66
112.183030303,113.442352941
112.354117647,113.066285714
112.158857143,114.084848485
