feature6,feature3
15.3431818182,14.62609375
14.4629411765,15.2494202303
15.0257142857,15.5427678571
14.6863636364,15.0213815789
14.4711764706,15.5731428571
14.7159090909,14.7027724359
