feature6,feature3
0.315048046287,0.323782427059
0.329780204754,0.367431838683
0.328556772085,0.368303804941
0.311636480476,0.311003816852
0.300225961792,0.31852272007
0.422591084799,0.253461906764
