feature6,feature3
115.820571428,110.393142857
110.534545454,112.050588235
110.84,110.733714286
114.957714286,114.166060606
114.124571428,113.02
110.065882353,111.156923077
