feature6,feature3
15.175,14.3136428571
14.1995454545,14.0167142857
14.9162121212,13.9161111111
14.0527205882,14.0890909091
13.9678787879,14.8732352941
14.1631428571,14.8733088235
