feature10,feature8
15.8264705882,15.0177142857
15.0243939394,15.8962121212
15.5185294118,15.3738571429
16.1,15.5366911765
15.6960294118,15.0255882353
15.724,
