feature6,feature3
0.335567031653,0.364821901319
0.398177169466,0.326776501384
0.394496250482,0.325228202769
0.28921472664,0.355438058047
0.414463103941,0.34015080462
0.348538115508,0.335446501081
