feature6,feature3
0.60354883354,0.523956682283
0.489217962585,0.507746701682
0.525560261057,0.613482780304
0.532535222415,0.406578527477
0.539075373267,0.595453790662
0.555770449258,0.570872152699
0.500201403056,0.543581564524
0.560868238348,0.430208197573
0.453464452474,0.562920753454
0.481708405056,0.428548466224
