feature6,feature3
115.111764706,112.405
109.990857143,111.87375
112.12,110.863225806
111.29625,113.36125
111.2625,114.8125
111.484,112.61875
111.796363636,113.16125
112.864516129,113.645
114.61875,113.31625
112.28625,113.59625
110.975,112.88516129
,113.29625
