feature6,feature3
113.996363636,113.350909091
111.985142857,114.032727273
112.64,113.672
113.267878788,114.029714286
112.224242424,112.12
112.271764706,111.18117647
