feature6,feature3
0.7460784181,1.23133060067
1.15871994748,0.631829398094
0.922992718938,0.800213709192
1.32078795555,0.5621195591
0.480809625243,0.343589942918
0.591019453011,0.733239903895
1.15930634634,0.403019260452
1.0345468568,0.367232174813
0.705745502038,0.518304781106
1.23913623407,0.598769553818
