feature6,feature3
108.24,112.364571428
114.516363636,111.261714286
110.723529412,111.971764706
112.421714286,113.72
108.814545454,113.884705882
111.589411765,114.204848485
