feature6,feature3
112.243529412,113.167272727
110.252571428,110.692941176
110.288235294,112.728
108.170588235,111.527058824
110.066666667,111.512727273
112.507058824,
