feature6,feature3
0.314959836315,0.354403107488
0.320391151035,0.30046840894
0.366454915841,0.423290099979
0.366784033483,0.305372582599
0.329499845165,0.355269236348
0.316126790648,0.357391862327
