feature10,feature8
0.352270087898,0.333673277947
0.370343235959,0.309149598157
0.333581735123,0.40706277618
0.437939780847,0.329809641678
0.409608049561,0.389393113552
0.297290595904,0.347161400264
