feature6,feature3
112.127272727,114.075151515
109.544,111.557647059
112.927272727,112.469411765
111.1,109.544
112.092121212,113.085882353
,110.34
