feature6,feature3
113.803529412,111.535294118
110.096,111.436666667
112.235294118,112.16969697
110.63882353,112.383030303
112.328,115.025142857
112.697647059,111.736
