feature6,feature3
112.900606061,113.26117647
111.848484848,112.348235294
111.593939394,111.813333333
111.252121212,112.985882353
110.708717949,111.254117647
113.568484848,112.83882353
