feature6,feature3
112.843902439,109.9
112.058064516,112.675
114.24375,113.88375
113.393846154,112.16875
111.770322581,113.95875
114.18,113.80375
