feature6,feature3
109.983529412,111.8
109.682424242,113.46625
111.530909091,111.842285714
109.9,113.238857143
111.376842105,112.14117647
111.171764706,108.622352941
