feature10,feature8
0.370977229287,0.420594105767
0.319543535324,0.359443864609
0.31879833473,0.299286233017
0.396426223077,0.297407097307
0.411663346315,0.347226368481
0.309405499779,0.322623916361
