feature6,feature3
108.750857143,112.703030303
112.095294118,113.787878788
114.223030303,112.182857143
112.042424242,113.532941176
111.805882353,110.984705882
112.673939394,112.332571428
