feature6,feature3
15.1915909091,14.9124242424
14.8367647059,14.2069852941
15.2281818182,14.7327941176
15.1163636364,15.1830147059
14.0731617647,14.4016666667
14.3911029412,15.1860606061
