feature10,feature8
0.623600117015,0.525904705653
1.06885113664,0.52048174682
0.707676337628,0.880002482079
0.683427821669,0.581604763466
0.656056627528,0.905604540459
,0.708851707882
