feature10,feature8
15.8668181818,15.58
15.266474359,15.2989397321
15.6358974359,15.0364244186
16.2690384615,15.8438571429
15.3944117647,15.3795138889
15.5839705882,
