feature6,feature3
0.375481364033,0.429384721072
0.387136156596,0.29703135187
0.391490811277,0.282580539379
0.337653023193,0.319030019662
0.355541622157,0.307107582605
0.341873534698,0.319138216096
