feature6,feature3
111.96,112.413333333
110.549714286,112.105882353
110.751515152,112.196470588
112.812121212,114.968484848
110.650909091,111.153142857
,112.550588235
