feature6,feature3
15.3025,15.5184375
15.11,15.3025
14.8574242424,15.7599285714
15.316969697,15.0636764706
16.5327272727,15.7831818182
,15.4651470588
