feature6,feature3
16.3634848485,17.0831818182
15.6160294118,17.5861764706
15.43921875,18.1857575758
16.40015625,17.7570588235
16.4504545455,15.7836363636
15.80078125,17.6393939394
17.7303030303,16.3739393939
16.1726470588,16.87640625
16.061969697,15.548125
,17.6093939394
