feature10,feature8
0.344617330555,0.312903530436
0.34632445897,0.37726644744
0.413833788732,0.328611460638
0.31319568399,0.348006915523
0.339392225096,0.313691807314
,0.307051334212
