feature6,feature3
1.12832719822,0.883872170923
0.561205378926,0.726208159924
0.8627344094,0.889435013589
0.523496769452,0.643657695239
0.698434658888,0.844260190623
1.11043130035,1.0132570663
1.0669941709,0.379799262119
1.1453484862,0.493639698051
0.492408357727,0.86095771572
0.955983030906,0.60105651809
0.940770864522,0.536209054682
0.43840421987,0.702194380144
0.941388228309,0.523549279807
1.21533308783,0.401390255274
