feature6,feature3
110.78625,111.564571428
110.616,111.824705882
113.108235294,111.950857143
113.157647059,113.287058824
109.829714286,112.362424242
,111.410588235
