feature6,feature3
112.864242424,111.762424242
111.308571428,112.19882353
108.175294118,113.43030303
110.410588235,112.117647059
112.083428572,112.515294118
111.187878788,111.210588235
