feature6,feature3
0.366385236732,0.317881912182
0.322401345725,0.356663805867
0.379605207543,0.310379505936
0.437506279789,0.341985185848
0.330224289604,0.405313074423
0.387855242078,0.296010933303
0.290475208381,0.394072124518
0.426693379858,0.32888822993
0.338425821852,0.390506903973
0.327922595911,0.320637691027
