feature6,feature3
0.312040084474,0.421911259699
0.366431763025,0.369264180418
0.333296858223,0.356962114884
0.316163754926,0.345524180525
0.382424899341,0.346947618916
0.383396679172,
