feature6,feature3
0.299273851544,0.408855597374
0.379141020567,0.416628609637
0.305490592486,0.386631507193
0.334567874971,0.399281878775
0.474112272954,0.381145583739
0.328836250566,0.33413663533
