feature6,feature3
15.6521212121,15.4360606061
15.4238571429,15.36453125
15.1920588235,17.1210714286
14.8465151515,14.8624242424
15.9404411765,14.9086486486
,15.4559375
