feature6,feature3
112.816470588,112.981818182
110.123529412,113.528235294
111.308235294,111.392941176
112.073939394,108.883157895
110.922352941,111.195
110.503030303,112.11882353
