feature6,feature3
0.307713717589,0.326382911092
0.324367210768,0.423487453257
0.384586384644,0.351002608957
0.364862681922,0.344585946991
0.403205241417,0.320705907328
0.353666057584,0.372102888809
