feature6,feature3
110.507878788,112.107058824
111.82875,110.741714286
112.330285714,112.26
110.655294118,111.424242424
110.483529412,111.180571428
110.684571428,111.356470588
