feature6,feature3
112.618285714,112.794117647
112.915294118,112.914117647
111.725,113.145454546
114.643529412,112.005714286
111.815757576,110.865142857
114.587428572,110.195151515
