feature6,feature3
14.415625,14.7140909091
14.8329411765,14.5850449219
14.7805882353,14.1539393939
14.3938235294,14.5233571429
13.8130944553,13.8980147059
14.7445588235,13.9410817308
