feature10,feature8
15.0641428571,15.413030303
14.69203125,15.6333333333
14.765,14.8959848485
14.9655882353,14.7939393939
14.5000735294,15.5297058824
15.658030303,
