feature6,feature3
0.330076936194,1.10942287765
0.360612581743,0.438034208385
0.259351553147,0.298134723705
0.402528261476,0.364383599657
0.363197468365,0.268791528995
0.460946972273,0.342449206055
0.730181782711,0.5736947774
0.382522707222,0.379819792059
0.340802662869,0.360264891254
0.58909719036,0.244269052603
