feature6,feature3
0.464964689642,0.442061516426
0.421642582819,0.461488457918
0.434137051285,0.408014449733
0.44340315629,0.513008605996
0.402641687186,0.412843124682
0.461329696471,0.453612659431
0.440700477721,0.485698354368
0.45558139307,0.533277681722
0.408185540991,0.48890415578
