feature10,feature8
18.2217647059,17.9665151515
17.041969697,17.5261363636
17.1954545455,17.19
17.5292857143,17.0927941176
17.3435294118,17.5194852941
