feature6,feature3
17.35,15.9295454545
16.6485294118,15.7971212121
17.2817647059,15.9987121212
16.8134375,16.6757352941
16.26828125,16.2895454545
