feature6,feature3
14.6957575758,14.5456060606
15.2152941176,14.8624242424
14.5025757576,14.3467647059
14.9274285714,14.416969697
14.4024242424,14.9186111111
15.0077142857,14.6262121212
