feature6,feature3
113.907058824,113.450285714
111.552941176,111.838787879
111.855294118,112.08
112.830588235,111.888
111.36117647,113.925714286
112.189714286,111.354117647
