feature6,feature3
14.5869117647,15.4430882353
15.6583823529,14.5865151515
14.7597058824,15.3722727273
15.0281428571,14.6593382353
15.8731818182,15.1642424242
,14.5135294118
