feature6,feature3
113.432941176,112.598857143
108.050285714,111.803636364
112.895294118,113.03882353
111.967058824,114.614857143
110.277575758,118.153333333
110.982352941,
