feature6,feature3
14.7491176471,13.77875
14.3555882353,14.7138235294
14.5127272727,14.8054545455
14.1632575758,14.0765151515
14.1147794118,14.6093939394
13.7346969697,14.2564705882
