feature6,feature3
0.330400610263,0.324681575514
0.349555447694,0.46477544961
0.373322992456,0.331004743038
0.397542116589,0.35760081627
0.349441368104,0.451381878008
,0.410085162342
