feature6,feature3
110.814117647,110.826666667
110.165882353,114.152727273
118.632,110.684848485
111.534117647,110.476363636
112.576470588,111.68375
111.597575758,112.835428572
