feature6,feature3
112.019428572,111.084571428
110.810526316,109.992941176
113.152941176,112.007272727
111.389411765,114.268235294
112.763636364,114.164705882
111.168484848,
