feature10,feature8
0.323978725704,0.372179062793
0.338893382116,0.312574639145
0.350805398404,0.32028445179
0.418634085709,0.40188667782
0.329707523635,0.388813938468
0.368922368718,0.364117513163
