feature6,feature3
110.22,113.035151515
111.930588235,111.457647059
113.132121212,111.512727273
112.299428572,112.085882353
111.613714286,109.957647059
111.619428572,111.695294118
