feature6,feature3
112.504705882,111.675151515
109.536969697,113.148235294
111.584242424,110.362424242
113.435428572,111.137647059
114.058181818,112.92
111.435294118,111.654545454
