feature6,feature3
14.2932352941,14.7554545455
13.8355882353,13.84140625
14.74,14.9321527778
14.4596428571,14.5212878788
14.4151515152,14.1520714286
14.4317424242,14.9983823529
