feature6,feature3
113.010285714,114.726060606
111.770588235,113.169411765
112.775757576,115.80625
113.21,113.378181818
114.256470588,112.434117647
112.68,
