feature6,feature3
19.216,18.8327777778
18.6955,18.95
18.9425,19.165
20.48775,18.543125
19.399375,19.84125
18.1424137931,19.6075
18.1444444444,19.5955555556
17.7758333333,20.8185714286
19.3771428571,18.7611111111
,19.346875
