feature10,feature8
14.56625,14.966969697
15.0815441176,14.4807894737
15.2739393939,14.9987142857
14.9525,14.9232352941
14.6407352941,14.5048484848
,14.9103676471
