feature6,feature3
0.336962549756,0.463448180384
0.439633509423,0.318176556187
0.344530817468,0.310353754654
0.303494755225,0.359227126674
0.434192966104,0.309102579442
0.423471808556,0.361842281813
