feature6,feature3
14.2235294118,14.5327272727
14.3159558824,14.4032352941
14.3987878788,14.7128571429
14.7628787879,14.1279411765
14.2364285714,14.7951470588
15.0451515152,14.1140441176
