feature10,feature8
0.304795265443,0.32276172176
0.38035945838,0.361446601531
0.411089305871,0.358680253562
0.312433260867,0.329666613024
0.297206910657,0.398877858509
0.314900713153,0.441454064136
