feature6,feature3
109.925882353,113.882285714
110.340571428,111.741714286
111.672727273,115.511515152
112.927058824,111.722352941
111.416470588,109.704705882
112.021714286,111.997647059
