feature10,feature8
15.0455882353,14.9324242424
15.0804545455,14.93
14.9725757576,15.4667647059
15.3742857143,15.0502631579
15.1657352941,15.5407142857
