feature6,feature3
0.32406032385,0.454580768404
0.332738210781,0.348157763894
0.386608164312,0.358716631458
0.309398906883,0.320277424677
0.382185425677,0.268266623759
0.306640462564,0.311906313649
