feature6,feature3
0.338731028587,0.325468295947
0.284639290691,0.293094483479
0.332489401054,0.318444146942
0.356813627745,0.375636514971
0.329306972781,0.358834412081
0.301680776445,
