feature6,feature3
113.012121212,110.983529412
113.16,111.390588235
114.643529412,114.011428572
113.667878788,112.225454546
111.942352941,111.91882353
109.704,113.089411765
