feature6,feature3
0.40441407395,0.402701882752
0.299248197062,0.383726367537
0.296358181054,0.318509469035
0.298213831543,0.428993896211
0.268338173725,0.313645580297
0.338444786082,0.358922574891
