feature10,feature8
109.580606061,113.647272727
112.387027027,110.311428572
111.858181818,110.68117647
111.968235294,115.578181818
111.196363636,112.717647059
111.605882353,112.247058824
