feature6,feature3
14.4110416667,14.1187121212
14.9436363636,14.2116176471
14.4790909091,14.8899264706
14.1990909091,14.3682352941
14.0834848485,15.1142424242
14.5051470588,15.0440625
