feature6,feature3
14.8396875,14.5505714286
15.15109375,15.4479411765
15.4955882353,15.3561764706
15.8710294118,14.9941176471
15.7719852941,15.6139393939
15.1760294118,15.2985294118
