feature6,feature3
112.347878788,112.744242424
113.762352941,112.410285714
111.6,112.812941176
111.38,111.936969697
113.004848485,113.869090909
113.692571428,111.812121212
