feature6,feature3
111.564705882,114.202222222
112.672,114.115294118
112.571428572,112.844705882
110.859428572,111.007272727
111.328235294,112.831515152
113.868235294,113.717575758
