feature6,feature3
110.738181818,113.34
111.321212121,113.438857143
111.127058824,109.781714286
110.532941176,113.589090909
110.604848485,112.22
114.060606061,111.502352941
