feature10,feature8
113.86,113.00969697
114.546666667,113.0
114.780606061,114.206060606
115.586285714,110.98117647
114.76,115.990588235
