feature6,feature3
0.307123169896,0.388595123082
0.398421832186,0.372933623966
0.376798752745,0.325778196604
0.389894500686,0.331469722975
0.353574359028,0.360543353834
0.363762976327,0.32709029575
