feature6,feature3
0.301553623362,0.367790718149
0.3154809625,0.335452512181
0.344279164484,0.359735164453
0.320461014862,0.398269978311
0.356067741293,0.332833530106
0.402389393959,0.360752312351
