feature6,feature3
15.9350986842,14.9891911765
15.1455882353,14.6640909091
15.4145454545,14.8893382353
14.6066176471,14.7817647059
14.4851515152,14.6010294118
15.4015,15.2692424242
15.1616666667,15.1803030303
15.3620588235,14.6540909091
15.17,14.5878787879
14.6651428571,14.6641176471
14.9896969697,14.606969697
14.8354545455,15.3157575758
