feature6,feature3
1.53552609764,1.51527740612
1.48538111261,1.41507923746
1.46912585511,1.38497707943
1.76489003232,1.43673232303
1.37094413381,1.46197481721
1.36960526498,1.45233959514
