feature6,feature3
113.932121212,111.318787879
128.48,113.244571428
113.722424242,125.232727273
112.121212121,125.391428572
110.429411765,123.738666667
123.468888889,129.226086956
111.549411765,128.765454546
111.402424242,126.124210526
121.513846154,115.099393939
,111.048484848
