feature6,feature3
114.147058824,112.795151515
110.204571428,107.606451613
113.55882353,113.228571428
110.729142857,112.837575758
113.181818182,115.31368421
112.843529412,114.67882353
