feature6,feature3
122.841212121,122.107058824
122.89125,119.829090909
121.97625,120.404210526
122.072941176,123.391764706
126.918787879,120.36
122.307058824,121.655294118
119.590588235,121.924848485
119.260606061,122.324848485
121.502352941,121.478787879
122.241212121,123.596363636
