feature6,feature3
14.2977272727,14.2754545455
14.6737142857,14.5777941176
14.0196969697,14.8632352941
14.7477272727,14.3856060606
13.8527272727,14.5522142857
,14.5611764706
