feature6,feature3
0.447677187163,0.401785201956
0.37525354764,0.371680542753
0.316791138595,0.451269866402
0.367381096116,0.431658214478
0.351437470464,0.344698964113
,0.318935383285
