feature6,feature3
14.5762878788,14.5279032258
14.8670945946,14.6386317568
15.1431439394,14.8816891892
14.916015625,14.8816015625
14.3731069712,14.9443181818
14.4953125,14.037734375
