feature6,feature3
0.379192513291,0.457471863485
0.365777749868,0.383840222754
0.306140243043,0.399479490505
0.422514791231,0.4674641755
0.400988219147,0.335216959288
0.404538296289,0.468564153853
0.385611878871,0.422224863087
0.332307517414,0.38296964837
0.384222763535,0.455659213217
0.397742746503,0.444513005045
0.434305341451,0.353393669871
0.293379545165,0.358486414733
