feature6,feature3
111.250588235,111.545454546
111.717647059,115.464242424
112.496969697,113.116470588
113.802352941,112.39030303
111.264705882,111.462352941
114.35882353,110.574117647
