feature6,feature3
0.598528091784,0.589649114093
0.591891525687,0.565071062206
0.537489753256,0.583790945878
0.628868773479,0.594984026647
0.554807059341,0.642224133593
0.611857473849,0.593828366322
