feature6,feature3
113.255757576,112.482352941
111.790588235,113.747878788
111.397647059,112.831515152
111.284571428,111.395294118
110.876363636,111.87882353
110.631515152,
