feature6,feature3
14.3313235294,14.9367142857
14.4910606061,14.8281818182
14.4140909091,14.9766447368
14.4478787879,15.1842647059
14.4460606061,14.9086029412
14.4597142857,15.4978492647
