feature10,feature8
14.9522727273,14.881
15.4197857143,15.8063235294
15.5805714286,15.5355714286
15.2355714286,15.3287142857
15.3624285714,15.3278787879
15.0522058824,15.5563636364
