feature6,feature3
14.50328125,14.886875
15.0817142857,14.0809090909
14.8568939394,14.7711029412
14.6925,13.9301515152
14.1156060606,14.1894117647
14.715,14.36453125
