feature10,feature8
0.418728296013,0.440173372606
0.297064668598,0.445735277782
0.316576093777,0.373184135582
0.308462566786,0.388980722686
0.348824314681,0.401575248507
0.408853937817,
