feature6,feature3
0.331910699557,0.347964499352
0.374871977008,0.3362776501
0.32541270219,0.308724337048
0.333131379686,0.316294836565
0.326829619624,0.446330182859
0.329152390475,0.347148279087
