feature6,feature3
14.3517647059,14.4435294118
13.8125,14.1951515152
14.6681617647,14.5354285714
14.8398529412,14.895
14.5327205882,14.1788970588
13.9380645161,14.7061764706
