feature6,feature3
110.013333333,112.53375
113.514285714,110.267058824
112.9725,111.21125
110.531764706,112.708571428
112.562285714,111.367058824
114.005714286,112.290285714
