feature6,feature3
112.288235294,113.092941176
114.253714286,112.684705882
113.17882353,110.915428572
113.615294118,112.511764706
111.929142857,112.232
,112.261714286
