feature6,feature3
110.303529412,113.332571428
112.263030303,111.705142857
110.9275,109.507058824
111.56,111.905882353
112.723636364,112.38117647
112.848235294,112.0
