feature6,feature3
0.41370885622,0.384899409511
0.399347804785,0.341839204098
0.324441561588,0.295109824386
0.388788537507,0.359789032526
0.337752210067,0.30035099885
0.290396714453,
