feature6,feature3
14.0618181818,14.0868939394
14.6413571429,14.7465441176
14.2317647059,14.7978787879
13.7597794118,13.8704411765
14.2688571429,14.0526470588
14.139375,14.8539705882
