feature6,feature3
14.5922857143,14.696969697
14.2891666667,15.0363636364
14.7421875,14.5418181818
14.2691911765,15.1241176471
15.3702941176,14.0391176471
14.7989705882,14.1571428571
