feature6,feature3
0.388620799823,0.337987228574
0.369793309102,0.388660979864
0.380954879949,0.433696094546
0.329514805243,0.366353601357
0.323635407575,0.3573457149
,0.382499155869
