feature6,feature3
14.9063636364,15.0630147059
14.878125,14.3297142857
14.5078571429,14.7130147059
14.8414705882,14.1487878788
14.9494117647,14.7691428571
14.2091428571,14.3727205882
