feature6,feature3
14.3583571429,14.6933333333
15.0775735294,14.1030882353
14.8308088235,14.6525714286
14.3266666667,14.6147058824
14.7015151515,14.8070454545
14.7899264706,14.5929411765
