feature6,feature3
14.6005882353,15.2418181818
15.5462121212,11.0377272727
14.6445454545,14.7081818182
15.375,14.9273529412
15.0757575758,15.8888235294
14.7716176471,15.2501470588
