feature6,feature3
112.252571428,112.525882353
113.247272727,113.255789474
111.97882353,112.420606061
114.288235294,114.02117647
112.124705882,113.667428572
112.558787879,109.853714286
