feature6,feature3
113.162352941,111.8175
113.285882353,111.472727273
109.572121212,109.387878788
110.636756757,110.819428572
112.696470588,112.250588235
110.450285714,113.059393939
