feature6,feature3
0.31178312731,0.286063681556
0.345548706844,0.421023664006
0.422814063802,0.39773753462
0.432508621955,0.32233318601
0.324342279645,0.395310825364
0.342108400524,0.415088844173
