feature6,feature3
14.884469697,14.5889705882
14.5187096774,14.0189705882
13.9380882353,14.1966176471
14.6852941176,14.3618382353
13.7941176471,14.0282575758
14.5789393939,14.509
