feature6,feature3
0.423598186792,0.483308004035
0.444328016819,0.421571643057
0.444369975704,0.45192889884
0.419940600436,0.456200491763
0.423270536238,0.414548047899
0.442228329343,
