feature6,feature3
113.563529412,111.826666667
111.850588235,111.43882353
110.682424242,112.724571428
113.48969697,112.055294118
110.365714286,111.827058824
113.260606061,111.171764706
