feature6,feature3
110.219428572,112.62
112.448235294,111.365882353
112.6,111.675151515
112.740571428,112.356363636
111.474285714,110.572571428
112.80117647,111.39882353
