feature10,feature8
17.5052941176,16.6553030303
17.5523484848,17.9098529412
18.0013095238,16.3265625
16.9914705882,17.0146969697
17.0129411765,16.788030303
17.7084848485,17.7633333333
