feature6,feature3
0.336735656259,0.388058534239
0.334010610324,0.301778301342
0.311339042015,0.394072891896
0.373516379683,0.366172120292
0.410183306465,0.373942034328
0.322043133462,0.442187085851
