feature6,feature3
112.847058824,112.411764706
111.333714286,112.404571428
112.86,112.396363636
112.834117647,111.150857143
113.381818182,111.266285714
111.056,111.436363636
