feature6,feature3
0.345055512198,0.434545205464
0.337078451279,0.400160321972
0.379805805967,0.423409314133
0.397203049811,0.421437905068
0.314223848677,0.304579581964
0.341524686319,0.327052073685
