feature6,feature3
14.2538235294,14.6098529412
14.5675757576,14.0006060606
14.2882352941,14.0843571429
13.8965,14.2631818182
14.5175,14.5225714286
13.8054411765,13.8035294118
