feature6,feature3
113.947878788,112.537647059
111.208484848,109.156363636
112.791764706,111.284705882
111.47882353,112.515294118
112.372941176,112.708571428
110.859393939,111.522352941
