feature6,feature3
111.596571428,112.336969697
111.590857143,112.590857143
111.08117647,111.931428572
111.843636364,113.552941176
110.803428572,111.96969697
111.776470588,110.754117647
