feature10,feature8
14.59,15.3492424242
14.8848484848,14.6667647059
14.5242424242,14.6921212121
14.76125,15.2669117647
14.8972727273,14.8423571429
14.28,14.9348529412
15.3913636364,14.9698529412
14.8318181818,14.7230714286
15.1377941176,15.2507352941
14.9031818182,14.6903125
14.6570714286,13.9510294118
