feature6,feature3
13.9542424242,14.8832352941
14.4546323529,13.9862857143
14.5422142857,14.7060294118
14.9308823529,15.1959090909
14.8965,14.5417647059
14.1085294118,15.0155882353
