feature6,feature3
110.49125,109.437948718
114.03882353,111.590857143
111.078787879,112.090909091
113.670588235,112.462857143
111.042424242,112.64969697
112.482352941,112.004705882
