feature6,feature3
14.1151515152,14.7122727273
14.4895588235,14.558030303
14.8480147059,14.5925806452
14.7387142857,14.6492424242
14.04625,14.3488235294
14.8179411765,14.5490441176
