feature6,feature3
110.744242424,111.621714286
110.922424242,112.317575758
112.281212121,111.495
112.285882353,113.64117647
111.824242424,111.952941176
111.597647059,111.385454546
