feature6,feature3
115.86,112.261538462
113.468571428,111.836923077
113.091764706,111.844848485
114.701818182,113.312941176
114.012941176,113.366060606
111.477575758,112.340571428
