feature6,feature3
14.3995588235,14.3993939394
14.1384285714,15.0729411765
13.9380147059,14.5977857143
14.0052941176,14.6304411765
14.65,14.1004545455
14.8964705882,
