feature6,feature3
15.341969697,14.9345588235
15.1371875,15.7732352941
14.9584375,14.9862121212
14.8011029412,15.3436363636
15.7372222222,15.8532352941
15.0843939394,15.0755882353
