feature6,feature3
14.6795588235,14.4801515152
14.7858823529,14.8692424242
14.2769285714,14.3669117647
14.2589864865,14.6111029412
14.6839393939,15.3639705882
14.5918181818,14.1903846154
