feature6,feature3
0.357017558842,0.317119078148
0.39259326218,0.301095047687
0.317375145935,0.372586375584
0.420594020968,0.320782904995
0.418110573637,0.384639671018
0.299755707461,0.321969373521
