feature6,feature3
14.34,14.8898571429
14.3597058824,14.5893382353
14.8763970588,14.1972727273
14.4490714286,14.0252941176
14.4428571429,14.9783333333
14.6997058824,14.8972058824
