feature6,feature3
113.562352941,115.567058824
114.064705882,114.899393939
112.04117647,110.706666667
114.506285714,112.534117647
113.475151515,111.024705882
,112.197647059
