feature6,feature3
110.193939394,113.9725
109.793939394,111.67882353
109.609411765,113.027878788
109.752,115.455294118
112.362352941,112.265142857
,113.129411765
