feature6,feature3
0.371846591036,0.338287709116
0.421136157385,0.332006475133
0.320164142644,0.420983921262
0.331993902179,0.38698763467
0.425519145119,0.346155485888
,0.369553779197
