feature6,feature3
0.320964701618,0.335988857699
0.427707897494,0.35817759988
0.360023687709,0.411461158836
0.331474098529,0.315806788925
0.429563323692,0.391725254753
,0.29692872125
