feature6,feature3
113.236470588,113.956363636
112.545882353,113.322352941
113.745142857,113.734117647
112.702857143,114.266666667
111.541818182,111.231764706
,111.896969697
