feature6,feature3
15.58,15.0574242424
15.4358088235,14.7472857143
15.035,15.7344117647
14.6538235294,15.56953125
15.039469697,15.3293939394
15.1935714286,14.6812121212
