feature6,feature3
14.2946875,14.5924242424
14.0920588235,14.5777857143
14.8625735294,14.6966911765
14.2016176471,15.1247058824
14.0075,14.7622058824
14.8370588235,14.4726470588
