feature6,feature3
14.4547794118,14.3490909091
14.3218181818,14.9708823529
14.2687878788,14.4063970588
14.1327941176,15.0345714286
13.8967647059,14.1763636364
13.8926428571,14.4527777778
