feature6,feature3
0.413627488105,0.350030566372
0.344754814398,0.344731474124
0.300332187623,0.352318910906
0.361409326896,0.421417501674
0.327894265291,0.373898240037
0.374737608746,0.374347076218
