feature6,feature3
14.3851428571,14.0427941176
13.6562142857,14.9948484848
14.2462121212,14.2633333333
14.3838235294,14.845
14.3760294118,14.2625757576
,14.7030882353
