feature10,feature8
112.269411765,111.722352941
114.609411765,113.257647059
113.386666667,113.48
113.36969697,110.52
111.374814815,112.853333333
116.059393939,111.903529412
