feature6,feature3
14.2608571429,14.3470588235
13.7332352941,14.0979411765
14.9146428571,14.5154411765
14.843030303,14.28125
14.7051470588,14.011969697
13.9071212121,13.8997058824
