feature10,feature8
15.210625,15.1237878788
15.1192647059,15.1760606061
15.2006617647,15.0540909091
15.4517647059,14.8424242424
15.471969697,15.0133823529
15.4087878788,15.3314705882
