feature6,feature3
112.094545454,111.257647059
113.053714286,113.220571428
111.995294118,113.692941176
112.503529412,112.688235294
113.638787879,109.88117647
112.081212121,112.923428572
