feature6,feature3
15.0381617647,15.3010294118
16.033030303,15.5781428571
15.2274285714,15.4078787879
16.1002272727,16.0926470588
15.8598529412,14.8338235294
15.0493939394,15.5882352941
