feature6,feature3
0.322404228518,0.314651706184
0.420110220202,0.333779366773
0.314757347932,0.35120999964
0.335089137455,0.30243647302
0.339054167976,0.416522295702
0.302772850082,0.327995821246
