feature6,feature3
0.317182925514,0.433896668452
0.406256143202,0.442887330704
0.374040596261,0.398406289179
0.336939441933,0.437751273812
0.365344276064,0.347850882232
0.312283997798,0.387882950502
