feature10,feature8
15.8321212121,15.8092647059
15.1297058824,15.0181428571
15.3472857143,15.3920588235
15.2654285714,15.0208823529
15.1620588235,15.281969697
15.2941428571,15.1928787879
