feature6,feature3
14.2475,14.0830882353
14.2608088235,14.3264705882
14.6448484848,14.4444117647
14.0432352941,14.6645714286
14.0359090909,13.8457352941
,14.0523529412
