feature6,feature3
14.8752134146,14.51653125
14.8211595395,14.4785110294
15.059671875,14.6308690715
15.6768645833,14.8935569853
15.318423913,15.7309913793
14.8693028846,15.5432211538
