feature6,feature3
14.93546875,14.3368269231
14.2959558824,14.0498484848
14.653030303,14.5365441176
13.9229411765,14.2192424242
14.7805882353,13.9370588235
14.256969697,
