feature6,feature3
110.702857143,109.505882353
111.233939394,111.344242424
112.556470588,112.677575758
109.835428572,113.246060606
110.835428572,111.836363636
112.428571428,112.867878788
