feature6,feature3
0.322107875295,0.326021947763
0.464531264519,0.464158782622
0.327429457793,0.36266250601
0.303197522474,0.35043712494
0.448557875251,0.353560417041
0.345546307677,
