feature10,feature8
0.562064462665,0.512521992294
0.486077242039,0.464503300937
0.477808955568,0.386841511608
0.357618876452,0.446284917882
0.490023682591,0.412451978298
0.44860899938,0.389374453911
