feature6,feature3
110.526857143,111.712941176
111.045882353,110.049411765
109.68117647,109.885882353
110.185882353,111.727058824
112.553333333,113.429714286
112.317575758,112.363636364
