feature6,feature3
0.309264441033,0.310520916804
0.297499275537,0.398435475875
0.339167435873,0.294649061167
0.362871631764,0.366010875059
0.320307941279,0.29727890236
0.302980569872,0.327361993737
