feature6,feature3
112.162424242,111.854054054
110.143529412,111.209032258
112.907058824,111.531764706
111.691891892,111.241081081
109.182439024,110.361142857
112.889411765,113.49882353
