feature6,feature3
0.297698092609,0.427362472585
0.358535569756,0.344474961547
0.303321918838,0.370563976102
0.313211957842,0.394411676645
0.312014516365,0.325898030193
0.341430507781,0.325196646995
