feature6,feature3
15.0877142857,15.1990871711
14.7575757576,14.5829285714
14.3357142857,14.9238235294
14.3740277778,15.1803030303
15.2610294118,14.9774242424
9.78378787879,15.1342424242
