feature10,feature8
14.6850735294,14.9090909091
14.7996969697,14.4839393939
14.9231818182,14.605
14.8393181818,15.0701428571
14.5352941176,14.695625
14.9245454545,14.7026470588
