feature6,feature3
0.421274350618,0.317454493052
0.388535209004,0.414130301112
0.337812109878,0.30088866644
0.324155890273,0.354941509885
0.329768371448,0.334217612508
0.326651206747,0.367116707713
