feature6,feature3
114.8,110.347428572
111.312820513,113.063529412
110.315151515,110.731764706
111.983255814,112.918787879
110.171162791,112.387058824
114.961212121,
