feature6,feature3
14.9895588235,15.3715
14.95234375,15.2487096774
15.2525735294,14.808125
15.33,15.0089393939
15.1119444444,15.7730147059
15.7122857143,15.4304545455
