feature6,feature3
0.313882792979,0.442799913271
0.349412408793,0.317563469571
0.378605998099,0.320173588165
0.301302390492,0.43193039672
0.350665915265,0.348513859467
0.331168788462,0.366185848259
