feature10,feature8
112.597575758,113.426666667
112.932941176,112.755428572
110.608484848,116.011428572
109.767058824,109.787878788
112.711764706,113.86
112.685882353,112.299393939
