feature10,feature8
112.630857143,111.703030303
111.717575758,111.685882353
108.233142857,111.575757576
114.072941176,111.928484848
111.955294118,111.534117647
111.855757576,
