feature6,feature3
14.7665296053,14.4307857143
14.1242424242,14.6738235294
14.4716911765,14.4403030303
14.97015625,14.4177857143
14.583030303,14.2548484848
13.8498484848,
