feature6,feature3
113.14117647,111.94
114.064242424,112.768235294
112.092941176,113.246857143
111.168484848,113.949411765
112.59030303,111.976
113.692121212,111.282352941
