feature10,feature8
15.7702941176,15.0570588235
15.2215151515,14.6655882353
14.9166666667,14.8019852941
14.5797727273,14.5260606061
14.8782692308,15.6343939394
14.8306060606,14.9584558824
