feature6,feature3
14.8969852941,14.2043571429
14.6896969697,14.1092857143
14.1328125,14.1631617647
14.1944117647,14.8769117647
14.681969697,14.6894117647
14.3373529412,14.1130882353
