feature6,feature3
14.4022058824,14.5804411765
15.2276470588,14.4364285714
14.4701428571,15.3635416667
14.4023529412,14.4704285714
14.3353676471,15.3533333333
14.7835294118,14.6090909091
