feature6,feature3
112.850588235,112.287272727
111.552941176,114.52
111.249411765,111.56117647
113.135294118,110.45882353
113.174545454,110.032941176
114.989411765,111.772121212
