feature6,feature3
14.6278125,15.5025757576
14.9678787879,14.4504411765
15.401875,15.1765625
15.3646212121,14.9390625
14.6443581081,14.7646875
15.501875,15.1045454545
