feature6,feature3
0.348705582767,0.344919568992
0.339099221079,0.352231181832
0.340631788691,0.416087719645
0.307101789826,0.304042005748
0.430670123932,0.318707136772
0.36901261379,0.413668229587
