feature6,feature3
14.5983333333,14.7546969697
14.796,14.2356818182
14.634375,14.7178787879
14.5748529412,15.0260294118
14.641969697,14.7062857143
15.1999264706,14.59828125
