feature6,feature3
15.5211348684,15.0403125
14.857,14.8584848485
15.3554545455,15.3828125
14.9180555556,14.8014705882
15.2702941176,14.6433333333
14.6592881944,15.5834002243
