feature6,feature3
108.403428572,111.24
109.797575758,111.343529412
112.56,111.777142857
112.955151515,110.849411765
110.412941176,111.14
,113.226285714
