feature6,feature3
111.220606061,112.780571428
110.76375,112.328235294
110.375294118,112.765882353
111.299393939,108.648
111.43375,112.236470588
112.28,112.185142857
