feature6,feature3
15.0916911765,14.2923529412
15.0196875,14.4281818182
14.6707575758,14.7199264706
13.9306818182,14.2125735294
15.209469697,15.1100735294
,14.7372857143
