feature6,feature3
111.427878788,112.870857143
111.55882353,115.090588235
112.35030303,113.118857143
111.718787879,113.924571428
112.222857143,109.930285714
112.491428572,110.992941176
