feature6,feature3
111.217647059,109.68117647
110.032727273,111.922424242
109.854117647,110.508235294
110.677575758,112.221714286
114.092121212,112.59030303
110.059428572,112.16969697
