feature6,feature3
111.897142857,111.347058824
113.54117647,112.42117647
110.488,113.885882353
112.993939394,113.117647059
108.746666667,114.16
111.162285714,
