feature6,feature3
14.5952941176,14.9387857143
14.9122857143,15.3639705882
14.125,14.9032857143
14.89625,15.0033333333
15.2204545455,14.5552142857
,14.7263235294
