feature6,feature3
109.792941176,111.608235294
111.521212121,110.50631579
112.54,112.595428572
112.924848485,110.096470588
110.454117647,113.229411765
112.497142857,
