feature6,feature3
0.295461967807,0.419033619574
0.423750021419,0.340745954068
0.333794985859,0.348715765892
0.369167095245,0.332322536616
0.390673178923,0.386504310193
,0.430529820687
