feature6,feature3
0.351088392276,0.366291832571
0.402203990033,0.313872079482
0.327045930694,0.292616191088
0.417144301523,0.344662719171
0.373298316053,0.327515911169
0.328023989755,0.442726417088
