feature6,feature3
0.306927470737,0.448238477887
0.428898114417,0.30859706243
0.354406857625,0.347095893066
0.314885077677,0.337016982772
0.296039994482,0.298025914453
0.389429946798,0.402574811655
