feature6,feature3
14.9228125,14.4754545455
14.4497058824,14.9020588235
14.7592857143,14.9161363636
14.67,14.9890909091
15.1093571429,14.3438235294
14.6496969697,15.3161428571
