feature6,feature3
14.7602941176,15.2266176471
14.8944117647,14.9321212121
14.7026470588,15.4812121212
14.9252941176,15.6003125
14.8921428571,15.1330882353
14.7682352941,14.5932857143
