feature10,feature8
15.2202142857,15.1305882353
15.39125,14.64
15.4667567568,14.923030303
14.876969697,15.0398571429
15.12,15.4408238636
15.2005882353,15.1886805556
