feature6,feature3
15.0169117647,14.7886029412
14.6783333333,14.5695454545
14.6828571429,15.04
14.4252857143,14.539469697
15.0335606061,14.6710606061
14.8919354839,14.6251470588
