feature6,feature3
109.487272727,110.849411765
113.32125,111.736470588
112.224705882,110.895757576
111.768235294,112.908235294
112.457142857,112.710588235
113.765714286,111.255757576
