feature6,feature3
113.826666667,109.302352941
110.2,111.957714286
112.04969697,111.9
113.975757576,111.537647059
112.007058824,109.924705882
110.809411765,110.818181818
