feature6,feature3
110.352941176,110.619428572
114.463529412,111.745
113.624705882,112.385882353
112.788571428,112.334117647
111.485714286,110.952941176
110.507878788,114.72
