feature6,feature3
0.31699225849,0.307926772229
0.369336133011,0.392685135081
0.434291687623,0.329013346423
0.329205202056,0.37481088158
0.3100206125,0.321935143685
0.340090378688,0.397916577651
