feature10,feature8
15.421,15.2483823529
15.375,15.6711029412
15.1933333333,15.4385294118
15.0921212121,15.0984375
15.9225,15.5172727273
15.4141176471,15.6940441176
