feature6,feature3
111.928,111.426285714
112.35368421,112.95882353
112.054736842,112.68117647
112.141714286,111.724705882
112.632941176,114.64
111.918787879,111.442162162
