feature6,feature3
111.551764706,115.07
112.125882353,113.190588235
113.266666667,113.125882353
112.91882353,115.011764706
111.652121212,112.36969697
113.204705882,114.077948718
