feature6,feature3
15.0733333333,15.2606060606
14.83875,14.8307575758
15.7558571429,15.1391176471
15.6116129032,15.25875
15.1125,14.8742142857
15.2347794118,15.1409090909
