feature6,feature3
0.353063811017,0.358025746325
0.368578866696,0.344476096733
0.384278275929,0.37568182657
0.362313725746,0.37278394591
0.39065172038,0.389223104697
0.364068715712,0.344832177407
