feature10,feature8
112.046060606,113.558857143
112.790857143,112.925714286
114.411428572,111.084571428
112.060571428,114.497142857
111.611428572,112.384705882
113.677647059,111.5
