feature6,feature3
0.250690515455,0.29082494549
0.258477501512,0.318697236513
0.335349268121,0.27937813411
0.333519533256,0.393300994447
0.288550510807,0.282158145915
0.299067556583,0.329804324602
