feature6,feature3
14.7686428571,14.4775
14.3381818182,14.6425
14.8989705882,14.8909090909
14.0885714286,14.8446969697
14.8259285714,14.7571969697
15.0461428571,15.0062121212
