feature6,feature3
111.382352941,113.789411765
111.048484848,113.075
113.179393939,113.443529412
112.762352941,110.877647059
113.450588235,111.328
113.32117647,114.06
