feature6,feature3
0.308008030768,0.32108851955
0.28203363369,0.360789853736
0.383332992803,0.419938262711
0.422256791202,0.311698159446
0.313130620446,0.45275694597
0.403654123238,0.348180747515
