feature6,feature3
0.306910160419,0.327732947578
0.285717405577,0.320858107804
0.313016876219,0.381693053786
0.338956498165,0.434127334963
0.373679461702,0.31403491556
