feature6,feature3
15.1341911765,14.9481428571
14.9453571429,14.6855714286
14.6315625,14.6171212121
14.3383088235,14.6489705882
14.3043939394,14.7523529412
14.9484285714,14.7621323529
