feature10,feature8
0.310325855721,0.312789932646
0.269691462733,0.236784987904
0.223448980578,0.184014792
0.384762853307,0.241294510566
0.407949046474,0.315880028122
0.243458066891,0.269553156953
