feature10,feature8
15.2350757576,14.70265625
14.9890322581,15.5030882353
15.64625,14.6826515152
15.1688235294,15.16859375
14.741969697,15.7627272727
15.8018181818,15.1860606061
