feature10,feature8
14.9879411765,14.7044117647
15.0364705882,15.4222727273
15.1977941176,15.3091176471
15.0479285714,14.866671875
14.6139705882,15.3436764706
14.8093939394,
