feature6,feature3
0.288177352889,0.397929849541
0.31972159481,0.27269917768
0.367359259603,0.308079646547
0.358049145176,0.310453630083
0.277077268843,0.374454168471
0.28138030777,0.294434082046
