feature6,feature3
14.5251515152,14.4928787879
14.3856060606,14.7248026316
14.1929878049,14.9024242424
14.7144117647,14.3948529412
14.65875,14.6076388889
,14.6253472222
