feature6,feature3
0.348661518671,0.326776748659
0.37725987262,0.379088649394
0.42988812564,0.33719402529
0.310771028915,0.380665324717
0.34426769669,0.332353841822
0.429431658683,0.351765295835
0.343739062293,0.305490763121
0.392374648639,0.383862022525
0.357090449314,0.304966922235
0.403576799154,0.328141677126
0.317796821121,0.315662738506
0.304001623658,0.341742738493
0.340104177302,0.324174901839
0.412277074085,0.291229579241
0.326677758288,
