feature6,feature3
13.9886363636,13.8752941176
13.8858823529,14.2178787879
14.5866176471,14.1840909091
14.9569285714,13.8102205882
14.198030303,15.0725
14.3198484848,
