feature6,feature3
16.5697222222,16.3594444444
15.7489705882,15.2283823529
15.9311764706,16.5465151515
15.2787878788,15.8872727273
15.6615714286,17.8752941176
15.5585526316,15.1057894737
16.0329411765,17.6360294118
17.2751515152,15.4452941176
,16.2447058824
,15.9743939394
