feature6,feature3
111.31882353,114.419393939
110.45882353,111.801142857
113.714117647,113.674117647
111.72117647,111.020571428
111.142857143,113.969411765
112.216470588,113.647058824
