feature6,feature3
0.365804594109,0.341840299713
0.313171539928,0.447577738749
0.316722795732,0.319110146483
0.339152867941,0.299756036581
0.40417508226,0.33083890462
0.392891259912,0.442013039939
