feature6,feature3
14.1928571429,14.0915151515
14.6844911859,14.5202941176
14.0001515152,14.6335294118
14.2033333333,14.4680882353
14.46,14.5996323529
,14.6422058824
