feature6,feature3
110.465454546,111.434285714
113.653333333,113.824705882
110.718857143,113.427058824
111.384242424,112.49882353
112.932941176,111.836363636
113.092121212,112.856470588
