feature6,feature3
112.584,112.568235294
116.913142857,111.165882353
114.345142857,113.115294118
111.837647059,114.70117647
108.172941176,111.020606061
