feature6,feature3
112.168,112.869411765
111.223529412,113.894117647
110.836363636,114.085882353
112.581714286,109.859393939
112.116571428,111.822352941
111.71030303,110.672
