feature6,feature3
0.426200239806,0.329671191956
0.286935428849,0.347592347086
0.327882646884,0.353118631341
0.33280155328,0.315015270473
0.377355420127,0.326837954323
0.303606163772,0.309098400471
