feature6,feature3
15.3678472222,14.4758823529
15.3206060606,15.3151470588
14.2493939394,15.40453125
15.075,13.94
15.2426470588,15.6376428571
14.7303125,15.3221428571
