feature6,feature3
14.2918181818,14.8734848485
14.3542424242,14.5534848485
14.5285714286,14.789375
14.5058333333,15.2176470588
15.4258088235,15.0760606061
,14.6043939394
