feature6,feature3
0.628091593272,0.732307985522
0.5980144429,0.735502113764
0.590283369166,1.01478192621
0.536811230742,0.65912767176
0.60150345437,0.544359220075
0.733637422416,0.649336323428
0.549329179299,0.560328356213
0.479079296554,0.585653817387
0.621595493911,0.636378871315
0.657340428679,0.680514105041
0.894173625418,0.542475180968
0.653212367524,0.706359189585
0.675609652753,0.63239739581
0.729996972678,0.496142071737
0.513110569764,0.629504052151
