feature6,feature3
111.896470588,113.612941176
112.77882353,112.252121212
112.211764706,112.79804878
110.662352941,112.256969697
109.398787879,111.044848485
112.617647059,111.109090909
