feature6,feature3
0.350051541288,0.318470180578
0.304178138695,0.368145039347
0.364013700801,0.288190803143
0.351416584539,0.374081912582
0.3184579072,0.355470713367
0.417037196499,0.355077327256
