feature6,feature3
0.399985422007,0.388796045177
0.394679859019,0.344213900327
0.39528574739,0.335053974436
0.305205121913,0.371949588634
0.389055811615,0.397654131053
0.318597047794,0.404436223211
