feature6,feature3
0.372693914808,0.310791938445
0.291996535991,0.341510449914
0.339564296073,0.206255983377
0.455907016332,0.401759136157
0.350084018782,0.374968889991
0.419330777559,0.358628847403
