feature6,feature3
0.340314718112,0.323534431965
0.375540467792,0.41350160147
0.374580943091,0.331517588944
0.351553071237,0.302249578941
0.361808484476,0.341667644366
0.382069023369,0.399161882635
