feature6,feature3
112.22117647,111.525714286
112.876363636,111.823529412
109.896969697,110.790588235
109.917575758,112.171764706
112.568484848,114.28
109.523428572,114.227058824
