feature6,feature3
15.0845454545,14.3359375
14.4346428571,14.2410294118
15.4307142857,14.9623529412
15.0737878788,14.2846875
15.2854285714,14.3794285714
14.1860294118,15.0768382353
