feature6,feature3
0.370848654677,0.304064367309
0.33008885728,0.333332448365
0.348829215782,0.361999140527
0.303983729545,0.345261510835
0.397997890075,0.307039608892
0.324028980903,0.435827355526
