feature6,feature3
15.9162142857,15.8647058824
14.935,15.0791666667
16.0129545455,15.5611764706
15.5934285714,15.4238709677
13.59,15.7061764706
15.4047058824,15.3140625
