feature6,feature3
0.322100262218,0.340708999674
0.379593270382,0.358114111351
0.439394521918,0.297608340815
0.325039611447,0.313405732779
0.322493541105,0.36179165872
0.330218728141,0.389866771303
