feature10,feature8
110.962285714,116.184242424
112.83882353,111.968
114.950857143,116.633142857
114.788571428,115.441212121
114.945,113.42375
114.024,111.904705882
