feature6,feature3
1.65464262623,0.973208649579
5.20945266417,0.930355547144
2.29368227292,1.06147902918
0.793716062234,0.899536326405
0.990050068304,0.813860189468
0.998017851476,1.95904412625
