feature6,feature3
15.053,15.5678787879
15.2982352941,14.9280882353
14.4139393939,14.9967142857
15.31140625,15.2860294118
15.8414285714,15.0653125
14.7947058824,14.8333823529
