feature6,feature3
0.422359510249,0.327377616587
0.312739115995,0.312171690162
0.291728319066,0.41965754127
0.340773149355,0.427242323153
0.3531593461,0.311401673557
0.408866206578,0.298662171847
