feature6,feature3
15.685625,15.6646875
15.0197058824,15.0575
15.9618181818,15.4636029412
15.6513636364,15.3793571429
15.1309090909,15.458125
15.6069117647,15.2287142857
