feature6,feature3
113.37882353,112.715294118
113.544242424,115.009411765
113.314117647,112.231764706
110.72969697,113.650588235
109.607272727,111.792941176
,111.976
