feature6,feature3
13.7477941176,14.5022727273
14.1532142857,14.3333088235
14.6070588235,14.2966911765
13.9129411765,14.4221969697
14.4232352941,14.95578125
14.3883088235,14.57125
