feature6,feature3
111.750588235,112.676470588
113.852121212,110.94
112.166060606,111.912941176
114.897647059,113.776470588
110.964705882,112.336
113.807058824,111.146666667
