feature10,feature8
15.3714705882,15.1041666667
15.4457575758,14.6727272727
14.6683088235,14.6967142857
15.5604020579,15.1605882353
15.525,14.5896875
14.9874193548,15.3321212121
