feature10,feature8
0.32436195773,0.419254511911
0.28087445236,0.631259138895
0.297760334675,0.321912653429
0.409406423812,0.426664012849
0.275900359706,0.468447823284
0.259457132812,0.399861292578
