feature10,feature8
0.306906788322,0.329209430781
0.315930333871,0.307861948402
0.304056254166,0.311655479854
0.396407075853,0.325896405447
0.311221448311,0.324446243757
0.330067972558,0.301746069029
0.408077714426,0.321914852883
0.294276622853,0.356252054718
0.278542427111,0.362906553992
0.335718379325,0.35010854616
0.321995548664,0.308423934896
0.323072575634,
