feature6,feature3
0.377801465627,0.326571292416
0.330059005846,0.330075627061
0.384107570205,0.302962463709
0.322966649293,0.337051160515
0.320578836168,0.370383133646
0.447486535239,0.335687572701
