feature6,feature3
0.268087142875,0.353783716964
0.373966973637,0.359389274349
0.366483855976,0.321540473249
0.341963655478,0.377555893224
0.335134456235,0.342172235934
0.426546241296,
