feature6,feature3
0.340654726149,0.323646478233
0.391487167795,0.338150725207
0.310924506345,0.314946137335
0.325687647416,0.340201255478
0.447677863934,0.336485812241
0.374487006289,0.316083228108
