feature6,feature3
0.348922019388,0.318459963232
0.351651558727,0.438102829982
0.390641222147,0.334613028546
0.391455554564,0.446735961093
0.455675438163,0.335412182315
0.41760983079,0.41187499423
