feature6,feature3
0.330704533419,0.378391899625
0.433325742516,0.356260689853
0.371251192516,0.428543421717
0.350713937688,0.3443353492
0.352706292753,0.360775388067
0.354149139596,
