feature6,feature3
0.352156635746,0.320131352965
0.354782935301,0.332139131835
4.83428750929,2.69353059395
0.348421859467,2.66526514274
0.333571541461,3.61240647419
0.432297082837,3.31678521218
3.79864208105,4.32327620133
0.406740383243,0.306546710449
5.09429033022,0.32387434992
3.81723645344,
