feature10,feature8
0.377711276119,0.425964461648
0.310609722064,0.30260101915
0.315961766045,0.376449118893
0.426416671214,0.301965158243
0.380444695511,0.313252295086
