feature6,feature3
14.675,15.0203571429
15.2527941176,15.243030303
14.7444117647,14.6682575758
14.7704411765,15.1452857143
15.1236363636,14.9999285714
14.6064705882,15.2379411765
