feature6,feature3
0.347121214492,0.328399325062
0.373063964056,0.375707606864
0.341827040169,0.36391597503
0.397772412564,0.402667512253
0.346807687982,0.312519424615
0.327715420165,
