feature6,feature3
14.3292647059,14.1848484848
14.8011029412,14.5025
14.6605147059,14.1278676471
14.541969697,13.8498684211
14.8288970588,15.061875
13.7996969697,14.3071323529
