feature6,feature3
0.304483671843,0.38138866158
0.305399930629,0.322377218547
0.370569540164,0.350415028278
0.338944335499,0.32370532899
0.343358890068,0.294472422277
0.330351749613,0.422865767443
