feature10,feature8
15.5490277778,15.6892424242
14.7442142857,14.8934285714
15.1094285714,14.9077941176
14.3971875,14.8591176471
15.0508823529,15.0831818182
15.4797058824,14.8177272727
