feature6,feature3
0.298812092257,0.325172741728
0.327934553224,0.29672937359
0.423906189192,0.315241850485
0.366629979489,0.289385526571
0.35215894647,0.374307331451
0.336243615048,
