feature6,feature3
0.328140151607,0.339202810581
0.327174270997,0.304452323891
0.440821553018,0.398252569308
0.351568300612,0.413348032897
0.4258694297,0.374094400712
0.411324726573,0.321740424026
