feature6,feature3
0.312296136636,0.412992556884
0.328993890125,0.325588188859
0.316938496822,0.354255619388
0.409092890885,0.310506981535
0.343940895272,0.29608352634
0.364921810871,
