feature6,feature3
0.300756514726,0.298890621498
0.31384906225,0.300463511361
0.252236506433,0.333253154571
0.297713397184,0.295595746432
0.331699248603,0.307835771434
0.297629988752,0.315537729215
0.317404221966,0.303389153144
0.32048425567,0.294465500486
0.288490026572,0.316830410019
0.316000978317,0.280288458353
0.328557268736,0.310677264747
0.329265661081,
