feature6,feature3
0.33394789726,0.320851831313
0.327484703559,0.384213753911
0.366341716433,0.387728204323
0.303096969229,0.311086486678
0.322129607598,0.333790649276
0.348920785639,0.442944217472
