feature6,feature3
13.9435294118,14.389375
14.3615277778,14.3941666667
14.3631818182,14.4072058824
13.81,15.0001428571
14.8609285714,14.7561428571
14.625,14.552
