feature6,feature3
0.30095682668,0.282551103466
0.245723060107,0.314159345104
0.295966693892,0.305618242159
0.358198924093,0.299958584897
0.334776725299,0.427263261347
0.373472898204,
