feature6,feature3
110.108571428,113.107058824
110.99030303,112.730909091
112.075,113.658181818
111.910588235,110.358857143
110.350588235,111.484705882
113.529411765,111.448
