feature6,feature3
13.9067647059,14.6877941176
14.3352205882,14.4518571429
14.9721527778,14.3631818182
14.7738235294,14.2033333333
14.365,14.6342647059
14.9515,14.2436363636
