feature6,feature3
15.4646323529,15.1383823529
15.1156060606,15.0506060606
15.72,15.1054411765
15.1110294118,15.2779411765
,15.5388571429
,15.509375
