feature6,feature3
14.1158823529,14.2157575758
14.4616176471,13.752
14.8299264706,14.5172058824
14.0797142857,13.9287878788
14.1855882353,14.4789393939
14.5636428571,13.9906944444
