feature6,feature3
0.432698812619,0.365062765238
0.369038363677,0.334080106218
0.33546647835,0.311391625513
0.311211247398,0.301661382992
0.34171823238,0.336564073855
0.388904894887,0.356090010215
