feature6,feature3
0.45532132914,0.384518981754
0.425822583799,0.301669213793
0.341432360148,0.429036050544
0.316051156976,0.343277075797
0.413007005322,0.316443393045
0.297408865438,0.381291486503
