feature6,feature3
0.362072794132,0.482619235185
0.339680575133,0.359665912769
0.415986442762,0.313356313018
0.326981046986,0.270156076662
0.301772512069,0.439083848385
0.438573408381,0.334842491772
