feature6,feature3
15.6554411765,15.3469117647
15.9805882353,15.9004545455
15.8221212121,16.5067142857
15.6163636364,15.5704285714
15.9277205882,15.1979411765
,15.5652941176
