feature6,feature3
0.375084154357,0.348375329391
0.324904868529,0.306802771236
0.432697195967,0.441173975982
0.381890839902,0.447726477762
0.293208659138,0.334983128944
0.355131945196,0.372254120029
