feature6,feature3
0.325632836545,0.398075092369
0.369678656876,0.411155906361
0.321635927435,0.386189609289
0.335545922008,0.342184918956
0.338141844464,0.438265488751
0.474143811969,0.300450794371
0.367161741492,0.428912191266
0.351456209753,0.485900447834
0.282923627735,0.380282199442
0.35083906509,
