feature10,feature8
0.405295782349,0.308013240828
0.289142812502,0.327905263446
0.381448536264,0.363959877985
0.389711505344,0.436525701183
0.371739750679,0.337989271741
0.327606435663,0.321370431054
0.404784663991,0.365354944443
0.36673227617,0.310851460271
0.327813665661,0.337973951553
0.349154555424,0.365804475567
0.348811739432,0.358239172882
0.360676900509,
