feature6,feature3
0.411828153265,0.318967874538
0.370440487906,0.315291848659
0.297647103852,0.344712190647
0.356046010044,0.330736840431
0.407373547914,0.299920705642
0.337206654924,0.314586709576
