feature6,feature3
0.327827095129,0.347922235893
0.36368661666,0.292181409056
0.346714923238,0.296225283803
0.292922618053,0.345385253782
0.38168534355,0.388203902106
,0.438465570192
