feature6,feature3
15.0927272727,15.6351515152
15.0,14.8529411765
15.1116176471,15.4401470588
14.8634375,15.2821212121
15.40625,15.4491428571
15.2687857143,15.1837878788
