feature6,feature3
0.321487480329,0.350878123426
0.33446338833,0.398074225901
0.35025266429,0.448393455022
0.311109527301,0.389770913956
0.415527284684,0.352076433768
0.359633220002,0.332101563167
