feature10,feature8
0.367272242227,0.312823997939
0.294615904974,0.420453064842
0.346847523639,0.411650786444
0.392035117942,0.392924507152
0.321362597542,0.319601013286
0.371622825849,0.329459518162
