feature6,feature3
125.305714286,122.12
124.764444444,120.966666667
124.661818182,119.34
120.65,125.425
117.32,119.426666667
120.02117647,122.592380952
131.084,124.04
128.016666667,122.992
122.816666667,125.23
118.285,123.321904762
125.102222222,124.504
122.471428572,125.428
118.685,127.056
124.406153846,127.382857143
120.962222222,127.294285714
