feature6,feature3
112.841142857,109.538285714
111.47882353,111.938285714
109.624,112.350588235
113.88969697,113.837647059
113.47882353,113.539428572
112.587878788,
