feature6,feature3
109.871578947,115.836923077
112.422325581,115.32
113.682105263,110.575
115.884444444,113.906666667
115.92,116.2
112.341538462,112.143157895
