feature6,feature3
14.7107352941,14.3013235294
15.3466666667,14.9169117647
14.5084848485,14.9439393939
14.19765625,14.7384848485
14.4086764706,14.8235
14.8213235294,14.7155147059
