feature6,feature3
0.43903118645,0.464227193943
0.425611844871,0.277716155611
0.281612170108,0.44181891635
0.353137231162,0.318339187316
0.394214706344,0.412914110272
0.314099306802,0.370326561779
0.35612995076,0.291196422043
0.287194079686,0.373822922082
0.35498503595,0.447842018722
,0.442963236728
