feature6,feature3
0.733504426809,0.833098034461
0.852651756581,0.7877999154
0.758368192074,0.708394985662
0.721768637946,0.719340641951
0.752699515977,0.752772579357
0.726258352694,0.712642843075
