feature6,feature3
109.282424242,112.545454546
112.84117647,113.316470588
114.606857143,114.485882353
111.682285714,110.84117647
111.94117647,111.84
111.358857143,112.653714286
