feature6,feature3
0.391246741391,0.33648299202
0.33757240729,0.412988258484
0.423656497213,0.312439945502
0.329325942819,0.320354790645
0.345307820378,0.356752879903
0.305232468567,0.356360457287
