feature6,feature3
0.445986427822,0.33911815851
0.394494274202,0.379624947729
0.337272425665,0.4083831474
0.320813406801,0.298775413013
0.332925628718,0.305286273999
0.294467485212,0.355201936685
