feature6,feature3
0.32937882271,0.318523041803
0.323334716042,0.358844756594
0.321517793771,0.434873077252
0.309729936595,0.303574906893
0.316611638728,0.311178232426
0.381587085282,0.401444339619
