feature6,feature3
0.644767382594,2.3790108759
0.659778745845,2.44995483367
0.504073064933,0.474789207213
0.589142460416,0.757889286201
2.3686708976,0.706933511758
0.75828283407,0.516497063056
0.738044263013,3.62324866401
4.02439950267,2.51109006203
0.733094680714,1.86028080741
0.953348524652,0.788263848838
