feature6,feature3
0.308321610935,0.323010455362
0.336178460353,0.339525122267
0.372113952587,0.479816192061
0.346883901395,0.30714041268
0.354608049211,0.341321194928
0.329331023441,0.3369108547
