feature10,feature8
0.418751400104,0.316147398901
0.495168076741,0.287109109202
0.274087160065,0.768208327289
0.267944360462,0.487532431715
0.4762049349,0.580253111646
0.273382908757,0.37445245574
