feature6,feature3
0.413655301779,0.432215058492
0.260629133839,0.324260234737
0.322869618091,0.338778416845
0.463527358903,0.34170489007
0.469031073603,0.395608345497
0.339958296462,0.360852026485
