feature6,feature3
0.299410504624,0.380012577881
0.331343614174,0.33875606538
0.34184116241,0.361910828395
0.309110054478,0.318880046068
0.331057318001,0.343803156761
0.413135473107,
