feature6,feature3
0.361146714243,0.388483797599
0.292229994928,0.30629006504
0.26600217839,0.335242162102
0.292035953579,0.376841518487
0.285271333858,0.299404500424
0.321180819419,0.486355930471
