feature6,feature3
0.398740234272,0.340774154363
0.29870094861,0.329329231785
0.30054908231,0.336999089985
0.431141489054,0.287466108832
0.389021534142,0.335600754314
12.6679357179,
