feature6,feature3
0.362051521055,0.311715142511
0.302994719405,0.345438009178
0.360255707557,0.355015275366
0.438087048164,0.384599796341
0.316820521877,0.344256096129
0.302707456461,0.431671824673
