feature10,feature8
15.5871376812,15.2149038462
16.2544117647,15.6337857143
16.5702,17.5811538462
15.9917142857,16.0529411765
15.8986206897,16.0557142857
14.9548148148,
