feature6,feature3
14.1488571429,15.1246969697
14.5183333333,14.4279545455
14.916969697,14.3434285714
14.6115151515,14.69
14.3032352941,14.5505882353
14.9187878788,15.0903571429
