feature6,feature3
112.18,112.82117647
114.236470588,113.191764706
111.397647059,113.107058824
113.107058824,114.616969697
111.557714286,112.748235294
115.709411765,112.956571428
