feature6,feature3
14.8186363636,14.9115151515
14.3847142857,14.6868181818
14.3648484848,14.6952205882
14.1302941176,14.6545588235
14.7231818182,14.1439393939
14.9657142857,14.5786029412
