feature6,feature3
113.245714286,112.72117647
111.816470588,115.03
110.722285714,113.192941176
111.610285714,111.55030303
110.698285714,112.309090909
111.398857143,113.333333333
