feature6,feature3
112.854117647,112.822857143
112.141818182,112.763636364
113.174117647,111.316363636
113.962352941,114.075294118
115.287058824,112.282352941
111.881212121,112.773333333
