feature6,feature3
14.7119852941,14.0768571429
14.9291176471,14.4590625
14.4352205882,14.1547058824
14.2957142857,15.0240909091
15.259,14.98125
14.3633333333,14.7867424242
