feature6,feature3
0.372321817179,0.372217957868
0.455734734961,0.381825853252
0.449482837563,0.303264246705
0.28006157896,0.374936027008
0.304669153911,0.356367868281
,0.330435442908
