feature6,feature3
0.310523981472,3.51163530104
0.402180157215,0.344637094969
3.3655831017,0.321840689404
0.331626989107,2.13856551524
2.76685301061,0.35387170586
3.51777566584,0.338288051259
3.64121568634,0.333517118207
0.312207259349,0.803009089833
0.318707017006,4.76177873239
,3.59254170588
