feature6,feature3
0.408058236883,0.314467450565
0.305690157693,0.401520976728
0.40673523857,0.330768828659
0.375623175555,0.356270756908
0.310885451638,0.334797405993
0.386023727712,0.350807828877
