feature6,feature3
110.482424242,111.802424242
114.684848485,114.88
112.265882353,113.616470588
110.663529412,111.44117647
110.064705882,111.294117647
111.139428572,
