feature6,feature3
0.635959877119,0.501188933013
0.525263506638,0.660381961464
0.526851131204,0.583753901508
0.618687663677,0.541866583592
0.509255452266,0.537745238791
0.608601704317,0.801021656701
