feature10,feature8
14.7263235294,15.0052857143
15.0453472222,15.0629727564
14.6623484848,15.103429878
15.0015714286,17.0806779668
14.6488235294,15.1507575758
14.6554411765,
