feature6,feature3
0.394988757475,0.401917710368
0.433025057697,0.302968271945
0.312513111565,0.423985946211
0.411830930713,0.408135104362
0.35435570033,0.430392733311
0.325341114113,0.360809689341
