feature6,feature3
14.2681428571,14.5274242424
15.0368181818,14.6715
14.7575,14.1142647059
14.0997857143,15.0882575758
14.7299285714,14.3351515152
14.8456428571,14.8132575758
