feature6,feature3
14.2131818182,14.7365151515
13.7792424242,13.8813970588
13.8956060606,14.6083571429
14.0686363636,14.3371212121
14.9120588235,14.4520588235
14.6403030303,13.6247058824
