feature6,feature3
14.6090441176,14.7792424242
15.4940909091,14.4835294118
14.6664705882,14.6429411765
15.0807352941,14.3688235294
14.3052941176,15.0824264706
14.635,14.9361029412
