feature10,feature8
0.274005563127,0.255857597701
0.241509452096,0.240417447232
0.280515773675,0.252826017898
0.263297789249,0.298717785964
0.264682249861,0.223577873352
0.26780095603,0.270201247761
0.270367800777,0.238750983602
0.211893437739,0.31056646807
0.246861953362,0.200014454882
0.287374956973,0.246521769038
0.228693263579,0.271550127128
