feature6,feature3
113.03625,112.82
114.363529412,111.281212121
112.549411765,114.387878788
113.816470588,110.686060606
111.556363636,112.034285714
113.387428572,114.023529412
