feature6,feature3
14.4028472222,15.1555882353
14.3420588235,14.69609375
14.3196969697,15.0072794118
14.1671212121,15.2633823529
14.4616911765,15.0975757576
15.2466666667,15.0648484848
14.1409285714,14.908
14.1425,14.13346875
14.5544117647,14.2657352941
14.5492142857,14.4248484848
14.3122857143,
14.13765625,
