feature6,feature3
117.91375,123.95875
121.67875,125.477575758
117.115151515,121.09875
124.605882353,118.850909091
122.67125,123.44969697
118.023030303,122.23375
119.96875,121.16
118.637575758,120.922424242
121.961212121,119.996363636
124.36,120.092121212
