feature6,feature3
15.0791176471,14.6448529412
14.5344852941,15.2323529412
14.6990625,15.1961764706
14.2419852941,14.7084090909
14.3111764706,14.2426428571
15.0647794118,15.0221212121
