feature6,feature3
0.383326520321,0.405108261415
0.316704959685,0.362574325196
0.406357400147,0.294191177352
0.310304407903,0.387231328931
0.412763108508,0.34544953168
0.30962782329,0.41489150661
