feature6,feature3
0.306534241986,0.250360924688
0.332581526905,0.392809617213
0.316943298559,0.348763474863
0.332528437789,0.330881133022
0.350608374113,0.412380310718
0.395145110484,0.359922312519
