feature6,feature3
15.5147058824,15.4063636364
15.4845454545,15.8462121212
15.3194852941,15.7365151515
15.155,15.3393382353
,14.9115151515
,15.768030303
