feature6,feature3
14.7382857143,15.2979411765
14.7245454545,14.8931818182
15.8433333333,15.6066911765
14.9847058824,15.1376428571
15.6964720395,14.596969697
15.0610294118,15.71875
