feature6,feature3
0.379009284875,0.37954820772
0.397864188026,0.399083450392
0.351592439171,0.336844767302
0.398919492193,0.36017173274
0.3566100323,0.376119448804
0.368832404427,0.363897935945
