feature6,feature3
0.357948843168,0.4174302268
0.325699565025,0.319742938243
0.329334618505,0.367893138842
0.349367881367,0.434699681298
0.309657758747,0.343831571511
0.465479858601,0.352325412865
