feature6,feature3
13.5621212121,14.3738235294
14.1035294118,14.1456060606
14.8438970588,14.2381818182
14.3721212121,14.5486764706
14.4966911765,14.1414285714
13.9736363636,14.3466666667
