feature6,feature3
14.7917647059,15.2687878788
13.9077272727,14.6503125
14.3143939394,14.6572142857
14.4511019737,14.6912857143
14.5416529605,14.1230147059
14.8792424242,14.6673529412
