feature6,feature3
0.376140203114,0.315124518174
0.313766003036,0.370216142341
0.331503897474,0.342916540822
0.317102631588,0.326876484897
0.33109527378,0.347636587519
0.39330327696,0.356381445712
