feature6,feature3
111.76117647,112.650909091
111.013333333,111.391764706
109.27882353,112.868235294
112.937647059,112.324705882
111.144705882,110.790588235
113.08,111.377647059
