feature6,feature3
15.2145588235,14.2605147059
14.9328125,14.4140441176
14.6170588235,15.22703125
14.9042142857,15.2677941176
14.7705714286,14.4456428571
,14.6363636364
