feature6,feature3
14.5897142857,14.155
14.5206003289,14.7022058824
14.9789705882,14.6048484848
14.4886029412,14.19375
14.4304545455,14.5436363636
14.5413636364,
