feature6,feature3
0.312918598143,0.327089715067
0.444822386899,0.442555110881
0.322550663203,0.37479518677
0.389097382534,0.363812886891
0.417652076367,0.281297282154
0.360324684029,
