feature6,feature3
14.0662857143,14.1819117647
15.0261764706,14.2577857143
14.2802142857,14.7672058824
13.9457352941,14.6123571429
14.9452777778,14.5766666667
