feature6,feature3
0.396042939348,0.342838680848
0.329581314064,0.437071139078
0.405032414335,0.306213044817
0.309296930328,0.322401410632
0.353284342534,0.332565621283
0.401523803829,0.321317950933
