feature10,feature8
113.132571428,111.495294118
112.573333333,110.934736842
112.175789474,113.631515152
113.656969697,114.756571428
110.628571428,111.117333333
111.888,110.927777778
