feature6,feature3
14.7674242424,14.0375
13.9458571429,14.3379411765
14.10796875,14.80890625
14.3838970588,15.056
14.8434375,14.003125
14.0361764706,14.5647142857
