feature6,feature3
119.1375,121.855294118
121.071515152,120.535294118
120.311515152,117.712727273
122.893333333,126.91875
121.085,120.225454546
118.494545454,120.421818182
119.791515152,119.853333333
119.635151515,120.964705882
119.572941176,121.15625
