feature6,feature3
15.335,15.1994117647
14.486969697,14.8348484848
15.2348529412,14.8436363636
15.7842647059,15.0103676471
15.1665625,14.9004411765
14.625625,15.0824285714
