feature6,feature3
113.203902439,111.733333333
112.004210526,111.708235294
116.356,110.874461538
114.298666667,113.325882353
111.626086956,113.742068966
113.958974359,112.625806452
