feature6,feature3
0.507576586113,0.577894308762
0.553486205366,0.50853221814
0.51743280618,0.572556734413
0.584940414714,0.521325994094
0.483748848965,0.542469123865
0.581929919908,0.49870696618
0.478785055256,0.554508955634
0.54323106044,0.524619574648
0.536861781162,0.581636499136
,0.587336834809
