feature6,feature3
112.23,112.044444444
112.340606061,112.309090909
112.093333333,112.105
112.254545454,114.6025
114.60375,113.379393939
114.665454546,112.22125
