feature6,feature3
15.1589705882,15.233125
15.2276470588,15.9906617647
14.6778787879,14.7390909091
15.8442424242,15.7782352941
15.3606060606,14.6190909091
14.9479411765,14.5690460526
