feature6,feature3
131.04,131.68
121.173333333,127.05
127.31,129.315
119.15,123.4
123.146666667,125.175
124.14,123.631111111
118.648888889,124.95
124.73,119.69
127.493333333,122.585
,128.435
