feature6,feature3
0.648568482566,0.679151074563
0.668995058249,0.677387239032
0.624529098272,0.667296125636
0.595008250986,0.772199074828
0.681222649751,0.642510259796
0.676747922341,0.743097776722
