feature6,feature3
14.9710714286,14.6769117647
14.1548484848,15.0040972222
14.7614705882,14.5960606061
14.4816666667,14.5998484848
14.2797794118,14.2994117647
14.5441911765,14.7799264706
