feature6,feature3
15.2936363636,15.5875
14.9261764706,14.9154545455
15.3733088235,14.9187878788
14.7578125,14.4139864865
15.5987871094,14.9244285714
15.8311764706,14.975
