feature6,feature3
15.3213235294,15.4806060606
14.5785294118,15.5862121212
15.1280147059,15.2175
15.0208571429,15.3458823529
15.3345588235,14.9315151515
14.8845,14.4128787879
