feature6,feature3
0.319733367895,0.344531819817
0.354739085095,0.325389801375
0.294131554138,0.312935880533
0.310183418877,0.365964541639
0.312187037525,0.33251742918
0.314859865555,0.421019340262
