feature6,feature3
0.30867982404,0.367830705547
0.340020975678,0.403826707455
0.315000107074,0.356227436192
0.302221694476,0.358139440883
0.328794861319,0.358319540192
0.358763627127,0.329217045798
