feature6,feature3
113.117647059,111.859428572
111.117647059,113.820571428
109.481212121,113.36625
114.96,115.236363636
112.582352941,110.401142857
115.454857143,111.367272727
