feature6,feature3
0.368516008561,0.333074847622
0.306567427947,0.425665808173
0.361870265343,0.3271211852
0.417743414462,0.367139375812
0.382128712288,0.391621776069
0.3286202691,0.302107043649
