feature6,feature3
111.408235294,111.881212121
111.331764706,116.418285714
110.62117647,113.916571428
113.10117647,113.956470588
118.706666667,113.584242424
,113.836470588
