feature6,feature3
111.068235294,112.208235294
110.385454546,112.158857143
113.1,110.634117647
110.961212121,114.162424242
112.75030303,113.276363636
112.220571428,112.964705882
