feature6,feature3
14.2808823529,15.0965151515
14.7618055556,15.4436764706
15.1169117647,14.7963235294
14.3288235294,14.7876470588
14.9898484848,15.2292647059
15.1531617647,14.4611764706
