feature6,feature3
111.383529412,109.185945946
111.88,109.415294118
111.323636364,111.297142857
111.27882353,114.401212121
111.33882353,112.536470588
,113.570909091
