feature6,feature3
112.76969697,111.66
111.419428572,107.808484848
112.77882353,112.100606061
111.976470588,113.579393939
112.023529412,114.027058824
112.666666667,114.6
