feature6,feature3
14.6963235294,14.8189393939
14.6372857143,14.1127272727
14.9413235294,14.0557575758
14.415,14.7525757576
15.0991176471,14.6855882353
14.2417647059,14.9572794118
