feature6,feature3
14.6547058824,15.5860606061
15.0760294118,16.0581428571
15.9075714286,14.9508823529
15.0085294118,15.1651515152
15.3708088235,15.3346875
,15.8042647059
