feature10,feature8
0.346981105872,0.432913082622
0.365665319074,0.36701341853
0.330073461095,0.325157018702
0.365378611119,0.403013564627
0.436166715364,0.343806737773
0.337301790826,
