feature6,feature3
0.299494956237,0.280914096083
0.296802350069,0.394888364862
0.31366326276,0.322824304805
0.314844022205,0.37401159513
0.332251280516,0.337413368449
0.324093692823,0.398897872288
0.371313715031,0.430647377879
0.321320505476,0.39285975178
0.454427080954,0.359338316296
,0.41339549728
,0.351036722667
