feature6,feature3
113.772121212,111.421714286
112.8175,114.533714286
109.409142857,112.914117647
110.85882353,111.813333333
112.103529412,113.44
108.917575758,
