feature6,feature3
0.335448459148,0.316226574171
0.359468520932,0.326591483607
0.313314377784,0.315657915051
0.34723696184,0.386318981958
0.358597202943,0.341354875012
0.302836852067,0.343168492125
