feature6,feature3
0.388581549821,0.3131909824
0.26314228608,0.281556047768
0.339443883249,0.331655907198
0.408733980384,0.338697585308
0.340000121286,0.339042099075
0.254180043633,0.386736574957
