feature10,feature8
1.14677845418,0.390400613284
0.372020613664,0.419466920261
0.456888422502,0.333529772966
0.490360778854,0.613505301515
0.397366547077,0.688414108475
1.54696602198,
