feature6,feature3
14.165,14.3253030303
14.7520588235,15.0488235294
14.2694117647,14.3381617647
14.0908823529,14.4820588235
15.0541176471,15.0837878788
14.2188571429,14.4660606061
