feature10,feature8
15.2729310345,14.9313333333
15.6711428571,15.4511666667
15.8694736842,16.1501470588
15.5440625,15.5509677419
15.3306081081,14.9444117647
14.9403225806,15.4328125
