feature6,feature3
1.01849950266,0.818400351641
0.725742988658,0.893071816067
1.13418754899,0.62942300936
1.05767512269,1.35799621878
0.69417741688,0.705331160873
1.37776166011,1.37112661806
1.03380407577,0.84137754858
1.07059950517,0.887948826415
1.64125518324,0.801390019178
0.688959733177,1.39701938434
0.907419192808,1.50190755658
1.31845572411,0.758195061874
0.655702148629,1.43146684289
0.920557282674,1.20395942173
1.17143820086,1.070357054
