feature6,feature3
111.414117647,111.098181818
108.471764706,111.8075
111.231764706,112.03
113.022857143,111.826666667
111.374545454,109.070857143
112.572121212,111.627058824
