feature6,feature3
14.6833823529,14.731875
14.2470588235,14.1654411765
14.5730882353,14.8378676471
14.0971212121,14.3808823529
14.7027941176,13.8723529412
14.1727941176,14.655530303
