feature6,feature3
110.144242424,110.852571428
113.220571428,115.052121212
110.171764706,112.676470588
110.642352941,111.643529412
111.40969697,112.416969697
112.005714286,109.929411765
