feature6,feature3
0.338281979658,0.352434120629
0.383126516658,0.353672503818
0.398788476815,0.313652189972
0.414128847934,0.327386658963
0.319944944686,0.29031642452
,0.317224468196
