feature6,feature3
14.7252205882,15.0504411765
14.9003030303,14.7680882353
15.2843939394,14.6451470588
15.2005882353,14.6855882353
15.4772058824,14.463
14.5870588235,14.6084848485
