feature6,feature3
0.305456378086,0.315817669801
0.304921650889,0.318192369581
0.340794237487,0.287363681201
0.367112640472,0.365728446921
0.439862711524,0.436880800647
0.344629051053,
