feature10,feature8
115.210285714,113.363529412
113.307878788,112.611764706
111.170588235,110.791515152
109.336470588,115.665882353
110.2,110.732571428
110.069090909,114.012941176
111.355151515,113.057647059
111.425882353,112.635428572
112.865882353,113.009411765
112.170909091,112.044848485
113.376,112.150588235
