feature6,feature3
112.29882353,113.137142857
112.555294118,110.17882353
112.147058824,110.529411765
112.534117647,111.112941176
113.771764706,111.705142857
111.549411765,111.366857143
