feature6,feature3
113.195151515,114.203529412
112.613333333,112.382857143
113.85882353,111.266285714
113.267428572,114.87030303
112.046857143,111.754117647
112.96,112.095757576
