feature6,feature3
14.3430882353,15.0542424242
14.1674242424,14.5371323529
14.7745454545,14.3833333333
14.6200714286,14.4832352941
14.8497058824,14.6143939394
14.1940909091,14.4307575758
