feature6,feature3
111.742352941,111.425882353
111.184242424,116.531764706
113.779393939,112.088484848
111.194117647,112.304705882
112.24117647,113.939428572
110.575294118,114.023529412
