feature6,feature3
15.9733823529,15.5834375
15.4015151515,14.878030303
15.5374242424,15.1429411765
15.9547058824,15.6878787879
15.4966666667,15.0328125
