feature6,feature3
0.913087802325,0.972210149707
0.984774076535,0.857309475803
0.924980507106,1.03421731036
0.909744627629,0.956233323034
0.854520482135,0.997508121525
0.691552725542,0.661757436254
