feature10,feature8
14.7396875,15.4262878788
15.7226388889,15.8216020275
15.14984375,14.8230147059
14.7203030303,14.911875
15.6759090909,14.8785294118
15.5111029412,14.6461764706
