feature6,feature3
15.21546875,14.6463636364
15.26,14.8422727273
14.4916666667,14.8
15.3639393939,14.7649264706
14.6482352941,14.9049264706
15.2119117647,15.4607575758
