feature6,feature3
14.5212121212,15.2988235294
14.625,14.7468181818
15.3248529412,14.5227142857
15.1282352941,14.4847058824
15.32421875,14.7890909091
14.6392647059,14.5836363636
