feature6,feature3
0.436025046869,0.328171945442
0.317094549844,0.331453287449
0.355823982837,0.41536057217
0.311163098547,0.318701155369
0.391013670354,0.324356296024
0.362503688999,0.370732627602
