feature6,feature3
0.298150507272,0.317361547263
0.427412610959,0.401196283849
0.340620270257,0.355831870738
0.311556020402,0.377757553935
0.376574634885,0.431774428925
0.402761464683,0.31384320517
