feature6,feature3
14.4439393939,14.9329411765
14.4809090909,14.3715
14.9551515152,14.8721323529
14.0376470588,14.6757575758
14.8106060606,14.6583088235
14.0076470588,14.4460294118
