feature6,feature3
14.3730147059,14.9212857143
13.8977142857,14.3122727273
14.0193181818,14.7832142857
13.9404411765,14.5260714286
13.9317647059,14.0659090909
13.9827205882,14.1119117647
