feature6,feature3
14.8394117647,14.7713636364
14.6465441176,14.6485294118
14.8833571429,15.4547794118
15.084,15.1296969697
14.9142424242,15.1741176471
,14.9616666667
