feature6,feature3
111.189090909,114.008235294
111.584864865,113.306285714
111.57,112.75030303
111.629411765,112.145454546
111.64,114.634117647
111.819393939,111.593142857
