feature6,feature3
112.144,112.409411765
112.71882353,113.211428572
113.809142857,110.88
111.431764706,110.052941176
115.626666667,113.373714286
114.845882353,114.577647059
