feature6,feature3
0.379053296279,0.41341827493
0.41913875177,0.327405897885
0.373363887343,0.265949536826
0.306419696042,0.356114015467
0.318105065359,0.341573747684
0.378409205187,0.34497130728
