feature6,feature3
114.351764706,115.264705882
111.135294118,112.936969697
114.642352941,117.144705882
112.884571428,111.864705882
111.191764706,112.140606061
111.598857143,111.387878788
