feature6,feature3
0.354049021029,0.314633476076
0.298037186285,0.391893137209
0.418192944494,0.323139475491
0.412014654711,0.294637570277
0.378722306318,0.32953387608
0.387725020363,
