feature6,feature3
0.310244121261,0.424574193744
0.315774405569,0.324436595606
0.328647896914,0.415714219825
0.432102385367,0.371574815682
0.3163495383,0.300638909484
0.30660834498,0.378993846516
