feature6,feature3
14.1118571429,14.3643939394
14.5183823529,15.0635483871
14.4657575758,14.6509285714
14.1866666667,14.2834375
13.7825757576,14.0470588235
14.3937857143,14.6115151515
