feature6,feature3
114.785142857,113.547058824
115.87030303,112.534117647
113.628571428,112.8075
112.718787879,111.739428572
112.085882353,111.356571428
113.067777778,
