feature6,feature3
14.5748484848,15.0055882353
15.3425757576,15.2675757576
14.6930882353,15.0042424242
15.3401470588,15.2228125
15.1954545455,14.8582352941
14.9990909091,14.6235714286
