feature6,feature3
15.5334558824,15.8103125
15.4844117647,15.1533823529
15.6119117647,15.5342647059
15.1170588235,15.0350735294
14.8409090909,15.3008823529
15.0391176471,15.2836363636
