feature6,feature3
110.370588235,111.264
112.051764706,112.269411765
110.746666667,112.654117647
110.323529412,109.004571428
110.612121212,110.511764706
,107.456470588
