feature6,feature3
113.009411765,110.816385542
109.86939759,110.820722892
111.039518072,111.146987952
111.978313253,112.199518072
111.566666667,112.672
110.489156626,108.92
110.618313253,111.24
112.683373494,111.948915663
110.314482759,111.596144578
111.059759036,112.808192771
