feature6,feature3
14.7071428571,14.5848986486
14.6079411765,15.1657575758
13.9817647059,14.9476428571
14.7854545455,14.6290909091
15.426969697,14.6648484848
14.852,14.5140625
