feature6,feature3
112.575294118,114.589411765
110.849473684,112.32969697
112.85882353,112.990588235
111.182352941,113.369411765
,112.537777778
,111.911515152
