feature6,feature3
15.154,15.688030303
15.7440441176,15.3609090909
15.5,15.2683823529
15.3087142857,14.9445
15.0942424242,15.2610606061
14.8297058824,14.8747794118
