feature6,feature3
0.336294947332,0.355814385104
0.438541821753,0.368129165539
0.333283306942,0.314639597254
0.35194980045,0.320901435947
0.360108676345,0.364919474047
0.371653762855,0.345394991226
0.340669138374,0.399665877434
0.455947690708,0.392403757846
0.411237091342,0.337692854772
0.338895933787,0.398937261322
0.380358533084,0.395184900109
0.326746511679,0.331350034536
