feature6,feature3
0.317409176732,0.336772378138
0.312334832135,0.403101700277
0.376478935578,0.332651259352
0.295588969995,0.408517955557
0.313188702164,0.439619303746
0.391764408334,0.427512801767
