feature10,feature8
0.341236611401,0.377479432007
0.304296661493,0.370663428029
0.32534881066,0.387726189673
0.366439020583,0.328343235054
0.297579181738,0.38637798789
0.317244645295,0.366803431958
