feature6,feature3
110.669411765,112.20969697
110.416969697,111.078947368
111.447619048,112.621818182
112.331764706,110.717647059
114.179428572,110.417777778
,111.64972973
