feature6,feature3
111.111764706,113.226285714
112.102857143,112.595294118
111.132571428,112.424705882
112.905882353,112.163428572
109.916363636,110.445882353
,113.722352941
