feature6,feature3
0.410064605768,0.376593980149
0.348278159352,0.347672818952
0.387029734951,0.313544383801
0.425905307131,0.338092496846
0.318557088976,0.360938634607
0.364186698283,0.363818583401
