feature6,feature3
14.2387878788,14.3544852941
14.8006060606,14.5027272727
14.3858088235,15.0247727273
14.721,14.1575
15.0566666667,14.4418181818
14.1844117647,14.4751515152
