feature6,feature3
14.5626470588,14.618
14.5804545455,14.4418382353
15.0,15.0290909091
14.1007575758,14.3757352941
14.8318939394,14.9968181818
14.1440714286,15.0227205882
