feature6,feature3
112.52,113.255294118
111.156470588,112.795294118
111.544242424,112.464242424
111.784705882,109.296
115.577647059,110.603428572
111.796363636,113.248
