feature6,feature3
15.9054411765,15.0164705882
15.9703030303,15.3179411765
15.1681818182,15.9713636364
15.6092424242,15.5873529412
15.1552941176,15.2097142857
15.93609375,15.130625
