feature6,feature3
0.399607088001,0.372340510495
0.304841243179,0.331839830596
0.38350015362,0.337373545372
0.385695896864,0.350436898951
0.294600539552,0.304430649158
0.30612860331,
