feature6,feature3
1.10991157314,2.47283033052
0.914188664797,1.05219508557
2.11289009298,1.12507932691
1.11493938991,0.763496517516
1.32408290667,2.32971158046
0.886087106637,1.02087897017
1.02178355456,1.01857963169
6.04372112118,1.89306818116
2.42430698232,1.15393030624
1.16143073758,2.17394639175
0.891350864131,5.74804289339
1.06358647696,1.11893606044
