feature6,feature3
111.757575758,111.673939394
113.464242424,112.536969697
114.838787879,111.696216216
111.311764706,113.234117647
112.204848485,109.68
113.074117647,111.255384615
