feature10,feature8
0.427591560088,0.450196233395
0.316931109775,0.374833323402
0.375831036063,0.300795954358
0.390162944231,0.346659508315
0.46091615956,0.384904885504
0.317088328072,0.349608832258
0.338641218759,0.359254766608
0.384073229241,0.317006082608
0.368270862242,0.36051594898
0.29537812998,0.400884241715
0.345333073771,0.311947405957
