feature6,feature3
0.369746508805,0.327120734288
0.423760310319,0.428489045474
0.414072630506,0.313804745676
0.297855254901,0.404690750247
0.355809890603,0.312756368193
0.335512695824,0.416046928606
