feature6,feature3
0.346036401371,0.351816784347
0.428737358206,0.315723131359
0.290278341498,0.385932873011
0.382187841515,0.306089406383
0.402639191651,0.329738434754
0.30326825985,0.354673581799
