feature6,feature3
14.3763636364,14.6432352941
14.4617647059,14.9868181818
14.0016176471,14.1792424242
14.9666176471,14.4017045455
14.2646969697,14.5893382353
14.68390625,14.3417647059
