feature6,feature3
111.044705882,113.578285714
113.122352941,114.529411765
115.05882353,113.902857143
111.04969697,111.875294118
111.365714286,111.315151515
111.531428572,112.728235294
112.198857143,113.194117647
113.63882353,111.387428572
112.647058824,111.603529412
110.596363636,110.937142857
113.826666667,109.92
110.092941176,112.888235294
