feature6,feature3
0.387364408946,0.438446901045
0.418462696601,0.413959731603
0.442197053914,0.35102603464
0.354313520759,0.342818578377
0.340602405525,0.458248056089
0.354259108001,
