feature6,feature3
0.439919316351,0.253973315402
0.374750412467,0.355391646297
0.311236806066,0.362611656374
0.390917968726,0.339365264613
0.267770917585,0.311392610299
0.313304508456,0.359028888298
0.385421215788,0.344007878906
0.373583230006,0.422461374514
0.353401214742,0.309745475775
0.32717960686,0.323722264002
0.252737696085,0.373819120769
0.376533075447,0.367355071738
