feature6,feature3
0.325688285979,0.454786340614
0.295046228335,0.457784439239
0.330868009028,0.424910783105
0.319100041153,0.314019781575
0.314538031221,0.318659268779
0.423522948401,0.305171574521
