feature6,feature3
0.344574319805,0.323036181464
0.391740160202,0.41746794238
0.391717017724,0.324054433067
0.333675885197,0.44626200495
0.336745702165,0.38482610997
0.382439483687,
