feature6,feature3
0.29411941374,0.265119075574
0.314207000052,0.355445049818
0.375864755956,0.2860439473
0.365686677036,0.317772822919
0.263536695809,0.298292364993
0.382095603063,0.425697861326
