feature6,feature3
0.346847410733,0.351735039406
0.422806329496,0.479039537626
0.424347357562,0.43650058687
0.297430280823,0.384964846371
0.44557169409,0.35175471513
0.344313101753,0.338557003245
