feature6,feature3
0.440848759584,0.356643496214
0.211451879596,0.40194348504
0.443624928514,0.287634202524
0.370804278648,0.413702446929
0.338836910293,0.356004454495
0.401874595182,0.324470069717
