feature6,feature3
108.790588235,112.769411765
112.175294118,112.669411765
112.642285714,110.577142857
123.328484848,110.314117647
112.328484848,110.36969697
112.514285714,113.4925
