feature6,feature3
114.288235294,112.11030303
111.747058824,114.177647059
114.305454546,113.745142857
113.253714286,110.860606061
112.37882353,111.116666667
111.249142857,115.637575758
