feature6,feature3
0.337161736643,0.443723886925
0.279593673279,0.301042718478
0.298638366358,0.297408566681
0.353869845559,0.436363566916
0.379283046484,0.341394673906
0.371071828594,0.297907866608
