feature6,feature3
0.429801327207,0.416765416509
0.316180841698,0.324070503468
0.360876776096,0.44301249173
0.320718428319,0.425636404583
0.319536198511,0.37668568801
0.35074594855,0.358362469895
