feature6,feature3
13.8671323529,14.1460606061
14.1289705882,14.4679411765
14.9760294118,14.7171428571
14.6361764706,13.9369852941
13.995,14.7317142857
13.9894285714,13.9466666667
