feature6,feature3
13.86609375,15.0635294118
13.9381818182,14.4114285714
14.7256060606,14.0607142857
14.2609090909,15.1531818182
14.3466911765,14.1212121212
14.0741176471,14.6180882353
