feature6,feature3
110.65625,113.88
111.046060606,113.336969697
111.285882353,113.590588235
110.311764706,114.250588235
112.727058824,110.944242424
114.422352941,
