feature6,feature3
0.327143184138,0.37357151238
0.371514554331,0.350889251745
0.42943007071,0.371224855623
0.354048352491,0.368967853932
0.364976924502,0.338334336405
0.404770336082,0.362364684934
0.402265423838,0.46027013482
0.376144925127,0.385654386177
0.384285560741,0.308662208765
0.393365433564,0.337704014091
0.426825812994,
0.32926516792,
