feature6,feature3
14.6180882353,15.0603030303
14.4708088235,14.5318181818
13.9035,14.7181818182
14.7143382353,14.4543939394
13.8888970588,14.61078125
14.355,14.5686428571
