feature6,feature3
108.867058824,113.31030303
110.288235294,111.454857143
112.44,114.099428572
110.50631579,111.52117647
114.180606061,115.142857143
113.255294118,113.284210526
