feature6,feature3
15.25375,14.7252941176
15.0327941176,15.3984558824
15.2233823529,14.7064285714
14.7857575758,14.8545454545
14.6467647059,14.3676470588
15.1488235294,14.9408823529
