feature6,feature3
14.1611029412,15.0581818182
14.565,14.3990909091
13.8287878788,14.2017647059
14.2012121212,14.8784558824
14.2622857143,14.9532352941
14.0134375,
