feature6,feature3
14.175,14.106969697
14.3839393939,14.214375
14.4990909091,14.7984848485
14.1022727273,14.3901515152
15.0438235294,14.3427941176
14.5312121212,14.1711764706
