feature6,feature3
113.700689655,110.935294118
113.663529412,112.598857143
113.275294118,110.63882353
112.831764706,113.054666667
111.926666667,111.193513514
110.855294118,111.141333333
