feature6,feature3
15.4381818182,14.6158823529
15.7225735294,15.2648571429
15.3879285714,15.4839393939
14.815625,15.5251515152
15.1717647059,14.7735294118
15.3786764706,14.7638235294
15.108349359,14.3915151515
14.8601428571,15.629375
15.6021428571,14.665
14.775,15.1505882353
