feature6,feature3
14.0120588235,15.0538571429
14.2585294118,14.836969697
14.6747794118,14.0281818182
14.0120588235,14.7216176471
14.1145454545,14.5761111111
,15.0375641026
