feature6,feature3
14.7317647059,14.2147142857
14.3952941176,14.5457575758
14.2933333333,15.101969697
14.5437878788,14.3763636364
14.7386029412,14.8789393939
14.4139393939,14.7940909091
