feature6,feature3
0.435448835434,0.306477757596
0.319565396914,0.300975821885
0.411636963759,0.379555429102
0.350155044387,0.330890148952
0.315724794354,0.408335267297
0.377969529149,0.345931046015
