feature10,feature8
15.2392647059,15.4390151515
15.6447058824,15.0280882353
14.8147058824,14.7982352941
14.5020588235,14.6818181818
15.2833823529,14.7628125
14.9382352941,14.7039393939
