feature6,feature3
0.275415374393,0.270811009159
0.282852636146,0.32295864743
0.269356978624,0.275095427166
0.293126571609,0.313691454764
0.254747833551,0.290298258979
0.249583967762,0.311577267391
