feature6,feature3
114.2,110.649411765
114.071515152,113.80969697
113.36,111.134117647
112.46,115.195294118
112.727272727,110.666666667
,112.625882353
