feature6,feature3
14.3223484848,14.5086363636
14.7075,14.4098484848
13.9356060606,14.6524242424
14.4815151515,14.6794117647
15.3781522042,14.7134090909
14.2993939394,
