feature6,feature3
112.889142857,114.060606061
114.28,111.772941176
112.042352941,110.036571428
109.740606061,112.569411765
113.082424242,111.073939394
114.214117647,109.66117647
