feature6,feature3
0.381153746059,0.343939785467
0.443337304384,0.329277776763
0.388683202073,0.333239018225
0.353849964855,0.280158759381
0.354867471366,0.294507174867
0.364562696394,0.300875747839
