feature6,feature3
14.773030303,14.3831818182
15.0002142857,15.12765625
14.7951515152,14.1729411765
14.8872727273,14.9760294118
14.9057575758,15.1583823529
14.3990909091,14.0666666667
