feature6,feature3
111.816,113.37882353
107.540571428,110.505882353
109.484705882,111.616
109.552727273,111.264242424
110.90117647,112.084705882
109.705454546,111.711515152
