feature6,feature3
109.7,113.11030303
111.436571428,113.081142857
114.340571428,113.149090909
110.669090909,113.24
113.616,114.292121212
109.356470588,115.03882353
