feature10,feature8
112.557647059,112.87625
110.997575758,110.992
111.342352941,113.628235294
112.94,108.782857143
113.177647059,111.497647059
109.473846154,113.161142857
