feature6,feature3
113.7625,110.03875
113.16375,111.900571428
112.35125,113.77625
111.774545454,111.698285714
112.02125,110.660606061
112.08375,113.212121212
