feature6,feature3
15.3636029412,15.7731617647
15.1013636364,15.23375
14.7353030303,15.7422727273
15.4194852941,15.7255882353
15.7334558824,15.3616428571
15.3119117647,15.2333823529
