feature6,feature3
0.46109828094,0.399977586641
0.321194765576,0.282381350016
0.315108447899,0.410243356008
0.300897921307,0.342064299913
0.411873922122,0.455212175011
0.414929989261,0.455288570561
