feature6,feature3
0.444664227182,0.396177160948
0.335917421449,0.409122582846
0.327461282113,0.407540312093
0.283466131509,0.350382257735
0.231516706346,0.307077290321
,0.324415309929
