feature6,feature3
14.2469117647,14.1930714286
14.3106060606,14.6121969697
13.9939393939,14.2775
14.0592424242,14.2820588235
14.2728676471,13.835
14.5525,14.9708333333
