feature6,feature3
15.0953676471,15.4714705882
15.565,14.6033823529
15.284,15.3063235294
14.6601428571,14.9924242424
15.4100735294,14.5892647059
14.7159375,14.94
