feature6,feature3
113.003636364,113.167272727
112.164705882,112.958787879
113.128,115.069411765
116.722424242,113.583529412
115.129142857,111.878787879
113.282352941,113.455294118
