feature6,feature3
14.8147857143,14.6157352941
14.7935294118,14.8304651163
14.3418939394,15.42875
14.65,15.1412121212
14.8209848485,14.1497058824
15.3834285714,15.1114583333
