feature6,feature3
0.297514996869,0.387031288838
0.361166199849,0.408789834458
0.283871381389,0.372129214645
0.290379595233,0.318655786145
0.402052152855,0.309217937563
0.381671357975,0.324039653781
