feature6,feature3
0.300063145225,0.312803829605
0.316121595883,0.299606992206
0.338802876795,0.419887193916
0.313688979058,0.339154700761
0.357348283755,0.378920150852
0.381297770729,0.353603224646
