feature6,feature3
0.310186222832,0.423509439283
0.30730018378,0.42241353702
0.287796647649,0.349279618919
0.372799040931,0.407712516958
0.328131845274,0.298417801736
0.329232529728,0.408232560638
