feature6,feature3
0.30163374511,0.303558864493
0.307894876718,0.327577840288
0.374564143304,0.42395450978
0.342380786062,0.309805767857
0.34891428033,0.40024523695
0.338097535979,0.44547594262
