feature6,feature3
110.155428572,111.054545454
110.276470588,112.197647059
112.07030303,114.251428572
112.03030303,113.909090909
113.824242424,111.907058824
110.158857143,111.08
