feature6,feature3
0.415340743409,0.307601254712
0.408467891891,0.400050843803
0.371516247299,0.413182018949
0.348108223381,0.364380710685
,0.335735168344
,0.311116417479
