feature6,feature3
14.8173529412,14.3475757576
14.2971212121,14.9192142857
14.80578125,14.3695588235
13.9036363636,14.2300714286
14.6651470588,14.4160606061
14.814,14.1497794118
