feature10,feature8
0.314081909869,0.316465635979
0.318551679392,0.406411773339
0.391759854783,0.298967848093
0.322596962294,0.318092680552
0.34312059938,0.282168675388
0.287222971708,0.397782129136
