feature6,feature3
0.309482946561,0.337187222116
0.32582059085,0.308606872993
0.236770749748,0.427045829299
0.451369418937,0.338367835041
0.342375231416,0.326703040242
,0.351564447876
