feature10,feature8
0.571385311275,0.453390281597
0.624300255477,0.502594852483
0.792093011724,0.665087791441
0.608917236869,0.525164977698
0.567409143706,0.664214202901
0.618915466548,0.573511313637
