feature6,feature3
0.318498249006,0.443899242255
0.325068265891,0.332138770265
0.313601177059,0.353654993796
0.398953808663,0.349693750052
0.413871237749,0.327035171125
0.456832097596,0.323751052196
