feature6,feature3
15.0704411765,15.665
15.0839393939,15.6835294118
14.9857142857,15.387
15.1705882353,15.0686363636
15.5462121212,16.2594285714
15.2215151515,15.1738235294
