feature6,feature3
14.8833823529,15.1573333333
14.5267647059,14.8197857143
14.8351428571,14.9995454545
15.035,14.8863636364
15.0234285714,15.2993181818
14.2057352941,14.5277272727
