feature6,feature3
0.353669688372,0.30849071836
0.399347811613,0.38787190926
0.424899800963,0.350900688019
0.313273606994,0.329163849256
0.368192451941,0.212479464798
0.305107785677,
