feature6,feature3
15.7561764706,15.6866666667
16.0472727273,15.2723529412
15.1613636364,15.708125
15.5134375,15.76234375
15.7771212121,15.5621212121
15.1336363636,
