feature6,feature3
0.331146671891,0.396318371571
0.414725215427,0.366455532657
0.368852452192,0.311581645574
0.350625497324,0.312384493399
0.295084614108,0.372442279077
0.428680988943,0.317879728923
