feature10,feature8
0.324564119218,0.449737015608
0.321306536685,0.332547295091
0.382441949009,0.391815277413
0.388860116757,0.38183415981
0.3013840301,0.299997761449
0.315897993431,0.3271932244
