feature6,feature3
111.837714286,110.093333333
110.502857143,113.405882353
113.385882353,111.211764706
111.785882353,114.907058824
110.773333333,111.795294118
109.235,
