feature6,feature3
0.397986853253,0.355584792747
0.389999241944,0.282569631325
0.388802721386,0.314086314958
0.307755204853,0.34059234235
0.344884933476,0.356679680985
0.326635410546,0.328061298532
