feature6,feature3
0.432083064307,0.416815729456
0.294943426516,0.340371045814
0.337643442238,0.435396634232
0.367609018995,0.295147483398
0.340590176028,0.322774335927
0.42860598402,0.326549670782
