feature10,feature8
111.717647059,114.426285714
114.473513514,112.503589744
108.899393939,112.675121951
111.968,111.296666667
111.805714286,114.007058824
111.924705882,
