feature6,feature3
13.7487142857,15.0866666667
13.9715151515,14.3514705882
14.0936363636,13.834
13.9960606061,14.3191176471
14.1913235294,14.46975
,15.0147058824
