feature6,feature3
0.320744226871,0.38448217269
0.313825327378,0.284210041031
0.361501696119,0.306353374388
0.315601998436,0.368695075049
0.326867504915,0.317503885525
0.314836192949,0.353677087599
0.394729941205,0.408408579979
0.351110256109,0.313044116817
0.293629253597,0.307535911605
0.307173071803,0.26751393874
,0.262642624549
