feature6,feature3
14.0192857143,14.4944117647
14.3824285714,14.3057352941
14.4627941176,14.8151470588
14.6196969697,14.3784848485
14.27,14.4045588235
14.3156060606,14.9246969697
