feature6,feature3
112.169411765,112.56969697
111.804848485,112.66
107.737142857,111.195151515
111.47882353,109.582352941
110.985882353,113.277714286
112.081212121,111.716470588
