feature6,feature3
15.2253030303,15.2136363636
14.1451515152,14.5539285714
14.9889705882,13.8630882353
14.1770588235,14.7059558824
14.4525757576,14.6125
14.6690441176,15.0110606061
