feature6,feature3
15.1311764706,15.7805714286
14.7696969697,15.5503030303
15.4507352941,15.3446969697
15.2905147059,15.3686764706
15.2354545455,15.0436029412
14.8634090909,14.8103030303
