feature6,feature3
115.127272727,114.58117647
114.155151515,114.004571428
111.262222222,112.683529412
110.259393939,114.147027027
111.724848485,113.789411765
111.086060606,113.65882353
