feature6,feature3
14.09828125,14.7693055556
14.1331818182,14.21671875
14.4985606061,13.675078125
14.0818939394,14.88015625
13.9065625,14.6467424242
14.2296969697,13.57953125
