feature6,feature3
0.326503795952,0.333437350895
0.431577826235,0.382368615961
0.309166886303,0.330510644714
0.387476420228,0.393971215338
0.361248093673,0.296293831196
0.422273555641,0.349686131986
