feature6,feature3
14.3683088235,14.5846969697
14.6942647059,15.0429285714
15.2421875,14.2894117647
13.8916911765,13.8997142857
13.9877142857,14.17625
13.9529411765,14.5220588235
