feature6,feature3
0.360004018085,0.329329710208
4.25547796307,0.450890998971
0.338454800957,2.82875194957
0.361352989188,2.23837669328
0.449914867747,2.65273909399
3.18879948642,2.80483223348
0.32619187486,4.18382967749
0.301302208291,3.21701461483
2.83149461289,0.316089892618
,0.329413948049
