feature6,feature3
14.9851470588,14.9107352941
14.3514705882,14.2940625
14.1275735294,14.9983870968
14.127,15.0140441176
14.3431818182,14.416875
,15.0062121212
