feature6,feature3
14.3082352941,14.9279411765
14.5840151515,14.4119285714
13.9730882353,14.8021212121
14.0281818182,14.3365151515
14.2563636364,14.9790909091
14.4548529412,14.6938235294
