feature6,feature3
0.405669202448,0.376325962048
0.372533980572,0.376984452864
0.343869048833,0.34509066833
0.338379016231,0.35628128871
0.328584290636,0.414221758209
0.390273153346,0.396887094737
