feature6,feature3
14.7037878788,14.1724285714
14.3634848485,14.1194117647
14.2802857143,14.3855147059
14.7463636364,14.9700735294
14.0427941176,13.80703125
14.5878787879,14.0663235294
