feature6,feature3
112.797714286,112.930588235
114.272941176,112.811764706
110.17882353,112.443636364
113.387058824,115.043529412
111.562352941,112.717714286
109.915294118,111.912941176
