feature6,feature3
1.8605751894,1.50218705242
1.34274420333,1.31104140125
1.07268682806,1.27181237824
1.26526625739,1.25692494366
1.58153172101,1.31963341407
0.839371269773,1.63095497131
