feature10,feature8
14.9384375,15.3854545455
15.3742424242,14.51515625
15.0595454545,14.9284375
15.6770588235,14.9181818182
14.6284848485,15.413125
,15.1604545455
