feature6,feature3
0.398702330438,0.386722921279
0.339137377278,0.359256485295
0.413845914389,0.296021370415
0.389655848582,0.314738209207
0.449204018957,0.312003997561
0.29627485158,0.313884671856
