feature6,feature3
114.064242424,111.921142857
112.493333333,112.859428572
111.094545454,113.824705882
110.652571428,113.815757576
110.356363636,114.59882353
113.402352941,
