feature6,feature3
14.8165714286,14.4248484848
14.358030303,14.9723529412
14.5721428571,15.0522727273
14.8697142857,14.7983823529
14.3125714286,15.1927272727
14.5596969697,14.895
