feature6,feature3
111.667428572,112.884210526
111.786666667,114.010909091
111.671764706,114.69882353
110.278857143,111.258285714
110.564705882,112.234117647
,111.712727273
