feature10,feature8
17.9426923077,16.4985
16.8501923077,17.6195833333
19.1627272727,16.565
17.0273529412,17.5561538462
17.5365,16.4246875
16.4617142857,17.3315789474
