feature6,feature3
109.076363636,110.6
112.143529412,110.543529412
108.48,113.172941176
111.422857143,112.375294118
111.146285714,110.711515152
110.234117647,109.861714286
