feature10,feature8
114.625882353,113.861463415
115.722285714,112.603428572
115.796470588,115.313939394
116.302857143,113.131764706
112.065454546,114.002352941
114.546666667,114.611764706
