feature6,feature3
0.310294084036,0.376759837817
0.342312630181,0.390183780559
0.383152232073,0.42234810322
0.379269868534,0.331471300359
0.356097844855,0.400091245877
0.363039795295,0.422290578925
