feature6,feature3
113.087272727,114.985882353
111.744242424,112.463030303
115.558787879,111.26
109.164571428,115.233939394
110.817647059,112.787058824
111.847058824,113.215294118
