feature6,feature3
14.9292424242,14.7967142857
14.5760606061,15.165
14.7681818182,15.5659090909
14.8636363636,15.3438571429
15.6648484848,15.0241176471
14.6445454545,15.5809375
