feature6,feature3
15.7986764706,15.5863636364
15.3347058824,15.611969697
15.2670588235,15.5402857143
15.5982352941,15.6605882353
14.8505882353,15.2373529412
14.7557857143,15.5274285714
