feature6,feature3
0.433339850638,0.309544955149
0.431155216325,0.406134178066
0.404935576939,0.385381217623
0.300695415482,0.33302145408
0.340664794777,0.307973770458
,0.298365201789
