feature6,feature3
109.183030303,114.790588235
113.335294118,113.475151515
111.656470588,110.025454546
111.019393939,112.337647059
110.94,113.803428572
111.366060606,110.08117647
