feature6,feature3
0.340446346204,0.331427779195
0.329833226396,0.333626685216
0.386223886485,0.304197834741
0.354659644584,0.356806902819
0.31858046543,0.342326731618
0.349258841946,0.366058744691
