feature6,feature3
15.0357575758,15.0560714286
14.5503125,14.8566666667
14.1394117647,15.0195588235
14.5044852941,14.4307352941
14.4975757576,14.2695588235
14.8885294118,14.9215625
