feature6,feature3
15.26328125,14.9365
15.2108064516,15.088984375
15.0851724138,15.606015625
14.439375,15.1534375
15.01234375,15.16359375
15.2332258065,
