feature6,feature3
15.4429032258,14.9711290323
15.03671875,15.0721875
15.5546875,15.508125
15.8409201389,15.464296875
14.788203125,15.30171875
15.4286363636,15.9146617801
