feature6,feature3
0.371220897474,0.300761869314
0.345938837163,0.335657659739
0.40292647403,0.428372519441
0.301913984262,0.354954540676
0.291588707398,0.38214828752
0.362528846698,0.338804773892
