feature6,feature3
111.772121212,115.80375
111.699428572,113.762352941
111.96,113.190588235
111.350588235,111.029090909
111.510857143,108.994285714
111.47882353,112.04117647
