feature6,feature3
0.33213880796,0.342975848148
0.345256357269,0.466328631592
0.3991920981,0.323857988841
0.364481055039,0.447616954939
0.388299025462,0.298592990718
0.412203274498,0.335747555493
