feature6,feature3
13.6899285714,14.7509558824
14.6012121212,14.7860294118
13.8710714286,14.0144117647
14.1125735294,15.0208823529
13.6423571429,14.7451428571
14.0587878788,14.0752205882
14.5897794118,15.0039393939
14.1515625,13.7125
14.6174264706,14.4433333333
14.7116666667,14.16
14.0358823529,14.2789393939
14.141969697,13.9506060606
