feature6,feature3
0.397258756173,0.340631225254
0.312306552383,0.302561896241
0.363187398329,0.458069495373
0.376351780323,0.409689311663
0.301075063726,0.339706403373
0.381694667688,0.326837075097
