feature6,feature3
111.64,112.71030303
113.425882353,112.123529412
111.070857143,112.402424242
113.32117647,111.918857143
112.690588235,112.975757576
112.452222222,111.989411765
