feature6,feature3
0.556276100774,0.602035359548
0.566323787261,0.582143759715
0.606473286351,0.579606018301
0.598603992707,0.521528603306
1.34172057216,0.731842139754
0.505999501891,0.596663363355
1.12439528253,1.13752988268
0.629628866054,0.646166696153
0.817134808125,0.69698759061
0.724039760087,0.358091786845
