feature6,feature3
14.6571969697,14.6302857143
14.5960606061,14.8991428571
14.3761764706,14.6630882353
14.4308823529,14.9384090909
14.8540625,14.9136029412
14.9418382353,14.3971212121
