feature6,feature3
14.5204285714,15.0751470588
14.1682857143,14.0814285714
14.5428676471,15.0436363636
14.9771969697,14.3522058824
14.1390909091,14.8452941176
14.3675,14.9114393939
