feature6,feature3
14.8581617647,15.2745714286
14.68,15.2365
14.8739393939,15.1170588235
14.4127941176,15.0632352941
15.2896212121,15.1684848485
,14.7357575758
