feature6,feature3
109.982352941,112.860606061
110.54117647,110.83882353
110.777647059,114.497142857
112.175757576,110.333333333
110.056,110.454545454
110.577647059,111.2475
