feature6,feature3
0.338279291189,0.33159179029
0.315756892599,0.356090924483
0.317787282681,0.291389973312
0.39044538983,0.383142815887
0.291004578737,0.320326794409
0.344912485687,0.341076186663
