feature6,feature3
14.8485714286,14.2371052632
14.5838636364,14.6634375
14.5232352941,14.6057352941
14.1069285714,14.1013571429
14.8541176471,14.8877272727
,14.0124242424
