feature6,feature3
0.390549036585,0.381863655235
0.379829424253,0.35413709423
0.349894542268,0.266761817645
0.255808274262,0.459794225231
0.272070756534,0.284784295318
0.372484393641,0.346933957896
0.309182416479,0.389148594744
0.308882430771,0.291350580513
0.421125691414,0.367353885061
0.343895580567,0.315687319377
0.24724682507,0.281847955851
0.255894988919,0.356659912082
