feature6,feature3
113.028235294,112.437647059
112.530588235,112.45125
111.688235294,111.648235294
111.834285714,110.765882353
110.837575758,111.878787879
,110.789090909
