feature6,feature3
0.419493074353,0.304097116509
0.383874773851,0.345449370753
0.296065767618,0.322300464115
0.398746014781,0.296417083484
0.30620686869,0.293197918734
0.351313635008,0.347168555745
