feature10,feature8
14.9898484848,15.1095588235
14.8783823529,15.5434375
14.7000800781,14.8776470588
15.1106097561,15.1064516129
14.5509090909,15.925464527
14.7730882353,14.88625
