feature6,feature3
14.456969697,14.3578787879
14.0316666667,14.7102142857
14.5260606061,14.2405
14.346969697,14.3946323529
13.7592424242,14.1948484848
14.5113235294,14.7188571429
