feature6,feature3
0.396871029876,0.371873931704
0.304669468565,0.312649582584
0.425477460293,0.41809938119
0.329090489299,0.34032046655
0.307054383927,0.369735624949
0.441069975861,0.357159556133
