feature6,feature3
0.319534468349,0.296332413687
0.400317677175,0.395792615101
0.368067460139,0.297670935662
0.303860421654,0.337763821308
0.30695777902,0.42377736052
0.339718718877,
