feature6,feature3
0.382570445877,0.381773731871
0.392246867384,0.3247694796
0.407110198747,0.367137987962
0.371726235666,0.357522767755
0.31539202445,0.386421310533
