feature6,feature3
0.366078744991,0.34071495772
0.329846350545,0.351968819664
0.364346429209,0.333580537656
0.373146026994,0.377079962029
0.339303099914,0.389152502966
,0.386772406834
