feature6,feature3
0.315564550168,0.330573358566
0.383318562353,0.439547086844
0.356376690744,0.31179660447
0.317639171766,0.388797959115
0.369898156443,0.403334680369
0.428809267349,
