feature6,feature3
112.26,111.682352941
111.869090909,111.713142857
114.317575758,112.489142857
112.952727273,111.002352941
111.435294118,110.305454546
111.918857143,112.469411765
