feature6,feature3
14.967,14.0106060606
14.6904545455,14.7152857143
14.5016666667,14.2487878788
14.77,14.18546875
13.9701515152,14.4813235294
14.2904411765,15.1717647059
