feature6,feature3
14.5216176471,14.701969697
14.9309090909,14.2118181818
14.7288235294,14.2458823529
14.0736764706,14.3760294118
14.6772058824,14.3691911765
,14.4694117647
