feature6,feature3
111.867058824,112.910588235
113.705454546,111.774857143
113.104705882,115.271515152
111.664242424,110.968235294
113.110588235,110.908571428
113.2575,114.12
