feature6,feature3
0.429821847902,0.294477703946
0.367616336226,0.319651177056
0.295907113699,0.327940443602
0.352478308906,0.315171519195
0.347863348749,0.30023087092
0.312152526427,0.437210917032
