feature10,feature8
114.406857143,113.484705882
111.9,112.4
111.084848485,111.985882353
113.265454546,110.88125
114.854545454,112.677575758
112.97882353,111.642352941
