feature10,feature8
15.5005882353,15.473030303
15.1275714286,15.3009677419
15.0456428571,15.7641176471
14.930625,15.0895588235
15.583,15.5110606061
15.5095454545,15.649
