feature6,feature3
14.4272794118,14.5051428571
15.1544852941,15.1660294118
15.0813235294,15.8297058824
15.0009848485,15.5624242424
14.8463636364,15.3725
14.6063235294,14.8545588235
