feature6,feature3
17.4041176471,16.3847058824
15.8822857143,18.3914705882
17.2667142857,16.212
17.6476388889,18.1664285714
16.6798571429,17.9338571429
17.8655882353,17.0997142857
16.1545714286,16.7253947368
17.0121428571,18.1972857143
17.5482352941,16.7100352113
,16.0554054054
