feature6,feature3
15.1461764706,15.0070588235
15.3057692308,15.6927142857
15.3129411765,15.3041911765
15.1775,15.3393939394
14.9054285714,14.9920588235
15.4029411765,15.4013970588
14.8770588235,15.2727941176
14.9272857143,15.9519302591
15.5088235294,15.6098529412
14.9188235294,14.7885294118
15.1595588235,15.4455
15.0960606061,15.4402941176
