feature6,feature3
1.99993833502,1.97636376949
1.93301029405,2.00892131367
1.97325475748,2.02193009375
1.9858849416,1.91992513186
1.89149446103,1.98307417085
2.04903131808,1.95822091599
1.96158779235,2.00096169109
1.91559039584,1.98156704975
1.95876136732,1.90016472643
,1.94959406055
