feature6,feature3
15.9186764706,15.7213636364
15.1334848485,15.2136363636
14.7983823529,15.845
14.9844117647,15.2997794118
15.8661029412,15.5272727273
15.3420588235,15.3172727273
