feature6,feature3
14.2322727273,14.5525
14.5128571429,13.2160606061
14.6786363636,14.5253030303
14.7736363636,14.8275
14.9973529412,15.0394117647
14.7477272727,14.7633333333
