feature6,feature3
122.050909091,120.0175
124.4775,123.523157895
119.3325,118.932571428
120.373333333,123.112
120.891282051,122.788235294
120.303030303,118.71875
122.710588235,119.39875
122.886060606,120.92969697
122.163529412,120.504242424
122.59,
