feature6,feature3
15.1287878788,14.3404411765
15.1315151515,14.3592857143
14.2579411765,14.3642647059
14.5804411765,15.1121212121
14.3466666667,14.9579411765
15.2854545455,15.1802205882
