feature6,feature3
14.2616666667,14.5905882353
14.6526428571,14.4697058824
13.9877941176,14.14
14.8762121212,14.2117142857
14.186875,14.581
14.8298529412,14.5993939394
