feature6,feature3
114.552941176,112.069090909
109.547058824,113.300606061
112.936470588,111.061714286
111.832941176,114.387058824
111.436470588,110.797647059
113.174857143,110.397714286
