feature6,feature3
112.347058824,112.492941176
109.281142857,109.195294118
109.810285714,111.317575758
111.41882353,112.127058824
112.258181818,112.55882353
112.18,
