feature6,feature3
15.0912857143,15.5839393939
14.7978787879,15.0783571429
14.9677142857,15.6935294118
15.3612121212,14.9005714286
,15.5211764706
,15.894702381
