feature6,feature3
14.1770588235,15.1895454545
14.8281818182,14.6326428571
14.7279411765,14.5594285714
14.7938240132,14.5346969697
14.5986363636,15.2467647059
15.1071212121,14.7768421053
