feature6,feature3
14.5654411765,14.0581818182
14.2824264706,14.7072058824
14.6906060606,14.4218939394
14.3761764706,14.6175735294
15.0581818182,14.1678787879
15.2789393939,14.425
