feature10,feature8
0.573149862842,0.568836533479
0.562463121887,0.46146853499
0.539363079144,0.51813087319
0.577812997074,0.554282085125
0.432085498247,0.616423968557
0.507552635467,0.592906547289
