feature6,feature3
0.392000403453,0.335511860016
0.416577737751,0.355940726676
0.401273748622,0.42699632456
0.307149875447,0.353575908074
0.321877128853,0.377232075028
0.312467930108,0.322830117501
