feature6,feature3
15.0388235294,14.9582352941
14.0275,15.3226515152
14.5854411765,14.6516428571
13.8910294118,14.4194117647
14.8848529412,15.0139393939
14.1438235294,14.3878125
