feature6,feature3
14.828030303,14.7770454545
14.8218181818,14.9195454545
14.7884848485,14.6497297297
15.1027941176,14.6515441176
14.6951515152,14.4307857143
14.9855147059,14.4019230769
