feature6,feature3
111.16,110.608484848
112.35882353,111.37882353
112.528235294,111.500571428
110.92,112.091764706
109.7525,111.968
110.806857143,111.272727273
