feature6,feature3
0.361522875714,0.421988722722
0.33865653135,0.354542043421
0.402082839517,0.333244086683
0.323421604775,0.342595250338
0.351887200219,0.333865452837
,0.380106445558
