feature6,feature3
14.554,13.8055882353
14.5758088235,14.7798529412
14.4423571429,14.3756617647
14.7818181818,14.7553676471
13.9339393939,14.3359090909
14.4982857143,
