feature6,feature3
14.6600757576,15.0558571429
15.1711764706,14.4507575758
14.8055882353,14.1301515152
14.9772727273,14.5433333333
14.4658571429,14.6563235294
14.8161805556,14.4884848485
