feature6,feature3
14.3285,14.3268181818
14.4769117647,14.0895588235
14.3603030303,14.4825757576
14.246969697,15.289
14.3117647059,14.5124242424
14.9626470588,14.2797142857
