feature6,feature3
15.3268181818,15.2189930556
14.796,15.3542647059
15.3301470588,15.0410294118
15.3815714286,15.0078787879
15.0942647059,15.5496969697
15.2227272727,14.7646969697
