feature6,feature3
0.362734990909,0.388075925653
0.345501301009,0.355552531132
0.390736388405,0.339386885488
0.34053764561,0.341032278685
0.403372347142,0.444775070383
0.336045441481,0.440328001996
