feature6,feature3
14.8410714286,14.7036764706
14.5960294118,15.1171323529
14.4938235294,14.8646875
14.4548529412,14.9247142857
14.8757142857,14.987
14.5117142857,14.4941911765
