feature6,feature3
14.9993939394,14.3513235294
14.3402941176,14.6833823529
15.1391176471,14.853030303
15.4015151515,14.8504545455
14.8045016892,14.4675
14.4195,
