feature6,feature3
0.291427260189,0.340150849235
0.348725590188,0.325057916527
0.332756585699,0.283639693063
0.365652275916,0.25606606627
0.255557959755,0.321054962756
,0.288628267088
