feature6,feature3
0.385232143703,0.302123645423
0.292744452547,0.364238045272
0.176221850067,0.410429782468
0.31118225021,0.369048932028
0.377567205193,0.310980591798
0.354725858449,0.363741051583
