feature10,feature8
15.9668571429,15.3651515152
16.7501470588,16.5680882353
17.6598571429,16.62
15.4748571429,16.2221875
16.09859375,15.9090625
16.1788571429,15.4852941176
