feature10,feature8
17.3610294118,18.0145121951
17.2191428571,16.6758823529
17.6182352941,18.88125
18.7751428571,17.9912121212
16.4540909091,18.4924242424
18.2504545455,17.8621323529
