feature6,feature3
0.281999883012,0.313357873047
0.37205885669,0.327210057057
0.277631005195,0.386433669402
0.438768488455,0.302763416671
0.426293093779,0.32102050653
0.347983435628,0.316516870637
