feature6,feature3
112.617142857,113.310588235
111.545882353,113.223529412
111.830588235,112.042352941
111.717575758,112.88
113.676470588,112.67882353
113.637647059,112.383030303
