feature6,feature3
0.404651219348,0.312393786229
0.344485622673,0.308255426595
0.37471121519,0.354089191871
0.413223115965,0.333513227476
0.356130217796,0.355767148968
0.32897814941,0.293442764619
