feature6,feature3
15.0796323529,14.9728787879
14.971,15.1405714286
15.2545138889,14.5898484848
14.7233823529,14.5975714286
15.1961764706,14.8162857143
14.5614705882,14.5514705882
