feature6,feature3
0.362122837801,0.429716753283
0.310257404575,0.344572175332
0.325753651934,0.445987180022
0.322866585896,0.37941926644
0.412725113506,0.334293387147
0.435494141451,0.322620117833
