feature6,feature3
15.1110294118,15.0184848485
15.1649285714,14.8136363636
15.3212121212,15.0920588235
15.0025,15.1094117647
15.1365714286,14.8627941176
,15.1286428571
