feature6,feature3
14.1679545455,14.6380882353
14.9966176471,14.3641911765
14.4211764706,14.8630882353
15.2447142857,14.8665714286
14.9255882353,14.3091428571
,15.0105882353
