feature6,feature3
14.1881617647,14.7317647059
14.6229411765,15.5048571429
15.2891176471,15.0519852941
14.7421212121,14.9454411765
14.7526470588,14.7077205882
14.4622058824,15.1765441176
