feature6,feature3
0.292196855685,0.430560191572
0.388697310912,0.431408945434
0.419490407751,0.313513917591
0.296492048682,0.323145106642
0.380541226899,0.44550401895
0.353555784362,0.320647799078
