feature6,feature3
0.368959256135,0.346059327293
0.436307636211,0.337702539856
0.354403802752,0.338617686303
0.335975386174,0.467235624859
0.387354093719,0.360115349187
0.322243486207,0.321143338941
