feature6,feature3
0.333071221068,0.403326500861
0.284751711854,0.33200945034
0.339544505005,0.316339091408
0.357635156419,0.33455729865
0.365315440656,0.388570757238
0.386338469906,0.322412881669
