feature6,feature3
112.364848485,112.726857143
110.393142857,113.645714286
113.981818182,111.706285714
114.097647059,111.126857143
112.016470588,112.635151515
111.390857143,112.715294118
