feature6,feature3
0.301394875381,0.337553238912
0.298313631489,0.307810743392
0.364934601848,0.460598530301
0.335244696909,0.369582852557
0.301211645825,0.345876698465
0.352788637013,0.374689289831
