feature6,feature3
14.5787878788,15.0113235294
14.7830882353,14.3862857143
14.9127272727,14.6661764706
14.4053030303,14.3449264706
14.6925735294,14.4669117647
14.9243382353,14.5463636364
