feature6,feature3
124.85625,119.075
122.819393939,121.2
121.53,122.56625
124.39,119.2425
122.9975,121.978181818
121.706666667,120.392727273
123.753939394,120.103030303
119.96625,122.56875
121.255294118,119.219393939
123.111515152,121.372121212
