feature6,feature3
0.390649027136,0.306738613866
0.353566496131,0.413651178979
0.370048016155,0.366603463191
0.352711386354,0.402624964634
0.324860065804,0.409457464544
,0.385366932089
