feature6,feature3
1.39225302447,0.388480662209
0.535374952579,0.329864354287
0.438027408599,0.397615728346
0.37218629617,0.454011292676
0.425981129973,0.255886003163
1.83746840675,0.385978376656
0.492913320714,0.622155696358
0.520166300026,0.337961657416
0.324173713175,0.401074984522
,0.398730267098
