feature6,feature3
0.411562536245,0.332655439079
0.439017946404,0.424290019918
0.315703066797,0.397937757423
0.377484549968,0.342914227019
0.44449160208,0.378435263963
0.309233386215,0.300001549104
0.374850857339,0.418788324502
0.375554058516,0.420579599045
0.37909507407,0.299772547797
0.423767014696,0.317448438622
0.34703883007,0.431093190876
