feature6,feature3
0.379315299689,0.412699539771
0.326246290846,0.312916544322
0.307319752778,0.295260559803
0.321280900196,0.385409716508
0.360030683386,0.305648235762
0.342312827339,
