feature6,feature3
14.2383823529,14.2587878788
14.4046969697,13.9554545455
14.6486363636,14.6684848485
14.5382352941,14.7738235294
14.4778571429,15.0904285714
14.2797794118,14.6061029412
