feature6,feature3
111.94117647,110.60969697
111.194285714,108.989411765
110.996470588,110.935294118
110.190588235,112.012121212
113.047058824,112.3125
110.905882353,112.342352941
