feature6,feature3
14.6727941176,14.8826515152
14.903030303,14.923
14.5722727273,15.3909285714
15.2198529412,14.6222794118
14.931,15.2616176471
14.5934285714,15.3557575758
