feature6,feature3
0.496031868681,0.524725796724
0.534641884672,0.508212247066
0.461017671694,0.551437651755
0.513206842921,0.583859696488
0.503343963806,0.44479982393
0.479926117489,0.605346956016
