feature6,feature3
109.76117647,112.081142857
112.568484848,111.552
111.04,111.789411765
112.284705882,114.025882353
112.930909091,113.389090909
,114.608484848
