feature6,feature3
0.40184358473,0.387013661489
0.414316779671,0.324797677107
0.394200844666,0.313330694934
0.343586667424,0.345766081997
0.366138881817,0.339722946145
0.375491953425,0.287513380931
