feature6,feature3
0.338864097249,0.316941110768
0.28492596773,0.286835004195
0.458236990378,0.291469549492
0.288363278048,0.36304197092
0.296442315497,0.304747965659
0.325088570168,0.40734303345
