feature6,feature3
0.34403378989,0.30381359724
0.326148653068,0.402185358163
0.351030385014,0.326345413531
0.322128167143,0.327822859995
0.24885790404,0.336206570005
0.308055470685,0.399950859771
