feature6,feature3
14.1166176471,14.1796969697
14.838030303,13.9767647059
14.2554545455,14.4973484848
14.4735294118,14.5884558824
,14.1854411765
,14.6838235294
