feature6,feature3
2.37638940945,2.39527783288
2.40519636089,2.31451331542
1.25832760872,1.7942354676
2.39661458312,2.40526963175
2.9827452803,3.95992289541
2.20104102703,0.506678960725
2.38644172082,2.35705695844
2.42143518522,2.33130496102
2.19756537695,2.30158534008
2.32828812144,2.41620728145
