feature6,feature3
0.392279866324,0.409511920247
0.384241288943,0.340507638175
0.441993410048,0.344931700932
0.418567255091,0.408753758667
0.435263467974,0.390654314612
0.427744955119,0.3713287158
0.370824343918,0.459885182093
0.429301004677,0.36615704331
0.39063214939,0.392168890649
0.404290764205,0.438638107252
