feature6,feature3
14.4436764706,15.1321428571
14.3475,14.7936363636
14.6795714286,14.4453787879
14.87625,14.3905882353
14.3801470588,14.3754276316
14.3303030303,14.2507575758
