feature6,feature3
14.4072058824,14.6888970588
15.2120588235,14.2526428571
14.2701515152,14.6657142857
14.9120588235,15.0827272727
14.3163235294,14.4786764706
,15.3077941176
