feature6,feature3
0.426031500686,0.399565476864
0.322538113219,0.320870360433
0.399320229526,0.359884163451
0.348771759553,0.361642155357
0.41037461281,0.324691602737
0.39197339495,0.396046081556
