feature6,feature3
112.8975,112.794285714
112.743030303,111.995294118
114.774117647,113.527058824
111.597647059,113.642352941
113.194117647,113.671515152
108.256,114.375294118
