feature6,feature3
14.5633823529,15.2054411765
15.0648529412,15.3337142857
15.0431818182,15.4811764706
14.1153030303,14.7616129032
14.0746969697,14.3704411765
14.3562857143,14.5977941176
