feature6,feature3
113.314117647,113.183529412
110.387272727,111.996363636
110.162352941,112.787878788
110.5,112.338285714
111.945882353,111.878888889
111.275428572,114.048484848
