feature6,feature3
111.130285714,110.934117647
114.791515152,112.350588235
110.885882353,113.633939394
113.059428572,112.515294118
111.808,111.494857143
,111.891764706
