feature6,feature3
0.300050032351,0.289480684471
0.293928406347,0.361140493678
0.307476868551,0.242651946883
0.257562114033,0.320040497835
0.402061524154,0.321991910961
0.387848218934,0.358977851839
