feature6,feature3
15.0981428571,14.5965714286
14.8189393939,15.0658823529
14.6048529412,14.9631428571
14.6577857143,14.7531818182
14.6244285714,15.0924242424
14.8598484848,14.6788235294
