feature6,feature3
13.9724285714,14.4875757576
14.7958571429,14.6216176471
14.5527272727,13.5568181818
13.8701470588,14.2984848485
13.9718382353,
14.3809285714,
