feature6,feature3
14.28078125,14.2210294118
14.3367647059,14.2856617647
14.2527941176,14.1135714286
13.8175,15.1774264706
14.3805882353,14.6772727273
,14.2569852941
