feature6,feature3
112.172222222,115.157647059
112.368235294,110.343529412
112.831764706,112.130588235
112.683529412,112.466285714
111.134736842,110.387878788
109.375294118,112.728888889
