feature6,feature3
14.3305882353,14.7151470588
14.5077272727,14.2728787879
14.49,14.4697857143
15.0040909091,14.9507352941
15.0585294118,14.9458088235
14.6851428571,
