feature6,feature3
111.982352941,113.027878788
112.64969697,114.607272727
111.065882353,111.91882353
113.214117647,110.72117647
112.651428572,110.422857143
110.095294118,111.068235294
