feature6,feature3
15.1497058824,15.7525735294
14.5238709677,15.1490322581
15.5583333333,14.9977419355
14.95375,15.1184848485
14.5439393939,15.0148484848
15.2378571429,14.6942857143
