feature6,feature3
112.103030303,113.300606061
112.343030303,111.780571428
111.443636364,110.848
111.243636364,111.86117647
109.585454546,113.496969697
108.874117647,111.882285714
