feature6,feature3
0.442267064047,0.35701345005
0.408681829317,0.333403282868
0.296045439305,0.355597008952
0.312362050911,0.465761280382
0.453458115904,0.323024641701
0.321299810924,0.448298897697
