feature6,feature3
0.436033618862,0.339701394774
0.31580205074,0.355590884167
0.347684136471,0.3531379324
0.346329939592,0.323149136974
0.41557878584,0.316128448602
