feature6,feature3
14.2321794872,14.5027142857
14.7550641026,14.1182352941
14.5070192308,14.8603030303
14.7222727273,14.6218181818
13.9407575758,14.3282142857
14.6445454545,14.7665338844
