feature10,feature8
0.400707310606,0.371434848703
0.428664768351,0.315043603077
0.356083026851,0.419054919004
0.415206947763,0.344332618224
0.318643964907,0.316444598956
0.304605644292,0.315672236067
