feature6,feature3
14.6503125,14.3718571429
14.355,15.3602941176
14.9313235294,14.760530303
14.9595454545,14.80703125
15.1921212121,14.2604411765
14.326,15.08
