feature6,feature3
15.3857575758,14.525
14.5095588235,14.2045588235
14.6228125,14.9903030303
15.1055147059,14.2297857143
14.3762121212,15.3176470588
,14.1992647059
