feature6,feature3
14.4101515152,14.8885294118
14.5326380208,15.3251515152
14.4973529412,14.6631818182
15.3997142857,14.9300757576
14.398030303,14.7836029412
15.4061764706,15.2105147059
