feature6,feature3
0.34871800302,0.360733319914
0.423040439208,0.443581104017
0.438187716675,0.368699610092
0.428043032634,0.381540051505
0.310567345567,0.333235780692
0.428643255034,0.372535717274
