feature6,feature3
0.408741976504,0.318762537361
0.314921910872,0.416959612357
0.36590040111,0.374061875117
0.390219410124,0.337762171149
0.382949982633,0.330937443065
0.437389855725,0.326339472584
