feature6,feature3
0.311317428755,0.327678615533
0.331165236533,0.438674732053
0.337974990919,0.32195179299
0.331285973681,0.374143542375
0.368606584078,0.305856151087
0.309461752282,0.303066874379
