feature6,feature3
15.8360294118,15.4627941176
15.4257575758,15.0367647059
15.2421212121,15.4984848485
15.1832352941,15.48125
15.3530882353,14.9692424242
14.7721212121,15.0931428571
