feature6,feature3
0.405413024296,0.330297933482
0.310968104925,0.33242705286
0.324087838428,0.330388751192
0.439308756726,0.431901453618
0.481217668734,0.393904967827
0.433185801335,0.300486071937
