feature6,feature3
108.817647059,110.661818182
112.084705882,112.248484848
112.38117647,110.818181818
112.32,111.030588235
112.481212121,112.64
113.094545454,110.170588235
