feature6,feature3
14.3236363636,14.2740909091
14.7674242424,14.9577272727
14.1869117647,15.1821323529
14.6642647059,14.4583823529
14.3452941176,14.7118382353
14.4685,
