feature6,feature3
0.351552817441,0.34247972654
0.362870433518,0.353845923371
0.30465257915,0.32263601354
0.379392756524,0.348853286099
0.297727878366,0.443514470331
0.412448978667,0.314328738263
