feature6,feature3
0.35784744132,0.335170240743
0.338190987039,0.332125494934
0.413774315848,0.378118710935
0.311693279142,0.3398736958
0.338365333794,0.323435092668
0.316774604685,0.314479570703
