feature6,feature3
111.322352941,111.366857143
112.771764706,111.374545454
110.24117647,112.284848485
111.351764706,113.14
111.164848485,109.992222222
,113.484102564
