feature6,feature3
0.297913402246,0.394574175251
0.334479340097,0.421767855321
0.332768228771,0.263319407443
0.356979836044,0.290023440155
0.31094372325,0.294814611577
0.391142661511,0.41034723758
