feature6,feature3
111.504705882,112.33882353
109.41882353,111.098181818
109.850909091,110.647272727
111.535757576,111.608484848
112.269411765,114.183529412
111.36,110.016470588
