feature6,feature3
0.306213771277,0.465832689999
0.392758699101,0.357209029882
0.432689431387,0.364525870647
0.347703767686,0.370777012804
0.310252232468,0.422722146788
,0.424109690724
