feature6,feature3
115.968235294,113.797647059
109.844571428,113.241212121
113.74,113.470857143
113.456969697,111.163428572
114.54117647,114.78117647
,115.033142857
