feature6,feature3
109.671764706,114.059393939
109.94117647,111.715294118
110.485882353,112.476470588
111.876363636,111.410588235
111.785882353,111.995294118
114.128235294,112.804848485
